DateCreated,CumulativeStations
2011-07-06T17:46:00Z,1
2011-11-11T12:07:00Z,2
2011-11-11T12:07:00Z,3
2011-11-11T12:07:00Z,4
2012-05-01T20:38:00Z,5
2013-03-13T22:35:00Z,6
2013-03-13T22:39:00Z,7
2013-03-17T13:37:00Z,8
2013-03-22T13:14:00Z,9
2013-03-23T07:53:00Z,10
2013-03-23T07:59:00Z,11
2013-03-23T22:46:00Z,12
2013-03-28T09:30:00Z,13
2013-03-28T09:32:00Z,14
2013-03-28T09:34:00Z,15
2013-03-28T09:35:00Z,16
2013-03-28T09:36:00Z,17
2013-03-31T09:19:00Z,18
2013-03-31T09:21:00Z,19
2013-04-09T16:42:00Z,20
2013-05-12T09:46:00Z,21
2013-05-26T07:31:00Z,22
2013-05-26T07:38:00Z,23
2013-05-26T07:42:00Z,24
2013-05-29T00:57:00Z,25
2013-05-29T01:02:00Z,26
2013-05-29T01:07:00Z,27
2013-05-29T01:08:00Z,28
2013-05-29T01:10:00Z,29
2013-05-29T01:12:00Z,30
2013-06-23T07:12:00Z,31
2013-08-25T03:32:00Z,32
2014-09-27T20:41:00Z,33
2014-11-29T05:39:00Z,34
2014-12-11T06:04:00Z,35
2015-01-13T10:14:00Z,36
2015-01-28T11:43:00Z,37
2015-06-25T04:58:00Z,38
2015-06-25T05:35:00Z,39
2015-06-25T06:09:00Z,40
2015-06-25T06:12:00Z,41
2015-09-12T18:46:00Z,42
2015-10-07T19:30:00Z,43
2015-10-11T19:50:00Z,44
2016-01-09T00:02:00Z,45
2016-01-12T10:00:00Z,46
2016-01-25T00:16:00Z,47
2016-02-01T23:09:00Z,48
2016-03-03T12:28:00Z,49
2016-05-09T22:49:00Z,50
2016-05-09T22:49:00Z,51
2016-05-09T22:49:00Z,52
2016-05-09T22:49:00Z,53
2016-05-09T22:49:00Z,54
2016-05-09T22:49:00Z,55
2016-05-09T22:49:00Z,56
2016-05-09T22:49:00Z,57
2016-05-09T22:49:00Z,58
2016-05-09T22:49:00Z,59
2016-05-09T22:49:00Z,60
2016-05-09T23:15:00Z,61
2016-05-09T23:15:00Z,62
2016-07-01T22:20:00Z,63
2016-07-01T22:29:00Z,64
2016-07-02T08:55:00Z,65
2016-07-02T23:05:00Z,66
2016-10-03T02:55:00Z,67
2016-11-18T00:22:00Z,68
2016-12-02T12:15:00Z,69
2017-01-06T07:48:00Z,70
2017-01-26T21:17:00Z,71
2017-01-27T08:04:00Z,72
2017-01-29T16:21:00Z,73
2017-01-29T17:30:00Z,74
2017-01-30T13:07:00Z,75
2017-01-30T13:19:00Z,76
2017-01-30T13:33:00Z,77
2017-07-13T14:13:00Z,78
2017-08-09T07:07:00Z,79
2017-08-18T07:46:00Z,80
2017-09-27T19:23:00Z,81
2017-09-27T19:25:00Z,82
2017-09-27T19:28:00Z,83
2017-09-27T19:31:00Z,84
2017-10-05T05:31:00Z,85
2017-11-02T06:45:00Z,86
2018-01-12T04:48:00Z,87
2018-01-21T15:54:00Z,88
2018-02-18T01:10:00Z,89
2018-02-18T01:10:00Z,90
2018-02-18T01:10:00Z,91
2018-02-18T01:10:00Z,92
2018-02-18T01:10:00Z,93
2018-02-18T01:10:00Z,94
2018-02-18T01:10:00Z,95
2018-02-18T01:10:00Z,96
2018-02-18T01:10:00Z,97
2018-02-18T01:10:00Z,98
2018-02-18T13:52:00Z,99
2018-02-18T13:52:00Z,100
2018-02-18T13:52:00Z,101
2018-02-18T13:52:00Z,102
2018-02-18T13:52:00Z,103
2018-02-19T05:42:00Z,104
2018-02-19T21:18:00Z,105
2018-02-21T06:54:00Z,106
2018-02-23T00:17:00Z,107
2018-02-23T00:17:00Z,108
2018-02-23T00:17:00Z,109
2018-02-23T02:00:00Z,110
2018-02-23T07:01:00Z,111
2018-06-01T09:42:00Z,112
2018-06-01T10:05:00Z,113
2018-06-01T10:07:00Z,114
2018-06-01T10:12:00Z,115
2018-07-02T11:02:00Z,116
2018-07-11T10:36:00Z,117
2018-07-11T13:41:00Z,118
2018-07-11T13:43:00Z,119
2018-07-12T19:38:00Z,120
2018-08-09T11:51:00Z,121
2018-08-09T11:53:00Z,122
2018-08-09T11:56:00Z,123
2018-08-09T12:00:00Z,124
2018-08-09T12:02:00Z,125
2018-08-09T12:04:00Z,126
2018-08-09T12:07:00Z,127
2018-10-11T14:28:00Z,128
2018-12-23T02:15:00Z,129
2019-01-02T21:41:00Z,130
2019-01-02T21:55:00Z,131
2019-01-03T07:52:00Z,132
2019-01-09T06:03:00Z,133
2019-01-22T05:30:00Z,134
2019-02-12T14:28:00Z,135
2019-02-16T04:27:00Z,136
2019-04-05T09:51:00Z,137
2019-04-05T09:54:00Z,138
2019-04-26T01:55:00Z,139
2019-05-03T06:37:00Z,140
2019-05-13T11:58:00Z,141
2019-05-14T02:28:00Z,142
2019-05-15T06:58:00Z,143
2019-05-15T23:38:00Z,144
2019-05-16T05:28:00Z,145
2019-05-18T02:59:00Z,146
2019-06-17T16:38:00Z,147
2019-06-23T05:54:00Z,148
2019-06-23T05:55:00Z,149
2019-06-26T02:36:00Z,150
2019-06-26T07:31:00Z,151
2019-07-30T09:30:00Z,152
2019-07-30T09:31:00Z,153
2019-08-10T03:35:00Z,154
2019-08-30T06:35:00Z,155
2019-09-09T13:11:00Z,156
2019-09-09T13:25:00Z,157
2019-09-10T09:44:00Z,158
2019-09-14T04:36:00Z,159
2019-09-14T06:11:00Z,160
2019-09-14T10:31:00Z,161
2019-09-27T06:31:00Z,162
2019-09-27T06:37:00Z,163
2019-09-27T06:44:00Z,164
2019-09-30T05:56:00Z,165
2019-10-05T03:08:00Z,166
2019-10-12T05:49:00Z,167
2019-10-26T00:50:00Z,168
2019-11-11T06:27:00Z,169
2019-12-20T07:08:00Z,170
2019-12-20T07:19:00Z,171
2019-12-21T00:15:00Z,172
2020-01-23T12:52:00Z,173
2020-01-23T13:13:00Z,174
2020-01-24T04:44:00Z,175
2020-01-24T04:51:00Z,176
2020-01-24T05:21:00Z,177
2020-01-24T07:54:00Z,178
2020-01-24T08:00:00Z,179
2020-01-24T08:04:00Z,180
2020-01-25T09:10:00Z,181
2020-01-25T09:17:00Z,182
2020-01-25T09:50:00Z,183
2020-01-26T10:43:00Z,184
2020-02-01T03:06:00Z,185
2020-02-01T04:29:00Z,186
2020-02-04T05:12:00Z,187
2020-02-04T23:09:00Z,188
2020-02-06T01:56:00Z,189
2020-02-19T08:22:00Z,190
2020-02-21T00:35:00Z,191
2020-02-26T11:15:00Z,192
2020-02-27T05:43:00Z,193
2020-03-01T11:45:00Z,194
2020-03-06T06:53:00Z,195
2020-03-12T02:11:00Z,196
2020-03-12T06:53:00Z,197
2020-03-12T06:55:00Z,198
2020-03-15T01:59:00Z,199
2020-03-15T11:36:00Z,200
2020-04-02T07:07:00Z,201
2020-04-05T04:49:00Z,202
2020-04-05T08:55:00Z,203
2020-04-05T10:18:00Z,204
2020-04-09T05:43:00Z,205
2020-04-12T02:07:00Z,206
2020-04-12T02:40:00Z,207
2020-04-15T02:53:00Z,208
2020-04-15T04:25:00Z,209
2020-04-16T21:51:00Z,210
2020-04-16T22:00:00Z,211
2020-04-18T03:17:00Z,212
2020-04-18T04:24:00Z,213
2020-04-23T04:27:00Z,214
2020-04-26T05:26:00Z,215
2020-04-27T04:29:00Z,216
2020-05-02T07:45:00Z,217
2020-05-03T05:24:00Z,218
2020-05-04T07:33:00Z,219
2020-05-10T04:20:00Z,220
2020-05-10T04:37:00Z,221
2020-05-10T05:41:00Z,222
2020-05-10T06:12:00Z,223
2020-05-10T08:00:00Z,224
2020-05-10T09:08:00Z,225
2020-05-13T03:14:00Z,226
2020-05-13T03:35:00Z,227
2020-05-13T06:53:00Z,228
2020-05-13T07:32:00Z,229
2020-05-13T07:53:00Z,230
2020-05-14T02:57:00Z,231
2020-05-14T03:42:00Z,232
2020-05-16T03:39:00Z,233
2020-05-17T07:24:00Z,234
2020-05-17T07:30:00Z,235
2020-05-17T08:18:00Z,236
2020-05-17T08:22:00Z,237
2020-05-18T02:17:00Z,238
2020-05-19T06:26:00Z,239
2020-05-19T07:26:00Z,240
2020-05-20T04:13:00Z,241
2020-05-22T04:17:00Z,242
2020-05-23T07:40:00Z,243
2020-05-25T03:04:00Z,244
2020-05-25T03:28:00Z,245
2020-06-05T04:03:00Z,246
2020-06-05T05:00:00Z,247
2020-06-05T07:51:00Z,248
2020-06-05T07:57:00Z,249
2020-06-06T05:32:00Z,250
2020-06-06T23:54:00Z,251
2020-06-08T01:50:00Z,252
2020-06-08T03:28:00Z,253
2020-06-08T12:45:00Z,254
2020-06-13T23:54:00Z,255
2020-06-14T05:09:00Z,256
2020-06-14T09:56:00Z,257
2020-06-14T10:00:00Z,258
2020-06-14T10:05:00Z,259
2020-06-14T10:18:00Z,260
2020-06-14T10:26:00Z,261
2020-06-14T10:29:00Z,262
2020-06-15T08:57:00Z,263
2020-06-16T02:19:00Z,264
2020-06-18T09:53:00Z,265
2020-06-18T10:05:00Z,266
2020-06-19T01:05:00Z,267
2020-06-19T05:00:00Z,268
2020-06-19T05:07:00Z,269
2020-06-20T14:32:00Z,270
2020-06-26T07:02:00Z,271
2020-07-09T08:12:00Z,272
2020-07-10T00:03:00Z,273
2020-07-10T03:28:00Z,274
2020-07-20T01:42:00Z,275
2020-07-26T10:45:00Z,276
2020-07-26T11:45:00Z,277
2020-07-26T12:25:00Z,278
2020-07-26T13:39:00Z,279
2020-07-26T22:45:00Z,280
2020-07-26T22:48:00Z,281
2020-07-26T22:51:00Z,282
2020-07-26T23:18:00Z,283
2020-07-31T04:52:00Z,284
2020-08-16T09:54:00Z,285
2020-08-17T00:56:00Z,286
2020-08-18T02:23:00Z,287
2020-08-23T05:59:00Z,288
2020-08-25T08:14:00Z,289
2020-09-08T03:25:00Z,290
2020-09-28T12:33:00Z,291
2020-10-01T11:52:00Z,292
2020-10-01T23:38:00Z,293
2020-10-03T06:43:00Z,294
2020-10-03T07:38:00Z,295
2020-10-03T07:45:00Z,296
2020-10-05T09:39:00Z,297
2020-10-05T23:23:00Z,298
2020-10-07T10:10:00Z,299
2020-10-07T11:51:00Z,300
2020-10-17T11:50:00Z,301
2020-10-23T05:58:00Z,302
2020-10-27T09:07:00Z,303
2020-10-31T02:19:00Z,304
2020-11-09T13:54:00Z,305
2020-11-09T14:18:00Z,306
2020-11-09T14:33:00Z,307
2020-11-09T14:43:00Z,308
2020-11-11T06:20:00Z,309
2020-11-16T03:26:00Z,310
2020-11-17T03:58:00Z,311
2020-11-17T06:40:00Z,312
2020-11-17T08:48:00Z,313
2020-11-17T08:56:00Z,314
2020-11-17T09:05:00Z,315
2020-11-18T01:02:00Z,316
2020-11-23T04:18:00Z,317
2020-12-02T22:23:00Z,318
2020-12-03T11:16:00Z,319
2020-12-04T22:53:00Z,320
2020-12-04T23:13:00Z,321
2020-12-04T23:25:00Z,322
2020-12-08T21:01:00Z,323
2020-12-08T21:20:00Z,324
2020-12-08T21:40:00Z,325
2020-12-10T12:47:00Z,326
2020-12-12T08:14:00Z,327
2020-12-12T17:47:00Z,328
2020-12-15T14:48:00Z,329
2020-12-19T03:15:00Z,330
2020-12-22T06:35:00Z,331
2020-12-30T06:42:00Z,332
2020-12-30T09:36:00Z,333
2021-01-06T03:09:00Z,334
2021-01-07T08:40:00Z,335
2021-01-08T04:16:00Z,336
2021-01-08T04:30:00Z,337
2021-01-08T23:49:00Z,338
2021-01-13T06:30:00Z,339
2021-01-13T06:45:00Z,340
2021-01-20T06:44:00Z,341
2021-01-24T02:25:00Z,342
2021-01-24T02:27:00Z,343
2021-01-24T02:31:00Z,344
2021-01-24T16:55:00Z,345
2021-01-31T05:47:00Z,346
2021-01-31T06:22:00Z,347
2021-01-31T06:28:00Z,348
2021-01-31T06:42:00Z,349
2021-02-11T11:59:00Z,350
2021-02-12T06:14:00Z,351
2021-02-19T08:57:00Z,352
2021-02-19T09:01:00Z,353
2021-02-20T00:45:00Z,354
2021-02-20T00:51:00Z,355
2021-02-20T00:56:00Z,356
2021-02-22T04:07:00Z,357
2021-02-22T04:15:00Z,358
2021-02-22T04:25:00Z,359
2021-03-06T00:59:00Z,360
2021-03-24T15:35:00Z,361
2021-03-27T23:08:00Z,362
2021-04-02T00:52:00Z,363
2021-04-20T18:57:00Z,364
2021-04-29T03:26:00Z,365
2021-05-02T07:21:00Z,366
2021-05-08T02:35:00Z,367
2021-05-31T13:07:00Z,368
2021-06-06T10:25:00Z,369
2021-06-07T10:47:00Z,370
2021-06-17T21:26:00Z,371
2021-06-17T21:43:00Z,372
2021-06-29T10:07:00Z,373
2021-07-04T06:18:00Z,374
2021-07-29T12:32:00Z,375
2021-09-01T15:26:00Z,376
2021-09-02T09:51:00Z,377
2021-09-02T10:31:00Z,378
2021-09-19T20:11:00Z,379
2021-10-20T23:25:00Z,380
2021-10-20T23:50:00Z,381
2021-10-21T00:04:00Z,382
2021-10-21T00:16:00Z,383
2021-11-01T06:26:00Z,384
2021-11-01T06:29:00Z,385
2021-11-01T06:32:00Z,386
2021-11-01T06:34:00Z,387
2021-11-01T06:37:00Z,388
2021-11-01T06:40:00Z,389
2021-11-01T06:42:00Z,390
2021-11-01T06:45:00Z,391
2021-11-08T21:50:00Z,392
2021-11-13T16:14:00Z,393
2021-11-13T16:22:00Z,394
2021-11-14T07:09:00Z,395
2021-11-14T07:23:00Z,396
2021-11-14T07:36:00Z,397
2021-11-14T09:39:00Z,398
2021-11-14T10:35:00Z,399
2021-11-15T18:02:00Z,400
2021-11-16T00:00:00Z,401
2021-11-16T04:34:00Z,402
2021-11-16T04:40:00Z,403
2021-11-16T10:05:00Z,404
2021-11-16T10:15:00Z,405
2021-11-16T10:22:00Z,406
2021-11-17T12:26:00Z,407
2021-11-18T12:28:00Z,408
2021-11-23T09:44:00Z,409
2021-11-25T08:03:00Z,410
2021-11-25T08:37:00Z,411
2021-11-27T01:29:00Z,412
2021-11-27T01:48:00Z,413
2021-11-27T01:53:00Z,414
2021-11-27T02:02:00Z,415
2021-11-27T02:10:00Z,416
2021-11-27T02:22:00Z,417
2021-11-27T02:37:00Z,418
2021-11-27T02:41:00Z,419
2021-11-27T04:39:00Z,420
2021-11-27T06:51:00Z,421
2021-11-27T07:03:00Z,422
2021-11-27T07:11:00Z,423
2021-11-27T07:18:00Z,424
2021-11-27T07:24:00Z,425
2021-11-27T07:29:00Z,426
2021-11-27T07:35:00Z,427
2021-11-27T07:39:00Z,428
2021-11-27T07:48:00Z,429
2021-11-27T08:13:00Z,430
2021-11-27T08:17:00Z,431
2021-11-27T09:44:00Z,432
2021-11-27T10:23:00Z,433
2021-11-27T10:27:00Z,434
2021-11-27T10:29:00Z,435
2021-11-27T10:32:00Z,436
2021-11-27T15:00:00Z,437
2021-11-27T15:09:00Z,438
2021-11-27T15:18:00Z,439
2021-11-27T15:24:00Z,440
2021-11-27T15:32:00Z,441
2021-11-27T15:38:00Z,442
2021-11-27T15:49:00Z,443
2021-11-27T15:53:00Z,444
2021-11-27T16:01:00Z,445
2021-11-27T16:10:00Z,446
2021-11-27T16:13:00Z,447
2021-11-27T16:21:00Z,448
2021-11-27T16:30:00Z,449
2021-11-27T16:35:00Z,450
2021-11-27T16:40:00Z,451
2021-11-27T16:44:00Z,452
2021-11-27T16:48:00Z,453
2021-11-27T16:51:00Z,454
2021-11-27T16:56:00Z,455
2021-11-27T17:01:00Z,456
2021-11-27T17:03:00Z,457
2021-11-27T17:07:00Z,458
2021-11-27T17:11:00Z,459
2021-11-27T17:18:00Z,460
2021-11-28T05:20:00Z,461
2021-11-28T15:04:00Z,462
2021-11-29T12:46:00Z,463
2021-12-01T00:20:00Z,464
2021-12-01T00:33:00Z,465
2021-12-01T04:33:00Z,466
2021-12-01T04:55:00Z,467
2021-12-01T06:41:00Z,468
2021-12-01T12:45:00Z,469
2021-12-01T12:48:00Z,470
2021-12-01T13:07:00Z,471
2021-12-01T13:15:00Z,472
2021-12-01T13:24:00Z,473
2021-12-01T14:30:00Z,474
2021-12-02T07:39:00Z,475
2021-12-03T04:57:00Z,476
2021-12-04T05:14:00Z,477
2021-12-04T05:20:00Z,478
2021-12-04T05:42:00Z,479
2021-12-04T05:45:00Z,480
2021-12-04T05:48:00Z,481
2021-12-04T06:01:00Z,482
2021-12-04T06:08:00Z,483
2021-12-04T06:10:00Z,484
2021-12-04T06:15:00Z,485
2021-12-04T06:19:00Z,486
2021-12-04T19:34:00Z,487
2021-12-04T19:48:00Z,488
2021-12-04T19:57:00Z,489
2021-12-04T20:09:00Z,490
2021-12-05T01:45:00Z,491
2021-12-05T19:33:00Z,492
2021-12-08T12:58:00Z,493
2021-12-08T13:06:00Z,494
2021-12-08T13:25:00Z,495
2021-12-08T13:32:00Z,496
2021-12-08T13:35:00Z,497
2021-12-08T13:38:00Z,498
2021-12-08T13:40:00Z,499
2021-12-08T13:44:00Z,500
2021-12-08T13:52:00Z,501
2021-12-08T13:57:00Z,502
2021-12-08T14:01:00Z,503
2021-12-08T14:02:00Z,504
2021-12-08T14:04:00Z,505
2021-12-08T14:07:00Z,506
2021-12-08T14:11:00Z,507
2021-12-08T14:14:00Z,508
2021-12-09T02:37:00Z,509
2021-12-09T02:54:00Z,510
2021-12-09T03:00:00Z,511
2021-12-09T03:03:00Z,512
2021-12-09T03:16:00Z,513
2021-12-09T03:24:00Z,514
2021-12-09T04:03:00Z,515
2021-12-09T04:12:00Z,516
2021-12-09T04:16:00Z,517
2021-12-09T04:30:00Z,518
2021-12-09T04:37:00Z,519
2021-12-09T04:41:00Z,520
2021-12-09T05:04:00Z,521
2021-12-10T10:26:00Z,522
2021-12-10T18:30:00Z,523
2021-12-10T22:12:00Z,524
2021-12-11T02:01:00Z,525
2021-12-11T10:07:00Z,526
2021-12-15T05:33:00Z,527
2021-12-16T16:57:00Z,528
2021-12-16T17:02:00Z,529
2021-12-16T17:19:00Z,530
2021-12-16T17:24:00Z,531
2021-12-17T02:36:00Z,532
2021-12-17T02:46:00Z,533
2021-12-17T02:49:00Z,534
2021-12-17T03:08:00Z,535
2021-12-17T03:29:00Z,536
2021-12-17T03:37:00Z,537
2021-12-17T03:39:00Z,538
2021-12-17T03:45:00Z,539
2021-12-17T04:02:00Z,540
2021-12-17T04:11:00Z,541
2021-12-19T02:34:00Z,542
2021-12-20T03:09:00Z,543
2021-12-23T23:01:00Z,544
2021-12-27T06:12:00Z,545
2021-12-28T03:50:00Z,546
2021-12-28T21:26:00Z,547
2021-12-29T23:50:00Z,548
2022-01-01T11:01:00Z,549
2022-01-03T13:51:00Z,550
2022-01-04T06:19:00Z,551
2022-01-14T17:29:00Z,552
2022-01-14T20:03:00Z,553
2022-01-15T03:38:00Z,554
2022-01-16T05:07:00Z,555
2022-01-16T05:50:00Z,556
2022-01-19T23:03:00Z,557
2022-01-19T23:15:00Z,558
2022-01-23T04:49:00Z,559
2022-01-23T04:53:00Z,560
2022-01-23T04:57:00Z,561
2022-01-23T05:05:00Z,562
2022-01-23T05:07:00Z,563
2022-01-23T05:11:00Z,564
2022-01-24T01:57:00Z,565
2022-01-24T13:02:00Z,566
2022-01-27T02:20:00Z,567
2022-02-02T13:06:00Z,568
2022-02-03T04:09:00Z,569
2022-02-08T04:10:00Z,570
2022-02-10T03:48:00Z,571
2022-02-15T03:12:00Z,572
2022-02-24T16:59:00Z,573
2022-02-24T17:02:00Z,574
2022-02-27T14:17:00Z,575
2022-03-06T00:57:00Z,576
2022-03-06T01:09:00Z,577
2022-03-06T01:19:00Z,578
2022-03-06T01:26:00Z,579
2022-03-06T01:33:00Z,580
2022-03-06T01:37:00Z,581
2022-03-06T01:42:00Z,582
2022-03-06T01:51:00Z,583
2022-03-06T01:58:00Z,584
2022-03-06T04:47:00Z,585
2022-03-06T05:01:00Z,586
2022-03-06T05:06:00Z,587
2022-03-06T05:27:00Z,588
2022-03-06T05:34:00Z,589
2022-03-06T05:40:00Z,590
2022-03-06T05:44:00Z,591
2022-03-06T05:49:00Z,592
2022-03-06T05:53:00Z,593
2022-03-06T05:56:00Z,594
2022-03-06T06:03:00Z,595
2022-03-06T06:31:00Z,596
2022-03-08T07:22:00Z,597
2022-03-10T11:57:00Z,598
2022-03-10T12:01:00Z,599
2022-03-10T12:04:00Z,600
2022-03-10T12:05:00Z,601
2022-03-10T12:07:00Z,602
2022-03-10T12:09:00Z,603
2022-03-10T12:13:00Z,604
2022-03-11T11:33:00Z,605
2022-04-01T01:06:00Z,606
2022-04-23T04:30:00Z,607
2022-04-28T11:34:00Z,608
2022-05-04T23:25:00Z,609
2022-05-05T06:56:00Z,610
2022-05-06T00:30:00Z,611
2022-05-13T16:30:00Z,612
2022-06-06T06:32:00Z,613
2022-06-07T07:49:00Z,614
2022-06-07T07:57:00Z,615
2022-06-07T08:01:00Z,616
2022-06-27T17:31:00Z,617
2022-07-01T02:21:00Z,618
2022-07-03T01:54:00Z,619
2022-07-06T12:42:00Z,620
2022-07-06T12:49:00Z,621
2022-07-08T04:30:00Z,622
2022-07-13T03:57:00Z,623
2022-07-29T13:47:00Z,624
2022-08-05T19:18:00Z,625
2022-08-05T19:24:00Z,626
2022-08-14T12:07:00Z,627
2022-09-02T08:16:00Z,628
2022-09-02T08:24:00Z,629
2022-09-02T08:30:00Z,630
2022-09-02T08:35:00Z,631
2022-09-02T08:40:00Z,632
2022-09-04T12:12:00Z,633
2022-09-07T06:20:00Z,634
2022-09-07T06:33:00Z,635
2022-09-07T06:45:00Z,636
2022-09-07T06:50:00Z,637
2022-09-07T06:56:00Z,638
2022-09-07T07:03:00Z,639
2022-09-07T07:10:00Z,640
2022-09-07T07:13:00Z,641
2022-09-07T07:17:00Z,642
2022-09-07T07:20:00Z,643
2022-09-07T07:23:00Z,644
2022-09-07T07:26:00Z,645
2022-09-07T07:29:00Z,646
2022-09-07T07:33:00Z,647
2022-09-07T07:54:00Z,648
2022-09-07T08:13:00Z,649
2022-09-07T08:15:00Z,650
2022-09-07T08:18:00Z,651
2022-09-07T12:06:00Z,652
2022-09-07T12:10:00Z,653
2022-09-07T12:13:00Z,654
2022-09-07T12:16:00Z,655
2022-09-15T10:46:00Z,656
2022-09-27T05:19:00Z,657
2022-09-28T00:25:00Z,658
2022-09-28T21:32:00Z,659
2022-10-13T02:38:00Z,660
2022-11-02T04:45:00Z,661
2022-11-16T04:19:00Z,662
2022-11-16T05:51:00Z,663
2022-11-21T03:56:00Z,664
2022-11-21T03:59:00Z,665
2022-11-21T04:01:00Z,666
2022-11-21T04:04:00Z,667
2022-12-01T06:26:00Z,668
2022-12-01T06:34:00Z,669
2022-12-01T08:36:00Z,670
2022-12-01T09:21:00Z,671
2022-12-02T00:25:00Z,672
2022-12-08T09:03:00Z,673
2022-12-10T07:50:00Z,674
2022-12-17T21:55:00Z,675
2022-12-17T23:06:00Z,676
2022-12-17T23:16:00Z,677
2022-12-17T23:20:00Z,678
2022-12-17T23:25:00Z,679
2022-12-17T23:28:00Z,680
2022-12-17T23:31:00Z,681
2022-12-17T23:36:00Z,682
2022-12-17T23:43:00Z,683
2022-12-17T23:52:00Z,684
2022-12-17T23:57:00Z,685
2022-12-18T00:04:00Z,686
2022-12-18T00:10:00Z,687
2022-12-18T00:26:00Z,688
2022-12-18T00:38:00Z,689
2022-12-18T00:43:00Z,690
2022-12-18T00:47:00Z,691
2022-12-18T00:54:00Z,692
2022-12-18T01:31:00Z,693
2022-12-18T01:39:00Z,694
2022-12-18T01:43:00Z,695
2022-12-18T01:52:00Z,696
2022-12-18T01:57:00Z,697
2022-12-18T02:02:00Z,698
2022-12-18T02:06:00Z,699
2022-12-18T02:10:00Z,700
2022-12-18T02:13:00Z,701
2022-12-18T02:16:00Z,702
2022-12-18T02:20:00Z,703
2022-12-18T02:27:00Z,704
2022-12-18T02:31:00Z,705
2022-12-18T02:35:00Z,706
2022-12-18T02:42:00Z,707
2022-12-18T02:55:00Z,708
2022-12-19T04:17:00Z,709
2022-12-19T04:18:00Z,710
2022-12-19T04:19:00Z,711
2022-12-19T22:27:00Z,712
2022-12-19T22:31:00Z,713
2022-12-19T22:37:00Z,714
2022-12-21T01:53:00Z,715
2022-12-21T06:03:00Z,716
2022-12-21T06:20:00Z,717
2022-12-21T06:39:00Z,718
2022-12-21T06:48:00Z,719
2022-12-21T06:54:00Z,720
2022-12-21T06:57:00Z,721
2022-12-21T07:04:00Z,722
2022-12-21T07:07:00Z,723
2022-12-21T07:09:00Z,724
2022-12-22T06:06:00Z,725
2022-12-22T22:01:00Z,726
2022-12-22T22:04:00Z,727
2022-12-22T22:09:00Z,728
2022-12-22T22:12:00Z,729
2022-12-22T22:17:00Z,730
2022-12-22T22:21:00Z,731
2022-12-22T22:28:00Z,732
2022-12-22T22:39:00Z,733
2022-12-22T22:55:00Z,734
2022-12-22T23:05:00Z,735
2022-12-22T23:11:00Z,736
2022-12-22T23:15:00Z,737
2022-12-22T23:23:00Z,738
2022-12-22T23:26:00Z,739
2022-12-22T23:46:00Z,740
2022-12-23T01:32:00Z,741
2022-12-23T01:42:00Z,742
2022-12-23T20:28:00Z,743
2022-12-23T20:32:00Z,744
2022-12-23T20:39:00Z,745
2022-12-23T20:42:00Z,746
2022-12-23T20:52:00Z,747
2022-12-23T21:05:00Z,748
2022-12-23T21:20:00Z,749
2022-12-23T21:23:00Z,750
2022-12-24T01:20:00Z,751
2022-12-24T21:04:00Z,752
2022-12-24T21:13:00Z,753
2022-12-29T09:23:00Z,754
2023-01-22T03:35:00Z,755
2023-02-03T23:23:00Z,756
2023-02-04T03:39:00Z,757
2023-02-05T01:00:00Z,758
2023-02-08T15:46:00Z,759
2023-02-14T01:48:00Z,760
2023-02-18T08:33:00Z,761
2023-02-20T16:07:00Z,762
2023-02-20T16:14:00Z,763
2023-02-20T16:38:00Z,764
2023-02-20T17:04:00Z,765
2023-02-20T17:20:00Z,766
2023-03-01T23:46:00Z,767
2023-03-01T23:49:00Z,768
2023-03-01T23:52:00Z,769
2023-03-05T04:56:00Z,770
2023-03-18T14:30:00Z,771
2023-03-22T23:26:00Z,772
2023-03-23T02:53:00Z,773
2023-04-05T20:30:00Z,774
2023-04-08T05:30:00Z,775
2023-04-08T05:37:00Z,776
2023-04-08T05:43:00Z,777
2023-04-10T12:04:00Z,778
2023-04-12T01:24:00Z,779
2023-04-14T01:06:00Z,780
2023-04-18T04:06:00Z,781
2023-04-18T08:08:00Z,782
2023-04-22T23:12:00Z,783
2023-04-24T08:39:00Z,784
2023-04-26T10:34:00Z,785
2023-04-29T20:43:00Z,786
2023-05-05T23:35:00Z,787
2023-05-09T08:45:00Z,788
2023-05-16T23:59:00Z,789
2023-05-26T13:09:00Z,790
2023-05-30T11:51:00Z,791
2023-06-01T08:07:00Z,792
2023-06-04T14:58:00Z,793
2023-06-05T10:18:00Z,794
2023-06-05T10:52:00Z,795
2023-06-05T11:00:00Z,796
2023-06-06T11:16:00Z,797
2023-06-06T11:34:00Z,798
2023-06-07T14:13:00Z,799
2023-06-08T12:43:00Z,800
2023-06-14T11:33:00Z,801
2023-06-18T08:34:00Z,802
2023-06-21T07:01:00Z,803
2023-06-21T07:32:00Z,804
2023-06-26T03:16:00Z,805
2023-06-26T10:52:00Z,806
2023-06-27T05:48:00Z,807
2023-06-27T22:27:00Z,808
2023-06-29T06:26:00Z,809
2023-06-30T17:31:00Z,810
2023-07-05T12:19:00Z,811
2023-07-06T13:42:00Z,812
2023-07-06T13:53:00Z,813
2023-07-06T13:56:00Z,814
2023-07-06T13:59:00Z,815
2023-07-06T23:14:00Z,816
2023-07-06T23:21:00Z,817
2023-07-06T23:26:00Z,818
2023-07-07T06:57:00Z,819
2023-07-07T07:01:00Z,820
2023-07-07T07:06:00Z,821
2023-07-07T07:11:00Z,822
2023-07-07T12:03:00Z,823
2023-07-07T13:00:00Z,824
2023-07-07T13:07:00Z,825
2023-07-08T09:48:00Z,826
2023-07-08T10:07:00Z,827
2023-07-08T10:32:00Z,828
2023-07-08T10:40:00Z,829
2023-07-08T10:45:00Z,830
2023-07-08T10:47:00Z,831
2023-07-08T10:49:00Z,832
2023-07-08T10:53:00Z,833
2023-07-08T10:56:00Z,834
2023-07-08T11:12:00Z,835
2023-07-08T11:14:00Z,836
2023-07-08T12:41:00Z,837
2023-07-08T15:04:00Z,838
2023-07-08T15:07:00Z,839
2023-07-08T15:10:00Z,840
2023-07-08T15:13:00Z,841
2023-07-08T15:15:00Z,842
2023-07-08T15:17:00Z,843
2023-07-12T14:18:00Z,844
2023-07-12T21:47:00Z,845
2023-07-12T21:55:00Z,846
2023-07-12T22:33:00Z,847
2023-07-12T23:06:00Z,848
2023-07-12T23:09:00Z,849
2023-07-12T23:13:00Z,850
2023-07-13T07:30:00Z,851
2023-07-13T07:35:00Z,852
2023-07-13T07:39:00Z,853
2023-07-13T07:43:00Z,854
2023-07-13T07:50:00Z,855
2023-07-13T07:59:00Z,856
2023-07-13T11:30:00Z,857
2023-07-14T05:53:00Z,858
2023-07-14T05:55:00Z,859
2023-07-14T05:57:00Z,860
2023-07-14T05:59:00Z,861
2023-07-14T06:03:00Z,862
2023-07-14T06:05:00Z,863
2023-07-14T06:08:00Z,864
2023-07-14T07:25:00Z,865
2023-07-14T07:26:00Z,866
2023-07-14T07:37:00Z,867
2023-07-14T13:41:00Z,868
2023-07-14T13:46:00Z,869
2023-07-14T13:49:00Z,870
2023-07-14T13:52:00Z,871
2023-07-14T13:54:00Z,872
2023-07-14T13:57:00Z,873
2023-07-14T13:59:00Z,874
2023-07-14T14:12:00Z,875
2023-07-14T14:14:00Z,876
2023-07-14T14:16:00Z,877
2023-07-14T14:20:00Z,878
2023-07-14T14:24:00Z,879
2023-07-14T14:26:00Z,880
2023-07-14T14:34:00Z,881
2023-07-15T02:19:00Z,882
2023-07-15T06:22:00Z,883
2023-07-15T06:46:00Z,884
2023-07-15T06:49:00Z,885
2023-07-15T06:53:00Z,886
2023-07-15T06:54:00Z,887
2023-07-15T06:56:00Z,888
2023-07-15T06:59:00Z,889
2023-07-15T07:03:00Z,890
2023-07-15T07:05:00Z,891
2023-07-15T07:12:00Z,892
2023-07-15T07:15:00Z,893
2023-07-15T07:25:00Z,894
2023-07-15T07:29:00Z,895
2023-07-15T07:35:00Z,896
2023-07-15T07:52:00Z,897
2023-07-15T07:56:00Z,898
2023-07-15T07:59:00Z,899
2023-07-15T08:58:00Z,900
2023-07-15T09:01:00Z,901
2023-07-15T09:04:00Z,902
2023-07-15T09:08:00Z,903
2023-07-15T09:11:00Z,904
2023-07-15T09:21:00Z,905
2023-07-15T09:24:00Z,906
2023-07-15T11:52:00Z,907
2023-07-15T11:57:00Z,908
2023-07-15T12:00:00Z,909
2023-07-15T12:06:00Z,910
2023-07-15T12:09:00Z,911
2023-07-15T12:12:00Z,912
2023-07-15T12:14:00Z,913
2023-07-15T12:17:00Z,914
2023-07-15T12:20:00Z,915
2023-07-15T12:24:00Z,916
2023-07-15T12:27:00Z,917
2023-07-15T13:24:00Z,918
2023-07-15T13:31:00Z,919
2023-07-15T13:39:00Z,920
2023-07-15T13:50:00Z,921
2023-07-15T13:52:00Z,922
2023-07-15T13:57:00Z,923
2023-07-15T13:59:00Z,924
2023-07-16T05:17:00Z,925
2023-07-16T06:18:00Z,926
2023-07-16T06:32:00Z,927
2023-07-16T12:33:00Z,928
2023-07-16T12:38:00Z,929
2023-07-16T12:41:00Z,930
2023-07-16T12:44:00Z,931
2023-07-16T12:49:00Z,932
2023-07-16T12:52:00Z,933
2023-07-16T12:54:00Z,934
2023-07-16T21:55:00Z,935
2023-07-16T21:58:00Z,936
2023-07-16T22:00:00Z,937
2023-07-16T22:02:00Z,938
2023-07-16T22:04:00Z,939
2023-07-16T22:06:00Z,940
2023-07-16T23:05:00Z,941
2023-07-16T23:09:00Z,942
2023-07-17T00:33:00Z,943
2023-07-17T06:46:00Z,944
2023-07-17T06:52:00Z,945
2023-07-17T06:54:00Z,946
2023-07-17T11:22:00Z,947
2023-07-17T12:19:00Z,948
2023-07-17T12:37:00Z,949
2023-07-17T12:39:00Z,950
2023-07-17T12:45:00Z,951
2023-07-17T12:51:00Z,952
2023-07-17T13:39:00Z,953
2023-07-19T13:03:00Z,954
2023-07-21T01:49:00Z,955
2023-07-25T10:37:00Z,956
2023-07-28T08:17:00Z,957
2023-07-28T08:24:00Z,958
2023-07-28T17:47:00Z,959
2023-07-29T09:44:00Z,960
2023-07-29T09:51:00Z,961
2023-07-29T09:57:00Z,962
2023-07-29T09:59:00Z,963
2023-07-29T10:02:00Z,964
2023-07-29T10:05:00Z,965
2023-07-29T10:08:00Z,966
2023-07-29T10:13:00Z,967
2023-07-29T10:22:00Z,968
2023-07-30T04:18:00Z,969
2023-07-30T05:33:00Z,970
2023-08-04T06:02:00Z,971
2023-08-04T22:53:00Z,972
2023-08-06T04:49:00Z,973
2023-08-08T00:02:00Z,974
2023-08-08T00:03:00Z,975
2023-08-09T11:24:00Z,976
2023-08-09T11:32:00Z,977
2023-08-09T11:35:00Z,978
2023-08-09T12:02:00Z,979
2023-08-09T12:08:00Z,980
2023-08-09T12:12:00Z,981
2023-08-09T12:14:00Z,982
2023-08-09T12:27:00Z,983
2023-08-09T12:33:00Z,984
2023-08-09T12:40:00Z,985
2023-08-09T12:45:00Z,986
2023-08-09T12:50:00Z,987
2023-08-09T12:52:00Z,988
2023-08-12T07:52:00Z,989
2023-08-13T07:47:00Z,990
2023-08-16T11:02:00Z,991
2023-08-16T11:04:00Z,992
2023-08-23T00:56:00Z,993
2023-08-23T12:16:00Z,994
2023-08-23T12:20:00Z,995
2023-08-23T12:21:00Z,996
2023-08-23T12:22:00Z,997
2023-08-23T23:37:00Z,998
2023-08-23T23:50:00Z,999
2023-08-23T23:59:00Z,1000
2023-08-25T10:56:00Z,1001
2023-08-25T11:02:00Z,1002
2023-08-27T13:25:00Z,1003
2023-08-29T23:58:00Z,1004
2023-08-31T11:09:00Z,1005
2023-08-31T11:13:00Z,1006
2023-08-31T12:04:00Z,1007
2023-08-31T12:09:00Z,1008
2023-08-31T12:10:00Z,1009
2023-08-31T12:12:00Z,1010
2023-09-01T07:29:00Z,1011
2023-09-01T11:09:00Z,1012
2023-09-02T04:01:00Z,1013
2023-09-03T06:44:00Z,1014
2023-09-04T13:12:00Z,1015
2023-09-07T05:51:00Z,1016
2023-09-07T09:30:00Z,1017
2023-09-07T09:36:00Z,1018
2023-09-08T03:19:00Z,1019
2023-09-08T03:22:00Z,1020
2023-09-09T22:23:00Z,1021
2023-09-10T10:40:00Z,1022
2023-09-11T14:18:00Z,1023
2023-09-14T06:39:00Z,1024
2023-09-15T15:41:00Z,1025
2023-09-15T23:56:00Z,1026
2023-09-18T14:17:00Z,1027
2023-09-19T06:24:00Z,1028
2023-09-24T07:47:00Z,1029
2023-09-30T02:26:00Z,1030
2023-10-01T05:34:00Z,1031
2023-10-02T13:05:00Z,1032
2023-10-05T08:51:00Z,1033
2023-10-07T11:11:00Z,1034
2023-10-09T22:14:00Z,1035
2023-10-09T22:20:00Z,1036
2023-10-14T04:02:00Z,1037
2023-10-14T04:11:00Z,1038
2023-10-15T11:10:00Z,1039
2023-10-15T11:34:00Z,1040
2023-10-18T15:32:00Z,1041
2023-10-18T16:02:00Z,1042
2023-11-17T02:47:00Z,1043
2023-11-17T02:51:00Z,1044
2023-11-17T09:35:00Z,1045
2023-11-17T09:38:00Z,1046
2023-11-21T12:54:00Z,1047
2023-11-21T14:56:00Z,1048
2023-11-22T00:46:00Z,1049
2023-11-22T15:42:00Z,1050
2023-11-25T10:22:00Z,1051
2023-11-26T08:42:00Z,1052
2023-11-29T11:16:00Z,1053
2023-12-01T12:30:00Z,1054
2023-12-01T23:46:00Z,1055
2023-12-02T03:44:00Z,1056
2023-12-17T10:01:00Z,1057
2023-12-20T09:15:00Z,1058
2023-12-26T16:03:00Z,1059
2023-12-29T04:45:00Z,1060
2023-12-30T23:34:00Z,1061
2024-01-06T02:10:00Z,1062
2024-01-06T04:44:00Z,1063
2024-01-17T07:06:00Z,1064
2024-01-17T07:11:00Z,1065
2024-01-17T07:18:00Z,1066
2024-01-17T18:48:00Z,1067
2024-02-06T12:41:00Z,1068
