Name,Latitude,Longitude,TotalConnections,AveragePowerOutput,DateCreated
City of Adelaide EV Hub,-34.9275656868653,138.5951846838,4,43.0,2018-02-18T01:10:00Z
Summit Health Centre,-35.0812612,138.8692225,1,7.0,2018-02-18T01:10:00Z
Town Centre,-35.5538980228341,138.621958494186,1,7.0,2018-02-18T01:10:00Z
Goolwa Visitor Centre,-35.502923987621,138.784103393555,1,7.0,2018-02-18T01:10:00Z
Normanville Town Centre,-35.44700132829,138.318842053413,1,7.0,2018-02-18T01:10:00Z
Strathalbyn Visitor Information Centre,-35.2611352649743,138.891831636429,1,7.0,2018-02-18T01:10:00Z
Barker Reserve,-35.5576774380052,138.612383008003,1,7.0,2018-02-18T01:10:00Z
Adelaide Hills Business Centre,-34.9494963805521,138.87688100338,1,7.0,2018-02-18T01:10:00Z
Gawler Visitor Information Centre,-34.5964807070339,138.749830126762,1,6.6,2018-02-18T01:10:00Z
Office Building car park,-34.9782827782779,138.573560714722,1,6.6,2018-02-18T01:10:00Z
Burnside Shopping Centre,-34.9423509694796,138.641946315765,2,6.3,2018-02-18T13:52:00Z
Penneshaw Kangaroo Island,-35.7182945532347,137.938553094864,1,6.6,2018-02-18T13:52:00Z
Kingscote Kangaroo Island,-35.655587624348,137.638199329376,1,6.6,2018-02-18T13:52:00Z
Parndana Kangaroo Island,-35.7913961145384,137.263805866241,1,6.6,2018-02-18T13:52:00Z
Gawler Council Administration Centre,-34.597536084816,138.750350475311,1,6.6,2018-02-18T13:52:00Z
Fleurieu Automotive,-35.5579131000237,138.600490093231,1,0,2018-02-19T05:42:00Z
UPark on Grote Street,-34.9282342045162,138.596016168594,1,3.6,2018-02-19T21:18:00Z
Summit Community Centre,-34.9237435964961,138.72494995594,1,7.0,2018-02-21T06:54:00Z
Unley Nissan,-34.9561487480727,138.60754430294,1,6.6,2018-02-23T00:17:00Z
Organic Market and Cafe,-35.0055123951571,138.716045022011,2,6.6,2018-02-23T00:17:00Z
Tea Tree Plaza Transport Interchange Car Park,-34.8311586377413,138.695129156113,1,6.6,2018-02-23T00:17:00Z
Adelaide Airport Terminal Car Park,-34.9377511939248,138.536149263382,2,7.0,2018-02-23T02:00:00Z
Broadway Supercharger,-33.882995,151.194332,1,120.0,2018-02-23T07:01:00Z
Cooroy Station,-26.4178079482267,152.911369371053,3,40.666666666666664,2018-06-01T09:42:00Z
Maryborough QESH,-25.5395639,152.6987293,3,40.666666666666664,2018-06-01T10:05:00Z
Childers QESH,-25.235051698123705,152.27907294299166,3,40.666666666666664,2018-06-01T10:07:00Z
Miriam Vale QESH,-24.327315454004623,151.56053269510653,3,40.666666666666664,2018-06-01T10:12:00Z
Charles Darwin University - Car Park Orange C,-12.374576,130.869764,3,9.333333333333334,2018-07-02T11:02:00Z
Warmun Roadhouse,-17.017009491078326,128.21695086556724,1,22.0,2018-07-11T10:36:00Z
Kununurra Agricultural Show Grounds,-15.771180096780398,128.73165995397676,1,22.0,2018-07-11T13:41:00Z
Fitzroy Crossing BP Roadhouse,-18.196713,125.5629255,1,22.0,2018-07-11T13:43:00Z
Kimberley Entrance Caravan Park,-17.3073017,123.6264617,1,22.0,2018-07-12T19:38:00Z
Adelaide Central Market,-34.9298933132088,138.597212856214,1,22.0,2018-08-09T11:51:00Z
"Rundle UPark, Adelaide",-34.9229265290754,138.605967586439,1,22.0,2018-08-09T11:53:00Z
"Hindmarsh Square, Adelaide",-34.9244219745177,138.604937618177,1,22.0,2018-08-09T11:56:00Z
"Wyatt UPark, Adelaide",-34.9250025518746,138.604250972669,1,22.0,2018-08-09T12:00:00Z
"Light Square, Adelaide",-34.9255343,138.5946563,1,22.0,2018-08-09T12:02:00Z
"Topham UPark, Adelaide",-34.9255831251237,138.597405975263,1,22.0,2018-08-09T12:04:00Z
"Jerningham Street, North Adelaide",-34.9074752234107,138.605518610603,1,22.0,2018-08-09T12:07:00Z
Narooma Supercharger,-36.223136,150.128346,1,120.0,2018-10-11T14:28:00Z
Tamworth Supercharger,-31.1016479615861,150.9173432295,1,120.0,2018-12-23T02:15:00Z
Gold Coast Supercharger,-28.035361,153.427306,1,120.0,2019-01-02T21:41:00Z
Canberra Supercharger,-35.294304,149.190322,1,120.0,2019-01-02T21:55:00Z
Maroochydore Supercharger,-26.654159,153.087171,1,120.0,2019-01-03T07:52:00Z
Murray Bridge Visitor Information Centre,-35.1203280440309,139.276326843254,1,22.0,2019-01-09T06:03:00Z
Sea Gypsy Boutique Cafe,-24.7635262364691,152.406376500262,2,50.0,2019-01-22T05:30:00Z
Albany Highway,-32.01768180025333,115.93733402246494,0,0,2019-02-12T14:28:00Z
North Shore Hamilton Station [QLD Electric Superhighway],-27.4443374840838,153.083977603349,5,44.4,2019-02-16T04:27:00Z
Dubbo Supercharger [Tesla],-32.24995,148.609182,1,120.0,2019-04-05T09:51:00Z
Bathurst Supercharger,-33.41910934956461,149.58664011817848,1,120.0,2019-04-05T09:54:00Z
Hobart Central Car Park,-42.8812069603813,147.324060134641,1,7.0,2019-04-26T01:55:00Z
Macquarie Point Car Park,-42.880712589104,147.337127709596,1,22.0,2019-05-03T06:37:00Z
Narrandera Marie Bashir Park [NRMA],-34.7465700926125,146.550239228691,2,50.0,2019-05-13T11:58:00Z
Paterson St East Car Park,-41.4359929336476,147.139492094509,2,50.0,2019-05-14T02:28:00Z
Chargefox - Euroa,-36.7430554636255,145.59112372251286,8,206.25,2019-05-15T06:58:00Z
Chargefox - Barnawartha North,-36.0741629913788,146.72714760942472,8,168.75,2019-05-15T23:38:00Z
Mount Field Visitor Centre,-42.681838541884,146.716543290624,1,22.0,2019-05-16T05:28:00Z
Greensborough Plaza,-37.7021622916574,145.102334661124,2,22.0,2019-05-18T02:59:00Z
PCYC Car Park,-33.75028109544636,151.28666346345153,3,7.0,2019-06-17T16:38:00Z
Central Coast Supercharger [Tesla],-33.309014,151.421114,1,120.0,2019-06-23T05:54:00Z
Berry Supercharger,-34.808254,150.636711,1,120.0,2019-06-23T05:55:00Z
Gillies Street North,-37.535211492512,143.823742199547,1,6.6,2019-06-26T02:36:00Z
Frosty Mango,-18.9477734155894,146.27998683444,1,22.0,2019-06-26T07:31:00Z
Ovens Supercharger,-36.587007,146.759301,1,120.0,2019-07-30T09:30:00Z
Hollydene Supercharger [Tesla],-32.447359,150.83232,1,120.0,2019-07-30T09:31:00Z
Tastebuds Tesla Charger,-33.6893362215631,151.224097191251,1,22.0,2019-08-10T03:35:00Z
Forest Hill Chase Shopping Centre,-37.835025723717706,145.1632775004582,1,22.0,2019-08-30T06:35:00Z
Jax EV @ Warrawong Plaza,-34.4868830425302,150.890772967401,1,22.0,2019-09-09T13:11:00Z
Figtree Grove Shopping Centre ,-34.43743163189117,150.86340370780567,1,22.0,2019-09-09T13:25:00Z
Innovation Campus - University of Wollongong,-34.4001296638524,150.899792063266,3,94.48333333333333,2019-09-10T09:44:00Z
Wollongong Central - P1 Basement Car Park,-34.4233979669063,150.892280394333,2,22.0,2019-09-14T04:36:00Z
Stockland Shellharbour Shopping Centre ( Shellharbour Square) - West,-34.563672909556324,150.83831953671825,2,7.2,2019-09-14T06:11:00Z
Stockland,-34.5636660185915,150.838163461777,1,7.2,2019-09-14T10:31:00Z
Huonville Council Car Park,-43.0295087004578,147.048364455859,1,22.0,2019-09-27T06:31:00Z
Great Western Tiers Visitor Centre,-41.5235226403948,146.651256368762,1,22.0,2019-09-27T06:37:00Z
Mood Food Kempton,-42.5132541040641,147.189112740537,2,50.0,2019-09-27T06:44:00Z
Alkimos Shopping Center ,-31.620443448912305,115.68685197927107,1,22.0,2019-09-30T05:56:00Z
McDonald's,-31.9008869,116.163497,1,7.0,2019-10-05T03:08:00Z
Bendigo,-36.774539,144.306478,1,120.0,2019-10-12T05:49:00Z
Woolworths Prestons,-33.9521597232138,150.855589807906,1,6.6,2019-10-26T00:50:00Z
McCarthy Prestige,-31.979331,115.78509,1,22.0,2019-11-11T06:27:00Z
River Street Car Park,-30.705982487531593,152.9193924982759,1,22.0,2019-12-20T07:08:00Z
Ridge Street Parking,-30.642316,153.003713,1,22.0,2019-12-20T07:19:00Z
Stokes and Renk,-31.9471073397873,115.82908593542061,1,3.8,2019-12-21T00:15:00Z
Floreat Beach,-31.929295412938984,115.75608933968465,2,22.0,2020-01-23T12:52:00Z
Leederville Memorial Gardens,-31.94026371815405,115.83768103158661,1,11.0,2020-01-23T13:13:00Z
Toodyay Shire,-31.55077625511821,116.46758905677257,2,22.0,2020-01-24T04:44:00Z
Goomalling Railway Station,-31.297932355982823,116.82735840901171,1,22.0,2020-01-24T04:51:00Z
Primewest Gwelup,-31.87637320132322,115.79758574847699,2,36.0,2020-01-24T05:21:00Z
Wild West Hyundai,-31.795188,115.815028,1,7.2,2020-01-24T07:54:00Z
EV Works,-31.804428385948206,115.837026652119,2,7.2,2020-01-24T08:00:00Z
Wanneroo Civic Centre,-31.748960847062506,115.80648266974981,1,22.0,2020-01-24T08:04:00Z
Horizon Power Bentley Head Office,-31.995196035136118,115.89250825694853,1,22.0,2020-01-25T09:10:00Z
Cockburn City Central,-32.12558890490318,115.85699810485858,2,50.0,2020-01-25T09:17:00Z
Bayshore Drive,-28.631451697887982,153.5823891501135,6,22.0,2020-01-25T09:50:00Z
Gundagai [Chargefox],-35.00224745809482,148.10981543670277,3,150.0,2020-01-26T10:43:00Z
Williams Woolshed,-33.0251679447563,116.878630733403,2,11.0,2020-02-01T03:06:00Z
Brookton Roadhouse,-32.36587280589187,117.00898342794426,1,22.0,2020-02-01T04:29:00Z
Cockburn City,-32.10025888377409,115.78420217798998,2,7.0,2020-02-04T05:12:00Z
RAC electric highway - Bridgetown,-33.959312716778186,116.13826934719259,4,37.5,2020-02-04T23:09:00Z
Wallsend [NRMA],-32.90294720367186,151.66968441053905,2,50.0,2020-02-06T01:56:00Z
McDonald's Drive-Thru Armadale,-32.15002076557034,116.01893455966706,1,22.0,2020-02-19T08:22:00Z
Chargefox Kings Meadows,-41.468256846135944,147.158722496525,2,225.0,2020-02-21T00:35:00Z
Boddington Shire,-32.801926832445744,116.47539431242421,1,22.0,2020-02-26T11:15:00Z
Northern Festival Centre,-33.179316696241735,138.00736879304156,1,22.0,2020-02-27T05:43:00Z
Chargefox Keith,-36.105205,140.3619871,2,350.0,2020-03-01T11:45:00Z
Toowoomba Supercharger,-27.578133,151.947179,1,120.0,2020-03-06T06:53:00Z
Supa Centa Moore Park,-33.902079196334896,151.215231409333,1,17.0,2020-03-12T02:11:00Z
Macquarie Supercharger,-33.777782,151.12275,1,150.0,2020-03-12T06:53:00Z
Moonee Ponds,-37.765834,144.923586,1,120.0,2020-03-12T06:55:00Z
Mudgee Information Centre,-32.59016784631479,149.58522431603365,1,22.0,2020-03-15T01:59:00Z
Lithgow Workmen's Club,-33.477936640057756,150.1611263067623,2,50.0,2020-03-15T11:36:00Z
Caltex North Dandalup Roadhouse,-32.522297898787784,115.9702834262232,1,11.0,2020-04-02T07:07:00Z
Scarborough Beach,-31.89710003597446,115.75659494675551,1,11.0,2020-04-05T04:49:00Z
Camberwell Supercharger,-37.828482,145.056346,1,120.0,2020-04-05T08:55:00Z
Merredin Regional Community and Leisure Center ,-31.475517326357796,118.27975016592279,1,22.0,2020-04-05T10:18:00Z
Gympie Supercharger [Tesla],-26.188745,152.661613,1,120.0,2020-04-09T05:43:00Z
Meander Valley Council,-41.527973,146.830558,1,22.0,2020-04-12T02:07:00Z
House of Anvers,-41.218329,146.412456,2,22.0,2020-04-12T02:40:00Z
Evermore Apartments ,-32.05759769024401,115.77214028673814,1,0,2020-04-15T02:53:00Z
Claremont Oval,-31.977032818415754,115.78304237287674,1,7.0,2020-04-15T04:25:00Z
Reid Promenade Car Park,-31.7424275967972,115.77324685429267,1,7.0,2020-04-16T21:51:00Z
Lakeside Joondalup - Myer Carpark,-31.74549358265488,115.76561953721364,1,22.0,2020-04-16T22:00:00Z
Magic Renault ,-32.04627041090647,115.80933760680762,1,7.0,2020-04-18T03:17:00Z
Sundance Apartments,-31.89732867830553,115.7595320223254,1,7.0,2020-04-18T04:24:00Z
Kent Street,-32.27613083950689,115.73170060698915,1,22.0,2020-04-23T04:27:00Z
McDonalds Forrestdale,-32.144116800000226,115.97396209999556,1,22.0,2020-04-26T05:26:00Z
Lakeside Cinema,-31.742737409688292,115.76718203734212,1,22.0,2020-04-27T04:29:00Z
Cowra Regional Art Gallery,-33.834079627444765,148.6943533458998,2,50.0,2020-05-02T07:45:00Z
Clarkson Nissan ,-31.68809762511073,115.7161756692653,1,22.0,2020-05-03T05:24:00Z
CD Dodd,-31.97294082811414,115.98907588052926,2,120.0,2020-05-04T07:33:00Z
Ellenbrook Central,-31.783066643431578,115.97051468688619,2,22.0,2020-05-10T04:20:00Z
Edgecombe Brothers,-31.795210554294098,115.99853463481739,1,8.0,2020-05-10T04:37:00Z
Swan City DC Charger,-31.886353399634253,116.00339496519044,3,40.666666666666664,2020-05-10T05:41:00Z
Midland City Nissan,-31.891951355458772,116.01811740022458,1,22.0,2020-05-10T06:12:00Z
Rowland St Car Park - REV subiaco ,-31.949523738615166,115.82315269868431,1,4.8,2020-05-10T08:00:00Z
Tang Computers,-31.90654180015615,115.82812853168308,1,22.0,2020-05-10T09:08:00Z
CPP Mayfair St,-31.9474687574798,115.84121108698467,1,22.0,2020-05-13T03:14:00Z
CPP Regal Place,-31.95299016062215,115.87730279047679,1,22.0,2020-05-13T03:35:00Z
Garden City Shopping Centre,-32.034642790058726,115.83481653094255,1,22.0,2020-05-13T06:53:00Z
Sabina Appartments ,-32.011964644149295,115.85021724873448,1,22.0,2020-05-13T07:32:00Z
"Woolworths,  Mt Pleasant ",-32.016031144615816,115.8432043135993,2,22.0,2020-05-13T07:53:00Z
CPP Perth Concert Hall,-31.95857146833736,115.86358227192068,1,22.0,2020-05-14T02:57:00Z
Bassendean Child Health Centre,-31.903624353028743,115.95016778457533,1,22.0,2020-05-14T03:42:00Z
CPP - PCEC,-31.95537674384358,115.84790300821453,1,22.0,2020-05-16T03:39:00Z
Morley City Hyundai,-31.90212051387122,115.90401325385636,1,7.0,2020-05-17T07:24:00Z
Morley City Nissan,-31.902143395175678,115.90491020836465,1,22.0,2020-05-17T07:30:00Z
Osborne Park Nissan,-31.90571781716487,115.81021062109228,1,22.0,2020-05-17T08:18:00Z
Osborne Park Hyundai,-31.905269149199228,115.80909029387806,1,7.0,2020-05-17T08:22:00Z
Wangaree Park Lancelin,-31.020574101465478,115.33270273431788,1,22.0,2020-05-18T02:17:00Z
Footprints Resort,-32.881536,115.656798,1,22.0,2020-05-19T06:26:00Z
"Central Car Park,  Collie ",-33.358825170466076,116.15287413831442,2,50.0,2020-05-19T07:26:00Z
DFO Perth,-31.939845427827045,115.94895311025994,2,7.0,2020-05-20T04:13:00Z
Jubilee Oval and Showgrounds ,-31.65111734318809,116.67845947514633,1,20.0,2020-05-22T04:17:00Z
Central Wheatbelt Visitor Centre,-31.48210033235818,118.2787933598956,1,22.0,2020-05-23T07:40:00Z
Gemtek - Botanical Apartments,-31.94460074534195,115.8186954975713,2,22.0,2020-05-25T03:04:00Z
Gemtek - Crest Apartments,-31.961098485121425,115.90120243027431,2,22.0,2020-05-25T03:28:00Z
Tianqi Lithium,-32.215538271732825,115.77737736526483,2,22.0,2020-06-05T04:03:00Z
Terminal Road,-31.982563566447936,115.9578823206225,2,22.0,2020-06-05T05:00:00Z
Mondo Nougat,-31.83701675378689,116.01669764592862,1,14.0,2020-06-05T07:51:00Z
Swan Settlers Market,-31.835335801510958,116.02163921400734,1,22.0,2020-06-05T07:57:00Z
Home Timber and Hardware,-33.8344831718447,117.15986299339417,2,22.0,2020-06-06T05:32:00Z
Pinnacles Edge Resort,-30.50042161510722,115.06929335774998,1,22.0,2020-06-06T23:54:00Z
"Georges River Council, Carlton Depot",-33.96493620946319,151,1,22.0,2020-06-08T01:50:00Z
Charles Street Parking/Charging,-33.91148886722056,151.11746314177572,1,7.0,2020-06-08T03:28:00Z
Canterbury Bankstown Council,-33.90764109899798,151.1039129846189,1,7.0,2020-06-08T12:45:00Z
Audi Centre,-31.91527,115.819405,1,50.0,2020-06-13T23:54:00Z
Secure Park Vulture St,-27.482560362924623,153.02377995082816,1,3.6,2020-06-14T05:09:00Z
QUT Gardens Point,-27.476902453035308,153.0269055356573,2,50.0,2020-06-14T09:56:00Z
Secure Park Southpoint,-27.48099182955807,153.0228264563243,1,2.4,2020-06-14T10:00:00Z
Secure Park King St,-27.45265445273077,153.03259115103697,1,2.4,2020-06-14T10:05:00Z
Evie Networks Coochin Creek,-26.918077062069386,152.99684374211074,2,200.0,2020-06-14T10:18:00Z
QUT Kelvin Grove H Block,-27.4532038075587,153.01703431115823,2,50.0,2020-06-14T10:26:00Z
QUT Kelvin Grove Stadium Carpark,-27.44955360175527,153.0170891644923,2,50.0,2020-06-14T10:29:00Z
Woodlands Wines,-33.78702282277545,115.0311330653251,1,11.0,2020-06-15T08:57:00Z
Batemans Bay Visitor Centre [NRMA],-35.70850475831435,150.175530096314,2,50.0,2020-06-16T02:19:00Z
Bunnings Newstead Carpark,-27.44310701845047,153.0430958229631,1,2.4,2020-06-18T09:53:00Z
Wellington Road,-27.48968765181067,153.03922109290193,1,22.0,2020-06-18T10:05:00Z
Mood Food New Norfolk,-42.779254,147.06114,2,50.0,2020-06-19T01:05:00Z
Scottsdale Art Gallery Cafe,-41.16207910064335,147.51460793852254,2,50.0,2020-06-19T05:00:00Z
Sheffield Visitor Information Centre,-41.38281497841444,146.32488863214598,3,23.333333333333332,2020-06-19T05:07:00Z
Chargefox Airport West,-37.71364567547256,144.88569078594128,5,110.0,2020-06-20T14:32:00Z
Bell Park car park,-27.179802780477594,151.2689719635373,1,22.0,2020-06-26T07:02:00Z
YellowGum Bed and Breakfast,-33.68594917013392,117.55878912722824,1,22.0,2020-07-09T08:12:00Z
Katanning Shire Visitors Center,-33.69137986156912,117.55573870330295,2,50.0,2020-07-10T00:03:00Z
Cottesloe Beach Chalets,-31.99480469222531,115.75302677350828,1,0,2020-07-10T03:28:00Z
Clarence City Council car park,-42.864154,147.36897,1,22.0,2020-07-20T01:42:00Z
Alicetronics Jaycar Stockist,-23.697528894585588,133.87873433180766,1,22.0,2020-07-26T10:45:00Z
Cradle Mountain Hotel,-41.573658229581895,145.93531430528242,1,11.0,2020-07-26T11:45:00Z
Wharf Road Carpark (Chargefox),-32.9258511308391,151.7789208904985,2,22.0,2020-07-26T12:25:00Z
Great North Trading Post,-32.990224952340206,151.1307728426591,1,22.0,2020-07-26T13:39:00Z
Picton [NRMA],-34.16820562741403,150.61093049806357,2,50.0,2020-07-26T22:45:00Z
Mittagong NRMA,-34.45002862260948,150.44244730477044,2,50.0,2020-07-26T22:48:00Z
Berry NRMA,-34.77545880729145,150.7008397292857,2,50.0,2020-07-26T22:51:00Z
Way Street,-27.38235199860268,153.03290081653495,1,7.0,2020-07-26T23:18:00Z
Nabiac [NRMA],-32.099110590575656,152.38136618875956,2,50.0,2020-07-31T04:52:00Z
Phoenix Holden,-31.79273449405545,115.81597745418549,1,3.8,2013-03-13T22:35:00Z
EV Shop,-31.8608,115.805476,2,3.6,2013-03-13T22:39:00Z
"Department of Biodiversity, Conservation and Attractions KMCSC",-31.996175311870495,115.88449479477242,1,7.0,2013-03-17T13:37:00Z
Elder St - City of Perth Parking,-31.949440307195434,115.85039019584656,2,14.5,2013-03-22T13:14:00Z
Shacks Holden,-32.046135,115.751576,1,3.8,2013-03-23T07:53:00Z
Magic Kia / Renault,-32.04583613325877,115.80922963466207,1,22.0,2013-03-23T07:59:00Z
Stellar Violets,-34.282476,116.12846100000002,1,2.0,2013-03-23T22:46:00Z
Derwent Bridge Rest Area,-42.135775,146.229257,3,40.666666666666664,2020-08-16T09:54:00Z
TUU Car Park,-42.902797,147.324839,1,22.0,2020-08-17T00:56:00Z
Roe St - City of Perth Parking,-31.94861599999999,115.85699699999998,1,22.0,2013-03-28T09:30:00Z
Evie Networks - Campbell Town,-41.929229,147.494481,2,225.0,2020-08-18T02:23:00Z
Citiplace Community Centre Parking,-31.95144307350448,115.86082935333252,1,22.0,2013-03-28T09:32:00Z
His Majesty's - Carpark,-31.95201699999999,115.85426200000006,1,22.0,2013-03-28T09:34:00Z
Pier Street - City of Perth Parking,-31.9537826133991,115.862819552422,2,14.5,2013-03-28T09:35:00Z
Goderich St Carpark - City of Perth Parking,-31.957191,115.87013200000001,1,22.0,2013-03-28T09:36:00Z
University of Western Australia,-31.977629271750153,115.81634480917228,2,4.8,2013-03-31T09:19:00Z
Yanchep Central Shopping Centre,-31.549120088759476,115.63858419656778,1,2.3,2013-03-31T09:21:00Z
Bindoon Oval,-31.386192,116.09747300000004,1,3.6,2013-04-09T16:42:00Z
Queen Street,-37.2834114334196,142.933869623691,1,22.0,2020-08-23T05:59:00Z
Electric Highway Tasmania - Queenstown,-42.0787288537201,145.55549748240549,3,40.666666666666664,2020-08-25T08:14:00Z
Mandurah Caravan Park,-32.546794,115.76944100000003,1,3.6,2013-05-12T09:46:00Z
Melville Holden,-32.0315997664746,115.80961525440216,1,3.3,2013-05-26T07:31:00Z
Guilderton Caravan Park,-31.350431412517,115.50134423591,1,3.6,2013-05-26T07:38:00Z
Belvedere Caravan Park,-32.522026,115.73014,1,3.6,2013-05-26T07:42:00Z
City of Swan Depot,-31.869875,116.016412,1,4.0,2013-05-29T00:57:00Z
"East Perth Train Station, Park & Ride",-31.943921,115.876775,1,7.2,2013-05-29T01:02:00Z
Mainroads WA,-31.956628,115.877066,1,7.0,2013-05-29T01:07:00Z
"RAC, West Perth",-31.947956,115.84884,3,247.66666666666666,2013-05-29T01:08:00Z
The West Australian,-31.912390364137213,115.81142842769623,1,7.2,2013-05-29T01:10:00Z
Murdoch University,-32.069294756142725,115.84106574515033,1,4.8,2013-05-29T01:12:00Z
Dunn Place Car Park,-42.881339,147.332385,2,50.0,2020-09-08T03:25:00Z
Northside Nissan ,-31.793866981825452,115.81485993488059,1,22.0,2013-06-23T07:12:00Z
Electric Highway Tasmania - Geeveston,-43.1634,146.92688,2,50.0,2020-09-28T12:33:00Z
Lake Grace Fast Charge ,-33.100724201932884,118.46234238122247,2,50.0,2020-10-01T11:52:00Z
Ikea Canberra,-35.29550797984516,149.18685336825467,1,22.0,2020-10-01T23:38:00Z
The Cape Display Centre,-38.66802433496106,145.60558849121276,1,50.0,2020-10-03T06:43:00Z
Lakes Entrance RSL,-37.880698,147.981029,1,22.0,2020-10-03T07:38:00Z
Chargefox Moe,-38.184449,146.237563,5,110.0,2020-10-03T07:45:00Z
The Gerald Apartment Hotel,-28.7745077,114.6095279,1,22.0,2020-10-05T09:39:00Z
Caltex Jurien Bay,-30.302689512586518,115.04189255136049,1,43.0,2020-10-05T23:23:00Z
Lorne Visitor Information Centre,-38.536539810459324,143.97423678265363,1,7.0,2020-10-07T10:10:00Z
Abbott Road,-33.81195253512282,151.03587917803534,1,0,2020-10-07T11:51:00Z
Treendale Mall,-33.28328973601312,115.74169488487303,4,240.0,2020-10-17T11:50:00Z
"North Terrace, Burnie",-41.050004,145.907665,3,40.666666666666664,2020-10-23T05:58:00Z
York Street West Car Park,-41.439888,147.137645,2,22.0,2020-10-27T09:07:00Z
Orion Springfield Shopping Centre,-27.676924346409358,152.90360010448887,2,14.0,2020-10-31T02:19:00Z
Kalbarri National Park Visitors Center,-27.708897837519494,114.16633237124256,2,22.0,2020-11-09T13:54:00Z
Billabong Homestead Hotel Motel,-26.81708566363524,114.61415587631006,1,22.0,2020-11-09T14:18:00Z
Outback Oasis Caravan Park,-24.865225066778365,113.68159048535733,1,3.0,2020-11-09T14:33:00Z
Exmouth Cape Holiday Park,-21.937460298545503,114.130948765536,1,22.0,2020-11-09T14:43:00Z
Evie Caltex Jones Street,-36.907455381858675,145.23986428379703,2,350.0,2020-11-11T06:20:00Z
Currie Crescent,-35.31521412066143,149.1392363890359,1,22.0,2020-11-16T03:26:00Z
Kojonup Fast Charger,-33.837992744500305,117.16047275133701,2,50.0,2020-11-17T03:58:00Z
RSL Northampton ,-28.347688225868524,114.63099451578319,3,22.0,2020-11-17T06:40:00Z
Horrocks Community Center ,-28.379669676588207,114.42956999049034,1,22.0,2020-11-17T08:48:00Z
Moora Shire,-30.63817666322631,116.00532228746147,1,22.0,2020-11-17T08:56:00Z
Three Springs Community Hall,-29.53657432320555,115.76446092461606,1,22.0,2020-11-17T09:05:00Z
Belair Gardens Caravan Park,-28.779676952665696,114.5831110346918,1,22.0,2020-11-18T01:02:00Z
Ross's Discount Home Center,-31.899460299819353,115.97636233048627,2,60.0,2020-11-23T04:18:00Z
Multi-storey Car Park,-41.177518,146.359337,3,40.666666666666664,2020-12-02T22:23:00Z
Ampol Woolworths MetroGo Seven Hills,-33.767099,150.954883,2,350.0,2020-12-03T11:16:00Z
Esperance Horizon Power,-33.84413484580914,121.88301724075569,1,22.0,2020-12-04T22:53:00Z
Munglinup Road House ,-33.70473909585485,120.86050338886241,1,22.0,2020-12-04T23:13:00Z
Ravensthorpe Caravan Park,-33.578686168911844,120.05342847525014,2,22.0,2020-12-04T23:25:00Z
Albany City Visitors Center ,-35.02317787640003,117.8822800393666,1,22.0,2020-12-08T21:01:00Z
Bremer Bay Resort ,-34.39798497010463,119.38183267909346,1,22.0,2020-12-08T21:20:00Z
Hyden Travel Stop,-32.44812974278317,118.86719516419817,1,22.0,2020-12-08T21:40:00Z
Armidale Visitors Centre,-30.511645241125954,151.66954542599308,2,50.0,2020-12-10T12:47:00Z
Abbey Farm Road,-33.7168011,115.0462745,1,7.0,2020-12-12T08:14:00Z
City of Kalgoorlie-Boulder Administration Building,-30.7629727825542,121.4561855701744,1,22.0,2020-12-12T17:47:00Z
The Place @ Warrawong Plaza,-34.486377904198555,150.88795170004096,1,22.0,2020-12-15T14:48:00Z
Mount Larcom QESH,-23.810718434831855,150.98006963498256,3,40.666666666666664,2020-12-19T03:15:00Z
Maclean Supercharger,-29.427083,153.239167,1,120.0,2020-12-22T06:35:00Z
Nanutarra Road House,-22.54312510773856,115.5011769289556,1,22.0,2020-12-30T06:42:00Z
Wooramel Roadhouse,-25.77005241895108,114.29396280909054,2,22.0,2020-12-30T09:36:00Z
Cable Beach Club,-17.928467796464545,122.21282563816374,2,22.0,2021-01-06T03:09:00Z
Broome Horizon Power,-17.982599265398918,122.2046047380004,1,22.0,2021-01-07T08:40:00Z
Wollongong Supercharger,-34.43797320339262,150.8633622012107,1,250.0,2021-01-08T04:16:00Z
Woolworths Shell Cove,-34.588308117930936,150.86592718102042,2,225.0,2021-01-08T04:30:00Z
Byron Shire Carpark,-28.55487684402341,153.502193985046,1,22.0,2021-01-08T23:49:00Z
Oceans Restaurant,-25.980244900682365,113.55941698472748,1,5.5,2021-01-13T06:30:00Z
Monkey Mia Resort ,-25.795073267849816,113.71896975818015,1,22.0,2021-01-13T06:45:00Z
Kulin Caravan Park ,-32.667453883476426,118.15772042453,1,22.0,2021-01-20T06:44:00Z
EHT - St Helens,-41.322949,148.248273,3,40.666666666666664,2021-01-24T02:25:00Z
TasPorts - Hunter Street,-42.88166757453731,147.33553637293267,1,22.0,2021-01-24T02:27:00Z
TasPorts - Fishermans Market,-42.881781,147.333368,1,22.0,2021-01-24T02:31:00Z
Busselton Central ,-33.650757506043476,115.34189703524089,2,32.0,2021-01-24T16:55:00Z
Coles North Buderim,-26.6628832,153.0503206,3,40.666666666666664,2021-01-31T05:47:00Z
BWS Forest Glen,-26.6871348,153.0042754,3,40.666666666666664,2021-01-31T06:22:00Z
Helensvale QESH,-27.923656750179823,153.33893758482532,3,40.666666666666664,2021-01-31T06:28:00Z
Kawana Shopping World,-26.704325392220312,153.13172509725268,1,7.0,2021-01-31T06:42:00Z
Electric Highway Tasmania - Swansea,-42.123706,148.075201,3,40.666666666666664,2021-02-11T11:59:00Z
Taree South Service Centre [Evie],-31.94324179696902,152.4706408423865,2,225.0,2021-02-12T06:14:00Z
QESH Slacks Creek (IKEA Logan),-27.637474767788774,153.13549712588133,3,40.666666666666664,2021-02-19T08:57:00Z
Paradise Country Farmstay,-27.9130134499947,153.30421447000026,2,3.0,2021-02-19T09:01:00Z
Coffs Harbour [Chargefox],-30.31779254465217,153.08970357206374,2,225.0,2021-02-20T00:45:00Z
Bischoff Hotel,-41.442649,145.526853,2,7.6,2021-02-20T00:51:00Z
Cradle Mountain Visitor Centre,-41.580407,145.938367,1,11.0,2021-02-20T00:56:00Z
Karuah [Chargefox],-32.654035826022145,151.96245572258226,3,150.0,2021-02-22T04:07:00Z
Sovereign Place [NRMA],-31.458281139153392,152.8274557327511,2,50.0,2021-02-22T04:15:00Z
Port Macquarie Service Centre [Chargefox],-31.463751231214047,152.82172752510883,2,225.0,2021-02-22T04:25:00Z
Evie Networks - Brighton,-42.700694,147.250937,2,225.0,2021-03-06T00:59:00Z
Auski Tourist Village,-22.376952822011987,118.69077381915235,1,11.0,2021-03-24T15:35:00Z
Jerramungup Caravan Park ,-33.94303012312629,118.92107406503692,1,22.0,2021-03-27T23:08:00Z
Armstrong Creek Shopping Centre,-38.22890721146294,144.3389741604601,1,7.0,2021-04-02T00:52:00Z
Orana McDonalds,-34.992431565802164,117.85606118764076,1,22.0,2021-04-20T18:57:00Z
Williams Supercharger,-33.0246396689368,116.87898753225318,1,250.0,2021-04-29T03:26:00Z
Byford Hungry Jacks,-32.222227005760224,116.009671395635,1,22.0,2021-05-02T07:21:00Z
Byford McDonalds ,-32.20781033484258,115.9786323921769,2,22.0,2021-05-08T02:35:00Z
Curtin University Future Battery Industries,-32.01014423473439,115.89408682148053,2,24.0,2021-05-31T13:07:00Z
"Pacific Fuels, Drayton",-27.591010565674807,151.9153942255773,2,50.0,2021-06-06T10:25:00Z
Nowendoc General Store,-31.51342872168202,151.71798157900275,1,13.3,2021-06-07T10:47:00Z
Karri Valley RAC Resort ,-34.42027613180135,115.85053322429985,2,22.0,2021-06-17T21:26:00Z
Pemberton Fast Charger ,-34.443958291194164,116.03592151577095,3,50.0,2021-06-17T21:43:00Z
Ocean West Holiday Units ,-28.791720261746377,114.60989406856584,2,22.0,2021-06-29T10:07:00Z
Stockland Harrisdale,-32.1275513,115.9276093,2,7.0,2021-07-04T06:18:00Z
11 Nicholson Street,-37.804609,144.972702,1,0,2013-08-25T03:32:00Z
Karrinyup Centre,-31.877110016292697,115.7766884375718,1,250.0,2021-07-29T12:32:00Z
Broome Visitor Center,-17.95354350836439,122.24114298192785,1,7.0,2021-09-01T15:26:00Z
Hungry Jacks,-37.58083462151804,144.72450043278604,1,11.0,2021-09-02T09:51:00Z
Watergardens Shopping Centre,-37.69870942833684,144.77527685160192,1,22.0,2021-09-02T10:31:00Z
Public Area Kulin,-32.67002628100579,118.15563161863884,2,22.0,2021-09-19T20:11:00Z
Elizabeth Park,-37.28172500035981,142.93062886065638,1,22.8,2021-10-20T23:25:00Z
Lochiel Street,-36.45471075819277,142.02591791324858,1,22.0,2021-10-20T23:50:00Z
RACV - Horsham,-36.711118864173116,142.20194581205692,4,200.0,2021-10-21T00:04:00Z
EastLand Shopping Centre,-37.81312694411209,145.22883198929685,1,22.0,2021-10-21T00:16:00Z
Research Way - N1 Carpark,-37.90730011409977,145.13207788768955,3,40.666666666666664,2021-11-01T06:26:00Z
Heatherton Road,-37.97128123711468,145.2236965774951,2,350.0,2021-11-01T06:29:00Z
CB Smith Reserve,-37.70252995850394,144.9695198384195,2,25.0,2021-11-01T06:32:00Z
Coburg North EV Fast Charge,-37.71893760420672,144.9615007076203,2,50.0,2021-11-01T06:34:00Z
Coburg Civic Centre / Moreland City,-37.74104152020631,144.9701497464091,3,40.666666666666664,2021-11-01T06:37:00Z
Brunswick EV Hub,-37.77388003814904,144.961800631472,2,43.5,2021-11-01T06:40:00Z
Uni Hill Town Centre,-37.682971406829196,145.07101659256762,4,50.0,2021-11-01T06:42:00Z
RACV Ballarat,-37.56121656089711,143.86241227253106,6,108.33333333333333,2021-11-01T06:45:00Z
The Sandalwood Cafe,-34.92404614123427,117.7908841103324,1,22.0,2021-11-08T21:50:00Z
Best Western Plus Goulburn,-34.74763966952328,149.72931043349024,1,22.0,2021-11-13T16:14:00Z
Goulburn Visitor Information Centre,-34.75614119383021,149.72056166468496,1,7.0,2021-11-13T16:22:00Z
Shell Coles Express Taylors Lakes,-37.69674197545634,144.78205236033568,2,350.0,2021-11-14T07:09:00Z
McDonaldâ€™s Melton South,-37.7224393461178,144.57233401223442,4,50.0,2021-11-14T07:23:00Z
Brimbank Shopping Centre,-37.751176222078364,144.77432972140224,1,22.0,2021-11-14T07:36:00Z
Goulburn Gateway Service Station,-34.74788823042669,149.7496208332201,4,137.5,2021-11-14T09:39:00Z
Banjo Paterson Park [NRMA],-34.84109672768463,148.9124467852405,2,50.0,2021-11-14T10:35:00Z
Stripey Sundae,-35.19209630184098,149.08502581992445,1,7.0,2021-11-15T18:02:00Z
Macquarie University X6A Banksia Cottage,-33.77520838069468,151.1095032126692,1,12.0,2021-11-16T00:00:00Z
Oak Park Sports & Aquatic Centre,-37.7234502505038,144.92111987538624,2,14.5,2021-11-16T04:34:00Z
Greenvale Woolworths,-37.616202335824184,144.91476338954578,1,22.0,2021-11-16T04:40:00Z
Giffnock Avenue,-33.78254134090367,151.1230831406915,1,22.0,2021-11-16T10:05:00Z
Hillcrest Road,-33.73724500047699,151.07106994908884,1,9.0,2021-11-16T10:15:00Z
Eden Gardens,-33.78064947709375,151.13421887082995,1,8.0,2021-11-16T10:22:00Z
Malvern Springs McDonalds,-31.765279789604662,115.98624964029767,1,22.0,2021-11-17T12:26:00Z
Paraburdoo DC Charger,-23.19899524196431,117.67077778123866,3,40.666666666666664,2021-11-18T12:28:00Z
Empower Solar,-32.06248946683628,115.91689053182301,2,22.0,2021-11-23T09:44:00Z
Tyndale Shell Roadhouse,-29.56068494254326,153.14908373979097,2,350.0,2021-11-25T08:03:00Z
NRMA Ballina,-28.857574508961363,153.56173216616514,3,61.333333333333336,2021-11-25T08:37:00Z
Parry Creek Farm Tourist Resort,-15.597331659529445,128.27863456119962,1,11.0,2021-11-27T01:29:00Z
Halls Creek Motel,-18.2231223237778,127.6706506236855,1,11.0,2021-11-27T01:48:00Z
Halls Creek Toyota,-18.22464744998622,127.67171880504202,1,11.0,2021-11-27T01:53:00Z
Larrawa Nature Stay,-18.79951570622832,126.53772646651475,1,11.0,2021-11-27T02:02:00Z
277 Great Northern Highway,-18.21063715086703,125.58171764898941,2,22.0,2021-11-27T02:10:00Z
Jetty Road Derby,-17.29234904924742,123.611030661104,1,22.0,2021-11-27T02:22:00Z
Eco Beach Resort,-18.330537139663903,122.08216969258012,2,17.0,2021-11-27T02:37:00Z
Port Smith Caravan Park,-18.51736385718948,121.81578579903896,1,11.0,2021-11-27T02:41:00Z
Sandfire Roadhouse,-19.76932842302034,121.09184862660732,1,3.0,2021-11-27T04:39:00Z
Pardoo Roadhouse,-20.05422464758942,119.82736831495049,1,8.3,2021-11-27T06:51:00Z
The Walkabout,-20.376883684124465,118.63530730006084,1,22.0,2021-11-27T07:03:00Z
Whim Creek Hotel,-20.840156886165104,117.83576497936053,1,7.0,2021-11-27T07:11:00Z
Art Centre Karratha Car Park,-20.737344733908344,116.84538655743881,1,11.0,2021-11-27T07:18:00Z
Beadon Creek boat ramp,-21.6496497447405,115.13157408980976,1,11.0,2021-11-27T07:24:00Z
RAC Ningaloo Resort Coral Bay,-23.144227510437986,113.76901776432487,1,14.0,2021-11-27T07:29:00Z
Carnarvon Motel,-24.88005803783514,113.65299955178068,3,20.333333333333332,2021-11-27T07:35:00Z
Carnarvon Oval,-24.883633681713803,113.65833207100462,1,11.0,2021-11-27T07:39:00Z
Denham Foreshore,-25.927353943905715,113.5320663505035,1,11.0,2021-11-27T07:48:00Z
Mingenew Sports Oval,-29.19978237316348,115.44807728352731,1,17.0,2021-11-27T08:13:00Z
Railway Pavilion,-28.346488542672155,116.68292951911161,1,22.0,2021-11-27T08:17:00Z
Badgingarra Oval (Shire of Dandaragan),-30.38955480041914,115.50103045411913,1,11.0,2021-11-27T09:44:00Z
Wedgetail Inn Hotel,-32.03779869966926,126.097536069625,1,11.0,2021-11-27T10:23:00Z
Madura Pass Oasis Motel,-31.899686609043975,127.02050258563054,2,22.0,2021-11-27T10:27:00Z
Lancelin Supercharger,-31.020579082688826,115.33236022088863,1,250.0,2021-11-27T10:29:00Z
Mundrabilla Roadhouse,-31.81757472492606,128.22465075582477,1,11.0,2021-11-27T10:32:00Z
Kiwirrkurra Community,-22.818475587637863,127.76375975279711,1,17.0,2021-11-27T15:00:00Z
Tom Price Oval,-22.6944253139324,117.7976779545387,1,11.0,2021-11-27T15:09:00Z
Eighty Mile Beach Caravan Park,-19.756167699546978,120.6712445688542,2,10.0,2021-11-27T15:18:00Z
Leinster Oval,-27.914210013189305,120.69785944182411,1,22.0,2021-11-27T15:24:00Z
Koora Retreat,-31.26144170839072,120.0211535311152,3,15.666666666666666,2021-11-27T15:32:00Z
Goldfields Rewinds,-30.774794590528153,121.4411344975328,1,22.0,2021-11-27T15:38:00Z
The View On Hannans,-30.75181001068328,121.4673604447338,2,16.5,2021-11-27T15:49:00Z
Hannan Street Parking,-30.748154235887043,121.47147200622675,1,11.0,2021-11-27T15:53:00Z
Freebairn Recreation Centre,-32.66897565706384,118.16121384503646,1,22.0,2021-11-27T16:01:00Z
Corrigin Hotel,-32.33053209732362,117.87400878811326,1,17.0,2021-11-27T16:10:00Z
Quairading Community Resource Centre,-32.01166177344584,117.40001489136813,1,11.0,2021-11-27T16:13:00Z
Beverley Agricultural Showground,-32.105142349587666,116.92652187873722,1,11.0,2021-11-27T16:21:00Z
Laurelville Manor,-31.890257051674716,116.7767352171943,1,11.0,2021-11-27T16:30:00Z
Muresk Institute,-31.74992627976492,116.68294107958945,1,11.0,2021-11-27T16:35:00Z
Woolworths Northam,-31.653838360245935,116.67275712306093,1,11.0,2021-11-27T16:40:00Z
Stirling Park,-31.549849077860458,116.46440232863966,1,11.0,2021-11-27T16:44:00Z
Enderslie B&B,-31.581419541887506,115.98343798965402,1,22.0,2021-11-27T16:48:00Z
Alan and Eve's Eden,-31.53857963900527,116.07373436553274,1,22.0,2021-11-27T16:51:00Z
Gravity Discovery Centre,-31.356129821303917,115.71263310610527,1,11.0,2021-11-27T16:56:00Z
Granville Civic Centre,-31.34975443971156,115.90479361984762,2,12.5,2021-11-27T17:01:00Z
Gingin Hotel,-31.350965381790523,115.90418179823558,1,22.0,2021-11-27T17:03:00Z
Puma New Norcia Roadhouse,-30.973749857257722,116.21249128930401,1,22.0,2021-11-27T17:07:00Z
Wongan Hills Caravan Park,-30.88814280903685,116.71504793666344,1,4.0,2021-11-27T17:11:00Z
The Old Convent,-30.28724891743107,116.66646540542087,1,11.0,2021-11-27T17:18:00Z
Rockingham Nissan,-32.27602954766279,115.76426627808104,1,0,2021-11-28T05:20:00Z
Dowerin Field Days Oval,-31.19020425492358,117.03612798040007,2,12.5,2021-11-28T15:04:00Z
Mercedes Perth,-31.999110470936742,115.9157275187037,2,24.0,2021-11-29T12:46:00Z
Coles Express Coomera,-27.855202514974366,153.31010291274197,2,350.0,2021-12-01T00:20:00Z
Tarcutta Roadhouse [Evie],-35.27711511746652,147.73611268003378,2,350.0,2021-12-01T00:33:00Z
"Department of Biodiversity, Conservation and Attractions FWF",-31.995737047605445,115.88564872339822,1,7.0,2021-12-01T04:33:00Z
Silk Thai Restaurant,-32.53111567064465,115.72030282929558,1,22.0,2021-12-01T04:55:00Z
"Department of Biodiversity, Conservation and Attractions",-31.995655950694704,115.88329363905393,1,7.0,2021-12-01T06:41:00Z
Jugiong [NRMA],-34.82341194348058,148.32537254091335,2,50.0,2021-12-01T12:45:00Z
Holbrook [NRMA],-35.71746030083052,147.31775237395414,2,50.0,2021-12-01T12:48:00Z
Port of Sale,-38.112024318575045,147.06310643876884,2,50.0,2021-12-01T13:07:00Z
Gippsland Solar,-37.83372548471041,147.60661599037178,1,22.0,2021-12-01T13:15:00Z
ChargeFox Cooma,-36.21868817620539,149.13363161099028,3,150.0,2021-12-01T13:24:00Z
Mundaring Weir Hotel,-31.952209900740648,116.16705526729766,1,2.5,2021-12-01T14:30:00Z
Rockingham Volkswagen ,-32.27045412024325,115.75561955622425,1,0,2021-12-02T07:39:00Z
Anniversary Park,-32.292626788449596,115.74664476860039,2,12.2,2021-12-03T04:57:00Z
Evie Macksville,-30.709970892832544,152.91982301754945,2,350.0,2021-12-04T05:14:00Z
Grafton Public Library,-29.688073199234324,152.93353803987213,2,50.0,2021-12-04T05:20:00Z
The Farm Byron Bay [NRMA],-28.63571944020704,153.55330117184485,2,50.0,2021-12-04T05:42:00Z
Coolangatta Surf Club,-28.166937408855013,153.53634874918976,2,75.0,2021-12-04T05:45:00Z
Bilinga QESH (Coolangatte Airport),-28.16382522506754,153.514927307191,3,40.666666666666664,2021-12-04T05:48:00Z
Brisbane Airport,-27.415112352398268,153.07724242473,8,50.0,2021-12-04T06:01:00Z
Gympie [QESH],-26.18854334315202,152.66574226908438,3,40.666666666666664,2021-12-04T06:08:00Z
Gunalda QESH,-25.994198141547088,152.56269417739531,3,40.666666666666664,2021-12-04T06:10:00Z
Gin Gin QESH,-24.989529996084883,151.95310955075183,3,40.666666666666664,2021-12-04T06:15:00Z
Rockhampton QESH,-23.382146860599264,150.51355170231477,3,40.666666666666664,2021-12-04T06:19:00Z
Supercheap auto,-33.76965243504467,150.67186991611658,1,22.0,2021-12-04T19:34:00Z
Scenic World Carpark,-33.728024559118296,150.300728600681,1,22.0,2021-12-04T19:48:00Z
Hydro Majestic Hotel,-33.67697329948779,150.281626751796,2,12.8,2021-12-04T19:57:00Z
Bathurst Rail Museum,-33.425767907528055,149.58141991356138,2,16.5,2021-12-04T20:09:00Z
Yass Soldiers Club,-34.84180413059654,148.9128633229027,1,22.0,2021-12-05T01:45:00Z
Richmond Tavistock No. 3 [Jolt],-33.86602668667314,151.06443969723887,2,25.0,2021-12-05T19:33:00Z
Ikea North Lakes,-27.242998014121355,153.01465696410696,3,40.666666666666664,2021-12-08T12:58:00Z
Project Ave Parking,-26.4086797421553,153.0461333645826,2,50.0,2021-12-08T13:06:00Z
Marlborough QESH,-22.82792884592763,149.9324998642801,3,40.666666666666664,2021-12-08T13:25:00Z
Carmila QESH,-21.908502802871126,149.41051205419296,3,40.666666666666664,2021-12-08T13:32:00Z
Mackay QESH,-21.139355499964623,149.18503710905475,3,40.666666666666664,2021-12-08T13:35:00Z
Proserpine QESH,-20.402473679690317,148.58154883254292,3,40.666666666666664,2021-12-08T13:38:00Z
Bowen QESH,-20.016753107666602,148.24891308162455,3,40.666666666666664,2021-12-08T13:40:00Z
Ayr QESH,-19.573864927671323,147.40556577868756,3,40.666666666666664,2021-12-08T13:44:00Z
Townsville QESH,-19.323358513085054,146.7583755416913,3,40.666666666666664,2021-12-08T13:52:00Z
PUMA /Evie,-19.319350027741095,146.8284609718744,2,350.0,2021-12-08T13:57:00Z
Cardwell QESH,-18.262614406268767,146.02462137635962,3,40.666666666666664,2021-12-08T14:01:00Z
Tully QESH,-17.9348995446898,145.92405904782356,3,40.666666666666664,2021-12-08T14:02:00Z
Innisfail QESH,-17.523530736436754,146.02679729814793,3,40.666666666666664,2021-12-08T14:04:00Z
Cairns QESH,-16.920519243236583,145.77903299687227,3,40.666666666666664,2021-12-08T14:07:00Z
Port Douglas QESH,-16.5267622520372,145.46290164900427,3,40.666666666666664,2021-12-08T14:11:00Z
Mossman Gorge Centre,-16.47409220742763,145.34900965034046,1,7.0,2021-12-08T14:14:00Z
City of Perth Council-House,-31.956912110143783,115.86065464317664,1,22.0,2021-12-09T02:37:00Z
Perth Convention and Exhibition Centre,-31.95535657614961,115.8529214449357,2,22.0,2021-12-09T02:54:00Z
Perth Cultural Centre,-31.95054936969006,115.8601032721649,1,22.0,2021-12-09T03:00:00Z
State Library of Western Australia,-31.949165795484845,115.86050694534993,1,22.0,2021-12-09T03:03:00Z
Myalup Beach Caravan Park,-33.10288926692897,115.68908721055715,3,16.733333333333334,2021-12-09T03:16:00Z
Stay Margaret River,-33.953751896279094,115.06007358112566,2,12.2,2021-12-09T03:24:00Z
Best Western Pemberton,-34.44411440805307,116.03653827573595,1,11.0,2021-12-09T04:03:00Z
Northcliffe Hotel Motel,-34.63065447771885,116.12378507568116,3,8.333333333333334,2021-12-09T04:12:00Z
Treetop Walk Motel,-34.9755934090466,116.73493267275126,1,14.4,2021-12-09T04:16:00Z
The Lily Dutch Windmill - Stirling Range,-34.223273068915724,118.21594999488394,3,13.166666666666666,2021-12-09T04:30:00Z
Wagin Motel,-33.30772086650226,117.34616189953726,2,9.1,2021-12-09T04:37:00Z
Narrogin Hotel,-32.93603653516006,117.16741450537256,2,5.0,2021-12-09T04:41:00Z
Millbrook Winery,-32.349268426066345,116.04988295662383,2,9.0,2021-12-09T05:04:00Z
BP Truckstop Merredin,-31.482755542949874,118.26874281054063,2,24.0,2021-12-10T10:26:00Z
The lodge at Little Rock,-31.48695074092305,118.25987173215276,1,7.0,2021-12-10T18:30:00Z
Bailey's Garage,-34.78231983827835,149.26678626597408,2,5.4,2021-12-10T22:12:00Z
Cross Street Carpark [NRMA],-35.108407383247055,147.37397056866416,2,50.0,2021-12-11T02:01:00Z
Silos estate,-34.80770297678462,150.63696170662024,1,22.0,2021-12-11T10:07:00Z
RAC Esperance Holiday Park,-33.846123629542156,121.901810358881,1,22.0,2021-12-15T05:33:00Z
Temora Council Chamber,-34.44602848720433,147.534391219815,2,50.0,2021-12-16T16:57:00Z
West Wyalong [NRMA],-33.92362578966908,147.2036629768271,2,50.0,2021-12-16T17:02:00Z
Hay [NRMA],-34.50867857950999,144.84290661775623,2,50.0,2021-12-16T17:19:00Z
Balranald [NRMA],-34.639493379894546,143.56448828860727,2,50.0,2021-12-16T17:24:00Z
Tanunda [NRMA],-34.5246854548199,138.95804140891113,2,50.0,2021-12-17T02:36:00Z
Berri [NRMA],-34.285689864254955,140.60355285882747,2,50.0,2021-12-17T02:46:00Z
Mildura [NRMA],-34.188998,142.162212,2,50.0,2021-12-17T02:49:00Z
Broken Hill [NRMA],-31.959754641960238,141.45961530379066,2,50.0,2021-12-17T03:08:00Z
Wilcannia [NRMA],-31.55748024734784,143.38590809166777,2,75.0,2021-12-17T03:29:00Z
Cobar [NRMA],-31.49883300000129,145.83757000000242,2,50.0,2021-12-17T03:37:00Z
Nyngan [NRMA],-31.564631000004198,147.1969360000096,2,50.0,2021-12-17T03:39:00Z
Bourke [NRMA],-30.088249,145.93511,2,50.0,2021-12-17T03:45:00Z
Brewarrina [NRMA],-29.960445999997674,146.85742999998627,2,50.0,2021-12-17T04:02:00Z
Walgett [NRMA],-30.02045011043731,148.11600190575848,2,50.0,2021-12-17T04:11:00Z
Dan Murphy's,-35.709931,150.17774,2,50.0,2021-12-19T02:34:00Z
Mona Vale [JOLT],-33.67606087720165,151.30325795651265,2,25.0,2021-12-20T03:09:00Z
Bru4U Geelong ,-38.1722195376013,144.36787923669385,1,22.0,2021-12-23T23:01:00Z
Tailem Bend Supercharger,-35.304008524281684,139.5011617693483,1,250.0,2021-12-27T06:12:00Z
Karringup Center,-31.877115379032254,115.77668949000957,2,22.0,2021-12-28T03:50:00Z
Snowy River Ave Car Park,-36.41589877494651,148.61978170531108,2,50.0,2021-12-28T21:26:00Z
Kensington [Jolt],-33.907070570863254,151.22409119211284,2,25.0,2021-12-29T23:50:00Z
Cann River [Evie],-37.565838504942874,149.15095912208483,2,50.0,2022-01-01T11:01:00Z
CTR Echuca [Evie],-36.127317,144.748147,4,37.5,2022-01-03T13:51:00Z
NRMA Jerilderie,-35.3544948219656,145.72500535480856,2,50.0,2022-01-04T06:19:00Z
McDonalds Southern River ,-32.10072552959724,115.96427117228632,2,24.0,2022-01-14T17:29:00Z
Woolworths Kireawee,-34.03429800987962,151.0734299224497,2,22.0,2022-01-14T20:03:00Z
Collingwood Library,-37.80446562888998,144.99324369474311,4,50.0,2022-01-15T03:38:00Z
Audi Centre Sydney ,-33.906943843362484,151.2131655272031,1,165.0,2022-01-16T05:07:00Z
Caiguna Roadhouse,-32.270905524317335,125.48817309652998,2,50.0,2022-01-16T05:50:00Z
Evie Networks - Westbury,-41.52579826718715,146.845108555965,2,350.0,2022-01-19T23:03:00Z
Devonport Supercharger,-41.17996296543798,146.36733778871076,1,250.0,2022-01-19T23:15:00Z
Bankstown [Evie],-33.93201456375411,151.03015532131081,4,50.0,2022-01-23T04:49:00Z
Evie Cabramatta,-33.89880022738458,150.91994378105392,4,50.0,2022-01-23T04:53:00Z
Coles Schofields,-33.706161447313946,150.87557080542024,4,50.0,2022-01-23T04:57:00Z
"Evie Caddens Corner, Kingswood. ",-33.76884540471722,150.73565759781445,3,40.666666666666664,2022-01-23T05:05:00Z
Evie Mosman,-33.82544433087931,151.24146564876457,2,50.0,2022-01-23T05:07:00Z
Evie Lane Cove,-33.81396420883535,151.16927647670855,4,50.0,2022-01-23T05:11:00Z
Stewart Street Carpark [NRMA],-34.42839437417402,150.9002218527666,3,91.66666666666667,2022-01-24T01:57:00Z
NRMA Bega,-36.672816817377345,149.843298364681,2,50.0,2022-01-24T13:02:00Z
Kay Brothers Winery,-35.183475,138.562114,3,12.8,2022-01-27T02:20:00Z
Tesla Supercharger South Village,-34.033063649505685,151.07388271966875,1,250.0,2022-02-02T13:06:00Z
Alford Street Carkpark,-26.539845251946076,151.8401208694786,2,50.0,2022-02-03T04:09:00Z
NRMA Olympic Park,-33.84605079570373,151.06985459321334,2,50.0,2022-02-08T04:10:00Z
Woolworths Bomaderry,-34.84424980817623,150.5957047714145,2,4.8,2022-02-10T03:48:00Z
Muja Power Station,-33.445938982545556,116.30230838389622,2,22.0,2022-02-15T03:12:00Z
Margaret River Tesla Supercharger,-33.950608094573674,115.07535449708394,1,250.0,2022-02-24T16:59:00Z
Tesla HPWC Destination Stations,-33.95063253619356,115.0753751366716,1,22.0,2022-02-24T17:02:00Z
Ravensthorpe Rapid Charger,-33.581757751467926,120.04414922702676,2,20.0,2022-02-27T14:17:00Z
Nelson St Parking/Charging,-36.332766383204394,141.64971116860374,1,22.0,2022-03-06T00:57:00Z
Murray Bridge Marketplace,-35.120564441564056,139.27705518334403,2,225.0,2022-03-06T01:09:00Z
Tasco Caltex Tailem Bend Roadhouse,-35.24011,139.44043,2,350.0,2022-03-06T01:19:00Z
Montacute Rd Parking Lot,-34.88767562172659,138.68894627441523,2,25.0,2022-03-06T01:26:00Z
JOLT Charge Charging Station,-34.88844859,138.6729899,2,25.0,2022-03-06T01:33:00Z
ARC Campbelltown,-34.88522639,138.6589639,2,25.0,2022-03-06T01:37:00Z
Newton Road & Hambledon Road Parking Lot,-34.87927540158708,138.67345957548423,2,25.0,2022-03-06T01:42:00Z
North East Rd & Fosters Rd Parking Lot,-34.871001175731514,138.63722023174773,2,25.0,2022-03-06T01:51:00Z
Klemzig Community Hall,-34.87572488834278,138.63146894360875,2,25.0,2022-03-06T01:58:00Z
CTR Whittlesea,-37.51050054135484,145.11840794982265,2,50.0,2022-03-06T04:47:00Z
CTR Mooroopna,-36.394569210184976,145.35971328556263,2,50.0,2022-03-06T05:01:00Z
Shepparton Observation Tower,-36.38020636184123,145.40022900912237,2,50.0,2022-03-06T05:06:00Z
"JOLT Charge Charging Station, Diagonal Rd & Finniss St Parking Lot",-35.01730838,138.5496564,2,25.0,2022-03-06T05:27:00Z
JOLT Charge Charging Station,-34.993301100409724,138.55605097847615,2,25.0,2022-03-06T05:34:00Z
JOLT Charge Charging Station Port Road & Mary St,-34.906046821499956,138.57331633553872,2,25.0,2022-03-06T05:40:00Z
"JOLT Charge Charging Station, Port Road and South Road",-34.90257639905725,138.56808664880919,2,25.0,2022-03-06T05:44:00Z
"JOLT Charge Charging Station, Port Rd and Oval Ave Parking Lot",-34.88273635973035,138.5382560926223,2,25.0,2022-03-06T05:49:00Z
"JOLT Charge Charging Station, Port Rd & Sussex St Parking",-34.86088589620734,138.51357488992744,2,25.0,2022-03-06T05:53:00Z
"JOLT Charge Charging Station, Port Rd & Cross St",-34.85975657562122,138.51286930207573,2,25.0,2022-03-06T05:56:00Z
"JOLT Charge Charging Station, Port Rd & Webber St",-34.85632286641643,138.5108515299687,2,25.0,2022-03-06T06:03:00Z
Largs Bay Kiosk  ,-34.82513183698616,138.48644726116333,1,11.0,2022-03-06T06:31:00Z
Elizabeth City Centre,-34.71700199965215,138.67008809690134,1,11.0,2022-03-08T07:22:00Z
Bathurst Visitor Information Centre,-33.419172942135916,149.5867333869616,2,50.0,2022-03-10T11:57:00Z
Orange Civic Theatre,-33.28140950021562,149.10278676941653,2,50.0,2022-03-10T12:01:00Z
NRMA Dubbo,-32.24930688696245,148.60934084946052,2,50.0,2022-03-10T12:04:00Z
NRMA Parkes,-33.13740733634146,148.1726837200183,2,50.0,2022-03-10T12:05:00Z
NRMA Mudgee,-32.59363440480615,149.58620557294023,2,50.0,2022-03-10T12:07:00Z
NRMA Young,-34.31187081704267,148.29509758416702,2,50.0,2022-03-10T12:09:00Z
NRMA Coonabarabran,-31.27869905611398,149.27917607446443,2,50.0,2022-03-10T12:13:00Z
Fremantle City Destination Charger,-32.058358281940116,115.74683696655552,1,22.0,2022-03-11T11:33:00Z
Milton's Kimba,-33.13983180286926,136.41923144109342,1,7.0,2022-04-01T01:06:00Z
Stanley St Peakhurst NSW,-33.961219,151.065897,2,25.0,2022-04-23T04:30:00Z
Ampol Belmont,-31.937804124448533,115.93314661815691,2,152.5,2022-04-28T11:34:00Z
Mona Vale library carpark [JOLT],-33.67610252225354,151.3038961163004,2,25.0,2022-05-04T23:25:00Z
RAC Monkey Mia Dolphin Resort,-25.79404118331594,113.7174661005642,2,22.0,2022-05-05T06:56:00Z
The Esplanade Hotel,-32.0575550674627,115.74617563567773,1,22.0,2022-05-06T00:30:00Z
Marrickville Metro,-33.90782667980605,151.17114538375472,4,50.0,2022-05-13T16:30:00Z
Bayside Council,-37.95937215569076,145.01794753966965,7,45.142857142857146,2022-06-06T06:32:00Z
Charlton QESH,-27.520004970190683,151.84936614835385,3,40.666666666666664,2022-06-07T07:49:00Z
QESH Lawes (Gatton),-27.551262926011873,152.33494320232535,3,40.666666666666664,2022-06-07T07:57:00Z
Springfield QESH,-27.68211786380263,152.8997425219154,3,40.666666666666664,2022-06-07T08:01:00Z
Beaufort Street Center,-31.935506742564613,115.87076797296731,4,50.0,2022-06-27T17:31:00Z
Pimpama Sports Hub [Chargefox],-27.82474804589667,153.29197672212968,6,75.0,2022-07-01T02:21:00Z
Mundaring Mall,-31.901205462212232,116.16524447173379,1,0,2022-07-03T01:54:00Z
University of Newcastle P6 [Chargefox],-32.89552323686248,151.7041509780654,4,22.0,2022-07-06T12:42:00Z
University of Newcastle P4 [Chargefox],-32.891834966143726,151.70194995124893,4,22.0,2022-07-06T12:49:00Z
Sportsground No.2 [Chargefox],-32.93024368595305,151.76074272098833,3,34.666666666666664,2022-07-08T04:30:00Z
Sodexo,-31.863212794659802,115.8219952419322,1,22.0,2022-07-13T03:57:00Z
Mineral Resources Park,-31.973892958483617,115.90811556642495,2,48.5,2022-07-29T13:47:00Z
Karrinup Shopping Mall,-31.876137033718443,115.7797782854434,4,50.0,2022-08-05T19:18:00Z
Karrinyup Shopping Mall,-31.876481125533687,115.77953901268904,1,22.0,2022-08-05T19:24:00Z
Coles Rochedale,-27.577966461570426,153.11287183851232,1,7.0,2022-08-14T12:07:00Z
Penong Caravan Park,-31.924999368627006,133.01048351419365,2,2.4,2022-09-02T08:16:00Z
Ceduna East West Motel,-32.1229317030085,133.68472803849068,1,22.0,2022-09-02T08:24:00Z
Hein Engineering and Auto Repairs,-32.800432285415354,134.22070659032465,1,22.0,2022-09-02T08:30:00Z
Poochera Hotel,-32.71933272913009,134.8371008807062,2,12.2,2022-09-02T08:35:00Z
Alexander Motel,-33.034535660079776,137.56252926357524,1,22.0,2022-09-02T08:40:00Z
Genr8,-41.23530922492269,146.40838662467104,1,22.0,2022-09-04T12:12:00Z
Southern Cross (WA EV Network),-31.23361756851189,119.3286940112805,2,78.5,2022-09-07T06:20:00Z
Geraldton (WA EV Network),-28.776305200123794,114.60373018998598,2,150.0,2022-09-07T06:33:00Z
Esperance (WA EV Network),-33.859972746355844,121.89351465054966,2,150.0,2022-09-07T06:45:00Z
Lancelin (WA EV Network),-31.020608259818943,115.33250387085991,2,78.5,2022-09-07T06:50:00Z
Jurien Bay (WA EV Network),-30.302737554400878,115.04237900347908,2,78.5,2022-09-07T06:56:00Z
Kalbarri (WA EV Network),-27.709188634154067,114.16688703445095,2,78.85,2022-09-07T07:03:00Z
Northampton (WA EV Network),-28.351800700760847,114.63081886035513,2,78.5,2022-09-07T07:10:00Z
Derby (WA EV Network),-17.305233762820208,123.6307580058915,2,86.0,2022-09-07T07:13:00Z
Fitzroy Crossing (WA EV Network),-18.17857664420802,125.5681911723807,1,150.0,2022-09-07T07:17:00Z
Halls Creek (WA EV Network),-18.224880864839363,127.66769723564244,2,86.0,2022-09-07T07:20:00Z
Northam (WA EV Network),-31.651939007895038,116.67166702973918,2,78.5,2022-09-07T07:23:00Z
Coolgardie (WA EV Network),-30.9542773451427,121.16115158011917,2,86.0,2022-09-07T07:26:00Z
Norseman (WA EV Network),-32.19598191392299,121.78059471864492,2,86.0,2022-09-07T07:29:00Z
Kojonup (WA EV Network),-33.837605443751286,117.15774179333812,2,80.5,2022-09-07T07:33:00Z
Mandurah Tesla Supercharger,-32.55756151687578,115.78712758765778,1,250.0,2022-09-07T07:54:00Z
Comfort Inn (1),-33.85897265526918,121.89565269882087,1,22.0,2022-09-07T08:13:00Z
Comfort Inn (2),-33.85818474495122,121.89569874021731,1,22.0,2022-09-07T08:15:00Z
James Street,-33.860051334649285,121.8935609361323,1,22.0,2022-09-07T08:18:00Z
GET Electric Head Office,-37.83334808033666,144.92004965602666,1,11.0,2022-09-07T12:06:00Z
Lorbek Luxury Cars,-37.821362270898675,144.95148061129817,1,11.0,2022-09-07T12:10:00Z
St Huberts Winery,-37.69718697137555,145.40782508992731,1,11.0,2022-09-07T12:13:00Z
Foodworks Baranduda,-36.17927,146.947538,1,11.0,2022-09-07T12:16:00Z
East Fremantle Town Hall,-32.04133321797954,115.76269085240256,1,22.0,2022-09-15T10:46:00Z
ECQ XL,-33.78758418286377,150.854268328623,1,11.0,2022-09-27T05:19:00Z
Albany Tesla Supercharger,-35.02798743189805,117.88063967238838,1,250.0,2022-09-28T00:25:00Z
Albany (WA EV Network),-35.02817640967042,117.88077174091336,2,150.0,2022-09-28T21:32:00Z
Vibe Hotel,-35.309243894976746,149.1877257460651,3,50.0,2022-10-13T02:38:00Z
Equinox 4 Public Parking Garage,-35.3207206891817,149.0970239200201,1,1.5,2022-11-02T04:45:00Z
Batemans Bay Regional Arts Aquatic & Leisure Centre [NRMA],-35.70905218176475,150.17306021349532,2,75.0,2022-11-16T04:19:00Z
Butler HomeCo,-31.638378110627542,115.6942988669141,2,124.0,2022-11-16T05:51:00Z
Electric Highway - Charters Towers,-20.065747289824046,146.26143583766293,3,57.333333333333336,2022-11-21T03:56:00Z
Electric Highway - Hughenden,-20.84258159434239,144.1999692028039,3,57.333333333333336,2022-11-21T03:59:00Z
Emu Street,-23.441757141064727,144.2476667046176,3,57.333333333333336,2022-11-21T04:01:00Z
King Street,-20.704760286341156,140.50816104083208,3,57.333333333333336,2022-11-21T04:04:00Z
Walpole (WA EV Network),-34.975686344871654,116.73200117323995,1,150.0,2022-12-01T06:26:00Z
Manjimup (WA EV Network),-34.241007903844505,116.14730165820424,2,78.5,2022-12-01T06:34:00Z
Denmark,-34.95943239021671,117.36526190064683,1,3.0,2022-12-01T08:36:00Z
Shire of Denmark,-34.959490421958655,117.3662113269055,2,5.35,2022-12-01T09:21:00Z
Electric Highway - Winton,-22.38702912605558,143.03147244666752,3,57.333333333333336,2022-12-02T00:25:00Z
"McGrath Ev, Kia",-35.34916691861491,149.0851370518916,1,110.0,2022-12-08T09:03:00Z
Bembit Bagrook Community Centre,-37.82495081827982,144.6818834275545,2,50.0,2022-12-10T07:50:00Z
Paralowie Village Shopping Centre,-34.759095035307816,138.59552632382326,2,350.0,2022-12-17T21:55:00Z
"EVIE, Madden Street North",-36.37766579345555,141.23821384253006,2,50.0,2022-12-17T23:06:00Z
Payneham Road,-34.88922847586827,138.65557887274917,4,50.0,2022-12-17T23:16:00Z
Foodland Felixstow,-34.890016663252645,138.65439370244155,2,50.0,2022-12-17T23:20:00Z
Webbe St Carpark,-34.92007383358501,138.63562438235135,4,50.0,2022-12-17T23:25:00Z
Osmond Terrace (Magill Rd Reserve) Parking,-34.91597917955596,138.63150307251476,2,25.0,2022-12-17T23:28:00Z
Dunstone Grove,-34.91105195616476,138.62884136182117,2,25.0,2022-12-17T23:31:00Z
JOLT Portrush Road Reserve,-34.8971769233329,138.63857263884665,2,25.0,2022-12-17T23:36:00Z
Payneham Community Centre,-34.895659138641385,138.641422,2,75.0,2022-12-17T23:43:00Z
Foodland Pasadena Shopping Centre,-34.99987618391288,138.59160301217617,2,36.0,2022-12-17T23:52:00Z
Rocland Nuriootpa,-34.460098,138.987775,3,105.0,2022-12-17T23:57:00Z
Shell Coles Express Warrenheip,-37.564139,143.934273,2,350.0,2022-12-18T00:04:00Z
Anzac Ave Parking,-37.036818,141.296757,2,50.0,2022-12-18T00:10:00Z
RACV Torquay Resort,-38.34015291155737,144.31105080946827,8,200.0,2022-12-18T00:26:00Z
Daylesford Town Hall,-37.342963,144.142175,2,25.0,2022-12-18T00:38:00Z
Kyneton,-37.246931,144.452169,2,50.0,2022-12-18T00:43:00Z
CTR Maryborough,-37.050846849191586,143.7414888704459,2,50.0,2022-12-18T00:47:00Z
Newbridge Public Hall,-36.74044691742351,143.90011318487984,2,25.0,2022-12-18T00:54:00Z
Leisurelink Aquatic & Recreation Centre,-38.19749674302702,144.3210373885172,4,50.0,2022-12-18T01:31:00Z
Kingston Village Square,-38.24661134219002,144.54005635897056,3,40.666666666666664,2022-12-18T01:39:00Z
Sorrento ,-38.33874299773124,144.73713563519414,4,50.0,2022-12-18T01:43:00Z
Rosebud RSL,-38.368575,144.905885,3,50.0,2022-12-18T01:52:00Z
Hastings,-38.30823,145.191932,2,50.0,2022-12-18T01:57:00Z
Transmutation Pty Ltd,-37.172487,139.75975,1,11.0,2022-12-18T02:02:00Z
Ardrossan Town Hall,-34.422616,137.916796,1,11.0,2022-12-18T02:06:00Z
Port Vincent Foreshore Caravan Park,-34.778476,137.863902,1,11.0,2022-12-18T02:10:00Z
Harry Butler Red Devil Memorial,-34.767943,137.597571,2,11.0,2022-12-18T02:13:00Z
Marion Bay Caravan Park,-35.245411,136.977691,1,3.6,2022-12-18T02:16:00Z
Young Street,-32.48888056535851,137.7628323665682,1,22.0,2022-12-18T02:20:00Z
Yorketown Playground,-35.017566,137.609652,1,11.0,2022-12-18T02:27:00Z
Kangaroo Island Airport ,-35.70877011906067,137.52325916672999,1,6.6,2022-12-18T02:31:00Z
American River Campground,-35.78733355242528,137.77135310423705,1,6.6,2022-12-18T02:35:00Z
Yankalilla Council Chambers,-35.457039,138.35117,3,9.533333333333333,2022-12-18T02:42:00Z
Standpipe Motel,-32.48044078394962,137.74961482243953,2,11.0,2022-12-18T02:55:00Z
Cypress Street,-26.41429531288886,146.24102042781533,3,57.333333333333336,2022-12-19T04:17:00Z
Electric Highway - Blackall,-24.423890075921904,145.46191669895347,3,57.333333333333336,2022-12-19T04:18:00Z
Electric Highway - Barcaldine,-23.55413031338604,145.287299548286,3,57.333333333333336,2022-12-19T04:19:00Z
BP Caboolture North,-27.123951870528913,152.97639020698597,2,75.0,2022-12-19T22:27:00Z
BP Caboolture Southbound,-27.124085965644262,152.9780074043885,1,75.0,2022-12-19T22:31:00Z
Gympie Road,-27.34180168016121,153.0107294767173,2,150.0,2022-12-19T22:37:00Z
Dawson St Parking Lot,-26.6500726120083,150.1870827550789,3,57.333333333333336,2022-12-21T01:53:00Z
Port Adelaide Plaza Shopping,-34.847827239879145,138.5066594793331,2,110.0,2022-12-21T06:03:00Z
Coles Supermarket Victor Harbor,-35.53437452488197,138.6368902187569,1,6.6,2022-12-21T06:20:00Z
Cobblebank Stadium,-37.71519007650546,144.5996762637954,3,24.0,2022-12-21T06:39:00Z
High St Parking,-37.35582370879025,144.52881756976018,2,50.0,2022-12-21T06:48:00Z
Castlemaine Market Building Car Park,-37.06657644547986,144.2177712521298,2,50.0,2022-12-21T06:54:00Z
Bendigo Art Gallery,-36.757619,144.276256,4,50.0,2022-12-21T06:57:00Z
Oke Street,-35.071065,142.315244,2,50.0,2022-12-21T07:04:00Z
CTR Robinvale CV003,-34.584523,142.774782,2,50.0,2022-12-21T07:07:00Z
CTR Swan Hill CV002,-35.337903,143.560657,2,50.0,2022-12-21T07:09:00Z
Enfield Community Centre,-34.873034,138.609126,2,50.0,2022-12-22T06:06:00Z
CTR Sea Lake,-35.50402,142.851666,2,50.0,2022-12-22T22:01:00Z
Wycheproof,-36.07890184338928,143.226557251102,2,50.0,2022-12-22T22:04:00Z
CTR Wedderburn CV008,-36.41800912094073,143.61392370392582,2,50.0,2022-12-22T22:09:00Z
Inglewood Town Hall,-36.57583541143875,143.867659190687,2,50.0,2022-12-22T22:12:00Z
High Street,-36.9986012995013,144.26096330721458,2,25.0,2022-12-22T22:17:00Z
Tatura,-36.440274,145.226059,2,25.0,2022-12-22T22:21:00Z
The Sebel Silverwoods Yarrawong,-36.002205,146.038649,2,50.0,2022-12-22T22:28:00Z
Albury Waste Management Centre,-36.02883254187933,146.89667434814538,2,50.0,2022-12-22T22:39:00Z
Keilor Central,-37.726166090249,144.80818393376683,4,50.0,2022-12-22T22:55:00Z
Ampol Foodary Altona North,-37.846404,144.808531,2,140.0,2022-12-22T23:05:00Z
Hobsons Bay Civic Centre,-37.864138,144.829593,2,50.0,2022-12-22T23:11:00Z
Middyâ€™s Port Melbourne,-37.82819,144.925654,2,25.0,2022-12-22T23:15:00Z
The Parade Ascot Vale Car Park,-37.772547,144.915133,4,50.0,2022-12-22T23:23:00Z
BP Northpoint,-37.64768,144.99461,2,350.0,2022-12-22T23:26:00Z
Bayside Gateway,-37.900527,145.00702,2,75.0,2022-12-22T23:46:00Z
Cherrybrook Village - Basement Carpark,-33.721132,151.04396,1,22.0,2022-12-23T01:32:00Z
Cherrybrook Village,-33.721132,151.04396,1,22.0,2022-12-23T01:42:00Z
Lynbrook Village,-38.051153,145.256504,4,50.0,2022-12-23T20:28:00Z
Stud Park Shopping Centre,-37.92131128415721,145.23754907301503,4,50.0,2022-12-23T20:32:00Z
Red Rooster Vermont,-37.831965,145.213612,4,50.0,2022-12-23T20:39:00Z
Yarra Ranges Council,-37.656879,145.374241,2,50.0,2022-12-23T20:42:00Z
BP pulse Diamond Creek,-37.680105,145.123078,2,75.0,2022-12-23T20:52:00Z
Corsair Solutions,-37.766927421965846,145.03085428289774,1,80.0,2022-12-23T21:05:00Z
Broadford Library,-37.20295,145.048954,2,25.0,2022-12-23T21:20:00Z
Kilmore Library,-37.294362,144.952084,2,25.0,2022-12-23T21:23:00Z
Coburg Town Hall / Moreland City,-37.74066654517114,144.96967301950258,1,7.0,2022-12-24T01:20:00Z
Swinburne University - TC Building,-37.820026,145.040303,2,50.0,2022-12-24T21:04:00Z
Malvern Central,-37.862429,145.027453,4,50.0,2022-12-24T21:13:00Z
Ellenbrook Home Co,-31.7772699,115.9641624,2,124.0,2022-12-29T09:23:00Z
Eastern Creek Quarter,-33.78477823234724,150.8530576715741,1,7.3,2023-01-22T03:35:00Z
Stanthorpe Creek Street,-28.657101387379626,151.93269360729965,3,57.333333333333336,2023-02-03T23:23:00Z
Club Trillium,-37.56509713731276,144.89381606273855,1,0,2023-02-04T03:39:00Z
Wellington Road,-27.489725503697883,153.03922171614113,1,22.0,2023-02-05T01:00:00Z
TOCEVA Racing Biofill,-32.057442507764414,115.80080093030847,1,80.0,2023-02-08T15:46:00Z
Pelican Motor Inn,-36.88808965360204,149.90858747152606,1,22.0,2023-02-14T01:48:00Z
JOLT Semaphore Rd,-34.839415,138.485548,2,25.0,2023-02-18T08:33:00Z
Cann River Chargefox,-37.56512884994517,149.15194482214702,2,50.0,2023-02-20T16:07:00Z
Cann River Tesla Supercharger,-37.56520566869879,149.15198469249782,1,250.0,2023-02-20T16:14:00Z
Bairnsdale,-37.823977,147.629556,2,50.0,2023-02-20T16:38:00Z
Chargefox Yarram,-38.564408,146.67454,2,50.0,2023-02-20T17:04:00Z
Wollongong Central - Regent St Carpark,-34.423975432207065,150.8913817469645,4,50.0,2023-02-20T17:20:00Z
Sallyâ€™s Corner,-34.607284700423534,150.22517362271452,4,350.0,2023-03-01T23:46:00Z
Marulan Roadhouse Southbound,-34.71861069630692,150.0006732657858,2,75.0,2023-03-01T23:49:00Z
Marulan Roadhouse Northbound,-34.71913537033707,149.99575545222547,2,75.0,2023-03-01T23:52:00Z
Orbost Chargefox,-37.70569202931135,148.45599196799412,2,50.0,2023-03-05T04:56:00Z
Barbagallo Raceway,-31.664336864323225,115.78576639030814,3,13.333333333333334,2014-09-27T20:41:00Z
Williams (WA EV Network),-33.030413391586315,116.87831212111337,2,78.5,2023-03-18T14:30:00Z
sgfleet,-35.3227262052871,149.1655969874277,2,25.0,2023-03-22T23:26:00Z
Tom Price DC Charger,-22.69369679043048,117.7962538370137,2,25.0,2023-03-23T02:53:00Z
Whitsunday Gold - Evie,-20.392030162735637,148.58120604948056,2,350.0,2023-04-05T20:30:00Z
Mornington Super Charger,-38.240896222658556,145.07444843528583,1,250.0,2023-04-08T05:30:00Z
Scorseby Engie,-37.91344215822404,145.21852997218298,2,100.0,2023-04-08T05:37:00Z
Evie Chelsea,-38.054822504708284,145.11600913546908,4,50.0,2023-04-08T05:43:00Z
Electric Highway Tasmania - Oatlands,-42.29898,147.37111,2,65.0,2023-04-10T12:04:00Z
Subiaco One Chargefox,-31.946094566198234,115.82508951776464,1,22.0,2023-04-12T01:24:00Z
EHT - Sandy Bay,-42.903116,147.336466,2,65.0,2023-04-14T01:06:00Z
Technology Place,-32.80989381760532,151.8440351156935,1,7.2,2023-04-18T04:06:00Z
Point Cook Town Centre,-37.88439995231257,144.73403564973228,1,7.0,2023-04-18T08:08:00Z
Little Walker Street,-28.865746474795223,153.04878848507587,2,50.0,2023-04-22T23:12:00Z
diamond creek community bank stadium,-37.673614374174896,145.16604356699168,1,22.0,2023-04-24T08:39:00Z
Marnong Estate,-37.53036061112412,144.88047325188313,1,22.0,2023-04-26T10:34:00Z
Tooleybuc Sporting Club,-34.729549625149865,143.19430431482874,2,22.0,2023-04-29T20:43:00Z
Bairnsdale Chargefox,-37.82556535406092,147.62768829827212,2,50.0,2023-05-05T23:35:00Z
HomeCo Castle Hill,-33.72778176586396,150.976245622693,4,50.0,2023-05-09T08:45:00Z
Westfield Carousel,-32.022177407350696,115.93916843857136,1,2.5,2023-05-16T23:59:00Z
Ampol Gosnells,-32.080050874907705,115.98798052330272,2,152.5,2023-05-26T13:09:00Z
Whyalla Veterinary Clinic,-33.03010493946057,137.52930357434326,2,48.5,2023-05-30T11:51:00Z
Coles South Perth,-31.981184422636147,115.86248950002266,4,7.0,2023-06-01T08:07:00Z
NRMA Inverell,-29.774658191367415,151.11461977623674,2,60.0,2023-06-04T14:58:00Z
NRMA Glen Innes,-29.738464518791687,151.7363027621517,2,50.0,2023-06-05T10:18:00Z
NRMA Scone,-32.050443549876185,150.86657130895486,2,50.0,2023-06-05T10:52:00Z
Campbelltown Supercharger,-34.07151792013103,150.80730085250025,1,250.0,2023-06-05T11:00:00Z
Blaxland Supercharger,-33.74525300296909,150.61025805036633,1,250.0,2023-06-06T11:16:00Z
Evie Lawson,-33.72070368975226,150.4297109802278,4,50.0,2023-06-06T11:34:00Z
EVIE Cameron Park,-32.8964286163983,151.59758681049271,2,350.0,2023-06-07T14:13:00Z
Exeter Supercharger,-34.60933240617118,150.22984763276781,1,250.0,2023-06-08T12:43:00Z
BP Pulse,-33.36290641211102,151.44446174596283,2,75.0,2023-06-14T11:33:00Z
Chatswood Chase Chargefox,-33.79511781061279,151.18644036778977,1,120.0,2023-06-18T08:34:00Z
Broome (WA EV Network),-17.970280524476166,122.23554864906441,2,86.0,2023-06-21T07:01:00Z
Ampol East Perth,-31.948662865419386,115.86948347276189,2,152.5,2023-06-21T07:32:00Z
Ampol Derrimut,-37.80519464533884,144.75198926317552,2,140.0,2023-06-26T03:16:00Z
Chargefox Teachers Mutual Bank,-33.77239824531827,150.84348282464293,1,0,2023-06-26T10:52:00Z
Evie Beaufort,-37.428865575035715,143.38285570096986,3,50.0,2023-06-27T05:48:00Z
Bunnings Tarneit,-37.83430858506595,144.69884313714417,1,22.0,2023-06-27T22:27:00Z
Ampol Melville ,-32.031412015833354,115.81520749424499,2,152.5,2023-06-29T06:26:00Z
Deni RSL,-35.535453,144.967298,1,22.0,2023-06-30T17:31:00Z
Evie - Bright,-36.72909821085958,146.9621075161064,2,50.0,2023-07-05T12:19:00Z
Yackandandah Community Development Company,-36.31377673712394,146.838576031665,2,50.0,2023-07-06T13:42:00Z
Monash Caufield,-37.87609755140018,145.0437890823424,2,50.0,2023-07-06T13:53:00Z
Wine by Sam,-37.02797706541075,145.14294410402647,2,25.0,2023-07-06T13:56:00Z
Omeo - Tongio Road,-37.10120685500498,147.5913216311938,2,50.0,2023-07-06T13:59:00Z
ENGIE - VIctoria Gardens,-37.81230000849669,145.01104431147348,2,100.0,2023-07-06T23:14:00Z
Engie - The Glen,-37.87707026526765,145.16444504069057,2,100.0,2023-07-06T23:21:00Z
Penguin Parade Car Park,-38.505470002342136,145.14849508723148,2,50.0,2023-07-06T23:26:00Z
Creswick Vicitors Information Centre,-37.42256775700739,143.89407103114934,2,50.0,2023-07-07T06:57:00Z
ENGIE - Bayside Centre,-38.13983274747568,145.12422212753893,1,50.0,2023-07-07T07:01:00Z
ClydeStone Square,-38.09340993256419,145.34171416795755,2,50.0,2023-07-07T07:06:00Z
City of Stonnington,-37.8558376330929,145.0295635713096,2,50.0,2023-07-07T07:11:00Z
Hilton Coles,-32.06408827282525,115.78180730214649,1,22.0,2023-07-07T12:03:00Z
RMIT - City Campus,-37.80624795114712,144.96401596254236,2,48.5,2023-07-07T13:00:00Z
JET Charge Office,-37.82858393063794,144.93443851602245,3,60.666666666666664,2023-07-07T13:07:00Z
Bayside Willansby Ave,-37.90610169777272,145.00363488616335,4,50.0,2023-07-08T09:48:00Z
Local Village Carrum Downs,-38.088427053571266,145.1825268436774,4,50.0,2023-07-08T10:07:00Z
Evie Kerang,-35.734343178074404,143.92168541640507,2,50.0,2023-07-08T10:32:00Z
Evie Dartmoor,-37.92221290806473,141.27619651056017,2,50.0,2023-07-08T10:40:00Z
Kingston Town Shopping Centre,-42.980209156103385,147.30374043545635,4,50.0,2023-07-08T10:45:00Z
Evie Flinders,-38.474526184383976,145.01862334358879,2,50.0,2023-07-08T10:47:00Z
Evie Maffra,-37.96731873526982,146.97479206718913,2,50.0,2023-07-08T10:49:00Z
Evie Meredith,-37.84437816290739,144.0768346824019,2,50.0,2023-07-08T10:53:00Z
Evie Lakes Entrance,-37.88192619723392,147.97348946515365,2,50.0,2023-07-08T10:56:00Z
Evie Cohuna,-35.80838371437618,144.22123701963017,2,50.0,2023-07-08T11:12:00Z
Evie Warracknabeal,-36.25068312709375,142.39379449793637,2,50.0,2023-07-08T11:14:00Z
Evie Yarrawonga,-36.010175172605514,146.00330137579863,2,50.0,2023-07-08T12:41:00Z
Victoria Street,-37.42305178823792,144.562626054862,2,50.0,2023-07-08T15:04:00Z
Evie Camperdown,-38.230321252822165,143.1458213510811,2,50.0,2023-07-08T15:07:00Z
Evie Dunkeld,-37.65017530125832,142.34254760364854,2,50.0,2023-07-08T15:10:00Z
Evie Alexandra,-37.19177622193456,145.71117802098246,2,50.0,2023-07-08T15:13:00Z
Evie Traralgon,-38.19562583791989,146.5329076841424,2,50.0,2023-07-08T15:15:00Z
Evie Wangaratta,-36.35361729522813,146.3252141757206,2,50.0,2023-07-08T15:17:00Z
Evie Mildura,-34.183567985291354,142.1585658445057,2,50.0,2023-07-12T14:18:00Z
Evie Dapto Mall,-34.49497612676224,150.79547723050382,4,50.0,2023-07-12T21:47:00Z
Hotel REalm,-35.312198318325976,149.1333088744247,4,50.0,2023-07-12T21:55:00Z
Evie Woden,-35.348299676937806,149.08890913353355,2,22.0,2023-07-12T22:33:00Z
Evie Adelaide Hills,-35.00971247867212,138.75901747075886,3,120.83333333333333,2023-07-12T23:06:00Z
Murrumbateman Country Inn,-34.96941392055333,149.03001688933142,2,50.0,2023-07-12T23:09:00Z
Tuggeranong CSCC,-35.41502698377792,149.06342879909937,2,22.0,2023-07-12T23:13:00Z
Hotel Bruny,-43.321799726979194,147.2422590158638,2,25.0,2023-07-13T07:30:00Z
Tas Hydro Power Station Heritage Site,-42.12462669442656,146.74664613345436,2,60.0,2023-07-13T07:35:00Z
Electric Highway Tasmania - Waratah,-41.4429562299098,145.52665769580165,2,24.0,2023-07-13T07:39:00Z
Audi Centre Hobart,-42.87538883111667,147.32416098548657,1,50.0,2023-07-13T07:43:00Z
Jackson Volkswagen,-41.45022658817194,147.14154103560344,2,50.0,2023-07-13T07:50:00Z
Cataract Gorge Basin Car Park,-41.44637646555024,147.12284889511938,1,7.0,2023-07-13T07:59:00Z
BP Pulse Eastern Creek,-33.811041669720204,150.85030018744214,1,75.0,2023-07-13T11:30:00Z
Moonee Ponds Central,-37.76583087874345,144.92352649174768,2,22.0,2023-07-14T05:53:00Z
RMIT Brunswick,-37.7716796666272,144.95818485880557,1,22.0,2023-07-14T05:55:00Z
David Street Car Park,-37.771645139851486,144.96173089792444,1,22.0,2023-07-14T05:57:00Z
Fleming Park,-37.769132479580406,144.9747860386588,2,7.0,2023-07-14T05:59:00Z
Brighton Council Chambers,-42.75097184541446,147.27872555026147,1,22.0,2023-07-14T06:03:00Z
Yarra Valley Nissan,-37.754997221186045,145.3637260206866,1,11.0,2023-07-14T06:05:00Z
Electric Highway Tasmania - Ouse,-42.48504801756201,146.7100908639125,3,23.333333333333332,2023-07-14T06:08:00Z
Stewarts Bay Lodge,-43.13907166604574,147.8548439357172,2,22.0,2023-07-14T07:25:00Z
Dindi Naturals,-37.10296645372912,145.61620856939197,1,7.0,2023-07-14T07:26:00Z
Cobblebank Village,-37.7144019574638,144.60143699904745,2,22.0,2023-07-14T07:37:00Z
Austin Tower Carpark Level B1,-37.75745813437603,145.05918510936715,2,22.0,2023-07-14T13:41:00Z
Woolworths Heidelberg,-37.75910544295768,145.06876762326635,8,10.75,2023-07-14T13:46:00Z
Deakin University Waurn Ponds,-38.19671590570452,144.29935439201148,2,22.0,2023-07-14T13:49:00Z
Midlands Golf Club,-37.52794764296954,143.85802750554984,3,22.0,2023-07-14T13:52:00Z
Callaghan Motors,-38.36320203022315,142.4561073425345,1,22.0,2023-07-14T13:54:00Z
Devon Street Car Park,-37.79675756180921,145.27982712620957,2,7.0,2023-07-14T13:57:00Z
Eltham Leisure Centre,-37.72302764419204,145.14217983897862,2,7.0,2023-07-14T13:59:00Z
Chadstone Shopping Centre,-37.884974305769425,145.08243117285895,6,7.0,2023-07-14T14:12:00Z
RACV Solar Grovedale,-38.197594122360314,144.34487185372615,1,22.0,2023-07-14T14:14:00Z
Blue Tongue Industries,-38.197502248120415,144.34395122104382,1,22.0,2023-07-14T14:16:00Z
Wuality Resort Siesta,-36.045905,146.943511,4,7.0,2023-07-14T14:20:00Z
Armstrong Creek East Community Hub,-38.231759419255376,144.36927996323692,3,22.0,2023-07-14T14:24:00Z
50 Learmonth Street,-38.26770792670353,144.6589785355144,4,50.0,2023-07-14T14:26:00Z
Electric Highway Tasmania - Triabunna,-42.50810955517955,147.91002661194875,3,22.666666666666668,2023-07-14T14:34:00Z
Jolt Bayswster,-37.84108696617519,145.2666187431746,2,25.0,2023-07-15T02:19:00Z
George Town Council Chambers,-41.105627281858055,146.82315392988272,2,75.0,2023-07-15T06:22:00Z
Inveresk QVMAG Car Park,-41.425875,147.139979,1,22.0,2023-07-15T06:46:00Z
Electric Highway Tasmania - Cygnet,-43.161979080863325,147.07772323414196,3,23.333333333333332,2023-07-15T06:49:00Z
Mansi on Raymond,-38.101629,147.065543,1,22.0,2023-07-15T06:53:00Z
Rocket @ The End Of The Road,-43.43165,146.97408,1,22.0,2023-07-15T06:54:00Z
The Isla,-35.731097,150.197277,1,7.0,2023-07-15T06:56:00Z
Electric Highway Tasmania - Fingal,-41.638,147.9681,3,18.333333333333332,2023-07-15T06:59:00Z
Electric Highway Tasmania - Derby,-41.149411,147.803691,3,18.333333333333332,2023-07-15T07:03:00Z
Electric Highway Tasmania - Dunalley,-42.886808,147.81389,2,60.0,2023-07-15T07:05:00Z
Electric Highway Tasmania - Maydena,-42.754949,146.628993,3,22.666666666666668,2023-07-15T07:12:00Z
Strata Equity â€“ Hunter Werribee,-37.901930594530896,144.6625784145474,3,22.0,2023-07-15T07:15:00Z
10 Esplanade,-42.155391,145.32604,3,40.666666666666664,2023-07-15T07:25:00Z
Motors Devonport,-41.179441,146.341294,2,23.0,2023-07-15T07:29:00Z
Bendigo Kangan Institute,-36.7527695,144.2940181,2,80.0,2023-07-15T07:35:00Z
TLE Electrical Artarmon,-33.81845312500111,151.18932889926964,2,22.0,2023-07-15T07:52:00Z
Mirvac South Eveleigh,-33.8955812,151.1958121,6,36.0,2023-07-15T07:56:00Z
ENGIE - Warriewood Square,-33.695602,151.2962878,1,120.0,2023-07-15T07:59:00Z
NRMA - Sydney,-33.9055215,151.2128,3,150.0,2023-07-15T08:58:00Z
ENGIE - Roselands Shopping Centre,-33.935,151.069205,1,120.0,2023-07-15T09:01:00Z
ENGIE - DFO Homebush,-33.855576,151.076681,1,120.0,2023-07-15T09:04:00Z
The Heffron Centre,-33.97374,151.236646,8,25.0,2023-07-15T09:08:00Z
Berowra Tennis Centre,-33.621379,151.1494478,1,75.0,2023-07-15T09:11:00Z
Pennant Hills Toyota,-33.7366211,151.0743388,1,50.0,2023-07-15T09:21:00Z
ENGIE - Greenway Wetherill Park,-33.850403,150.89840155,1,120.0,2023-07-15T09:24:00Z
Macquarie Centre,-33.777565954445315,151.12056384466786,4,50.0,2023-07-15T11:52:00Z
Brickworks Ferry Road,-27.980749,153.409711,4,50.0,2023-07-15T11:57:00Z
Robina Central,-28.081588,153.381888,2,50.0,2023-07-15T12:00:00Z
Royal Randwick,-33.915187,151.240972,4,50.0,2023-07-15T12:06:00Z
Evie Darwin,-12.459284,130.836153,4,50.0,2023-07-15T12:09:00Z
Civic Plaza 88 Christie,-33.823861,151.195326,4,50.0,2023-07-15T12:12:00Z
Belrose Home,-33.703118,151.212917,4,50.0,2023-07-15T12:14:00Z
Eastgate Bondi Junction,-33.892967,151.248028,4,50.0,2023-07-15T12:17:00Z
BP Caringbah,-34.03295211277035,151.12520883189632,4,50.0,2023-07-15T12:20:00Z
Red Rooster ,-12.396092,130.8968483,4,50.0,2023-07-15T12:24:00Z
Allambie Grove Business Park,-33.751303,151.2433284,2,150.0,2023-07-15T12:27:00Z
Gasworks Plaza,-27.4504829,153.0443855,4,50.0,2023-07-15T13:24:00Z
Bundamba,-27.588131,152.821959,2,350.0,2023-07-15T13:31:00Z
Birkdale Fair,-27.4915472,153.2179852,4,50.0,2023-07-15T13:39:00Z
Ashfield Mall,-33.8895642,151.1235986,4,50.0,2023-07-15T13:50:00Z
Montague Markets,-27.4856857,153.00120821,4,50.0,2023-07-15T13:52:00Z
Lutwyche Market Central,-27.422167,153.034685,4,50.0,2023-07-15T13:57:00Z
Northpoint Shopping Centre,-27.541346,151.952256,2,350.0,2023-07-15T13:59:00Z
Billabong Trailer Park,-26.817509801079424,114.61472149842416,1,22.0,2023-07-16T05:17:00Z
"Elizabeth City Centre, ",-34.7189959,138.6663354,1,120.0,2023-07-16T06:18:00Z
Barossa Central Shopping Centre,-34.4790652,138.9615012,1,150.0,2023-07-16T06:32:00Z
Caloundra Shopping Centre,-26.803426,153.12491,4,50.0,2023-07-16T12:33:00Z
Pacific Fair,-28.0353512,153.4274028,4,50.0,2023-07-16T12:38:00Z
Victoria Point,-27.5867871,153.283693717,4,50.0,2023-07-16T12:41:00Z
Leichhardt Marketplace,-33.883514,151.150017,4,50.0,2023-07-16T12:44:00Z
Noosa Village,-26.400474,153.064833,4,50.0,2023-07-16T12:49:00Z
Swansea,-33.0833,151.6333,4,50.0,2023-07-16T12:52:00Z
Jindalee Home,-27.533780259789047,152.94849091743436,4,50.0,2023-07-16T12:54:00Z
BP Ashfield,-33.87421821418127,151.12682969039508,4,50.0,2023-07-16T21:55:00Z
Springwood,-27.612304,153.124421,4,50.0,2023-07-16T21:58:00Z
Raglan Street West,-33.83121718107124,151.24368057896396,4,50.0,2023-07-16T22:00:00Z
Brendale Service Centre,-27.328346265392916,152.98746683129355,4,50.0,2023-07-16T22:02:00Z
Casula Mall,-33.947906375047246,150.90105410921717,4,50.0,2023-07-16T22:04:00Z
Dorhauer Lane,-33.88847179022024,151.23760032945688,2,50.0,2023-07-16T22:06:00Z
Jamisontown,-33.770379031934034,150.67371849780716,2,200.0,2023-07-16T23:05:00Z
Northbridge Plaza,-33.809374,151.208591,4,50.0,2023-07-16T23:09:00Z
Best Western Ranges Hotel,-20.752161296542837,116.84864209690846,1,22.0,2023-07-17T00:33:00Z
Red Rooster Guildford,-33.85283452159095,150.99575854229482,4,50.0,2023-07-17T06:46:00Z
Indooroopilly,-27.49838316297592,152.97362245069473,4,50.0,2023-07-17T06:52:00Z
The Station Oxley,-27.553059245373817,152.97525758314129,4,50.0,2023-07-17T06:54:00Z
Miami Aquatic Centre,-28.061726469417813,153.4293860165546,2,75.0,2023-07-17T11:22:00Z
ENGIE - Lake Haven Centre,-33.24078932377033,151.50325247968817,1,120.0,2023-07-17T12:19:00Z
Electric Highway - Esk,-27.239039102114774,152.42027885374284,3,57.333333333333336,2023-07-17T12:37:00Z
Bus Stop Sales - Rocklea,-27.552386663917353,153.00880127325075,2,75.0,2023-07-17T12:39:00Z
Gold Coast Sports & Leisure Centre,-28.004299394733387,153.36456618761417,2,75.0,2023-07-17T12:45:00Z
Electric Highway - Ipswich,-27.616321690924863,152.75861722481307,3,40.666666666666664,2023-07-17T12:51:00Z
Electric Highway - Dingo,-23.646873090081343,149.3325053332834,3,57.333333333333336,2023-07-17T13:39:00Z
Lancaster Motor Group,-32.576825359627556,151.18453691259265,1,100.0,2023-07-19T13:03:00Z
Billabong Homestead Hotel,-26.81653584774535,114.6141092018064,1,50.0,2023-07-21T01:49:00Z
Warmun Roadhouse (WA EV Network),-17.017056005797656,128.21775683357424,2,86.0,2023-07-25T10:37:00Z
Hepburn Springs Bathhouse,-37.31033013058219,144.14010887525797,2,50.0,2023-07-28T08:17:00Z
Byron Bay Library,-28.643331391697856,153.61569695569148,2,50.0,2023-07-28T08:24:00Z
Rydges Port Macquarie,-31.42838118857074,152.908821311353,1,22.0,2023-07-28T17:47:00Z
Bundall Chamers,-28.001849617468316,153.41528386738196,2,75.0,2023-07-29T09:44:00Z
Lismore City Council,-28.806512,153.278955,2,75.0,2023-07-29T09:51:00Z
27 - 49 Browns Plains Road,-27.663992390175515,153.0411196361111,1,120.0,2023-07-29T09:57:00Z
Vicinity Centres - Grand Plaza,-27.66241706105511,153.0403591131698,2,22.0,2023-07-29T09:59:00Z
Kurrawa Surf Club,-28.029580796113862,153.43460209485096,2,75.0,2023-07-29T10:02:00Z
New Broadwater Parklands,-27.960063068781317,153.41231494799337,2,75.0,2023-07-29T10:05:00Z
Soldiers Point Marina,-32.70132961987918,152.06273775785866,2,24.0,2023-07-29T10:08:00Z
Nerang Admin,-27.98457931723788,153.33902087264016,2,50.0,2023-07-29T10:13:00Z
Electric Highway - Kingaroy,-26.540236121911178,151.83832086354795,3,57.333333333333336,2023-07-29T10:22:00Z
Kwinana City Centro,-32.24065444817922,115.81355718837756,2,60.0,2023-07-30T04:18:00Z
Ampol Foodary Baldivis,-32.33110206204209,115.82079377764967,2,150.0,2023-07-30T05:33:00Z
Newling Reserve,-38.2451409999477,144.17299786561424,1,7.0,2023-08-04T06:02:00Z
bp pulse Merrifield,-37.53426998045639,144.89828573356567,2,75.0,2023-08-04T22:53:00Z
Macquarie Regional Library Wellington,-32.555451644419065,148.94186794794365,1,22.0,2023-08-06T04:49:00Z
Glenrowan North [bp pulse],-36.43833642761878,146.2481571029768,3,75.0,2023-08-08T00:02:00Z
Glenrowan South [bp pulse],-36.43943308112671,146.2499032852465,2,75.0,2023-08-08T00:03:00Z
Fairy Meadow [bp pulse],-34.40299801963799,150.89157957672126,1,75.0,2023-08-09T11:24:00Z
Maroochy Plaza [bp pulse],-26.65561596418697,153.07350136591492,1,75.0,2023-08-09T11:32:00Z
bp pulse Sydenham,-33.916260575133784,151.17311326359567,1,75.0,2023-08-09T11:35:00Z
bp pulse Rosehill,-33.818996055217895,151.02170364175703,1,75.0,2023-08-09T12:02:00Z
bp pulse Albany Forrest,-27.357963044567576,152.96944606011124,2,75.0,2023-08-09T12:08:00Z
bp pulse Rye,-38.37130601612926,144.8277248633259,1,75.0,2023-08-09T12:12:00Z
bp pulse Dandenong North,-37.970797096657705,145.22316104545723,1,75.0,2023-08-09T12:14:00Z
bp pulse Loganholme,-27.684545775335394,153.18963641316446,3,75.0,2023-08-09T12:27:00Z
Coffs Harbour [bp pulse],-30.291705053434413,153.1183335669906,2,75.0,2023-08-09T12:33:00Z
Springwood [bp pulse],-27.622308783587712,153.12819192141268,2,75.0,2023-08-09T12:40:00Z
Logan Motorway [bp pulse],-27.640356550632916,153.0095965529904,2,75.0,2023-08-09T12:45:00Z
Wiley Park [bp pulse],-33.919392020719556,151.06669418522023,2,75.0,2023-08-09T12:50:00Z
East Brisbane [bp pulse],-27.479742,153.043682,1,75.0,2023-08-09T12:52:00Z
Carnarvon (WA EV Network),-24.883472420392252,113.65628450455051,2,86.0,2023-08-12T07:52:00Z
Merredin (WA EV Highway),-31.482388441408943,118.27832297090504,2,78.5,2023-08-13T07:47:00Z
ENGIE - Chadstone,-37.884370226319035,145.08316779641655,2,100.0,2023-08-16T11:02:00Z
EV Charging Australia,-27.973719,152.994503,1,40.0,2023-08-16T11:04:00Z
Civic Centre,-37.897374392712145,144.67054059560462,3,50.0,2023-08-23T00:56:00Z
bp pulse Hamilton,-27.437537,153.07008,1,75.0,2023-08-23T12:16:00Z
bp pulse Nambour,-26.630979038266453,152.960453125286,1,75.0,2023-08-23T12:20:00Z
bp pulse Blacksoil,-27.579063,152.712931,1,75.0,2023-08-23T12:21:00Z
bp pulse Seven Hills,-33.76725,150.952041,1,75.0,2023-08-23T12:22:00Z
Boorowa Ex-services and Citizens Club,-34.43723217352768,148.7237343048496,1,22.0,2023-08-23T23:37:00Z
Leppington Village Shopping Centre,-33.961508128351525,150.80570305129015,1,7.0,2023-08-23T23:50:00Z
Cowra Driver Reviver Rest Area,-33.8356251851398,148.68186745491857,1,22.0,2023-08-23T23:59:00Z
Chargefox,-33.770837178135245,150.84515556849738,1,7.4,2023-08-25T10:56:00Z
The Mount Druitt Hub,-33.767499717192706,150.82239944831394,1,7.4,2023-08-25T11:02:00Z
Kings Park (WA EV Network),-31.966752218660034,115.8223778363822,2,86.0,2023-08-27T13:25:00Z
Ampol Foodary Penrith,-33.7430336465433,150.69296375875626,2,140.0,2023-08-29T23:58:00Z
Electric Highway Tasmania - Kingston,-42.975674,147.311542,2,120.0,2023-08-31T11:09:00Z
ENGIE - Royal Australian Mint,-35.31872,149.093821,2,150.0,2023-08-31T11:13:00Z
Yea Supercharger,-37.21006161015167,145.4261473877039,1,135.0,2023-08-31T12:04:00Z
Geelong Supercharger,-38.064796504586276,144.38238251338635,1,250.0,2023-08-31T12:09:00Z
Colac Supercharger,-38.34137606647682,143.59297402313945,1,250.0,2023-08-31T12:10:00Z
Warnambool Supercharger,-38.380939,142.518958,1,250.0,2023-08-31T12:12:00Z
Morley Sport and Recreation Centre,-31.89248383322912,115.89594640150904,2,22.0,2023-09-01T07:29:00Z
Wongan Hills Vistor Center,-30.89283905452806,116.71613902661392,1,22.0,2023-09-01T11:09:00Z
Karratha (WA EV Network),-20.73538816872096,116.84749086556644,2,86.0,2023-09-02T04:01:00Z
NRMA Short Street Car Park,-32.58948930999341,149.58496449340686,2,180.0,2023-09-03T06:44:00Z
Denham (WA EV Highway),-25.927965006899086,113.53579323666713,2,86.0,2023-09-04T13:12:00Z
RAA Charge - Kimba Bowling Club,-33.135121425836196,136.41678887852186,1,7.0,2023-09-07T05:51:00Z
Ravensthorpe (WA EV Network),-33.58074371719907,120.04624160596336,2,150.0,2023-09-07T09:30:00Z
Jerramungup (WA EV Network),-33.93987597013291,118.92073932501205,2,86.0,2023-09-07T09:36:00Z
North Bellarine Aquatic Centre,-38.188088367705056,144.55520001587047,4,50.0,2023-09-08T03:19:00Z
Heyfield Apex Park,-37.98035192583418,146.7866369371215,1,50.0,2023-09-08T03:22:00Z
Bicheno East Coast Holiday Park - EV charging station ,-41.87508668420113,148.30190462959308,1,0,2023-09-09T22:23:00Z
Morowa Destination Charger,-29.210721611002967,116.00847792163336,2,22.0,2023-09-10T10:40:00Z
Hyden (WA EV Network),-32.44938187858875,118.86590392183905,2,86.0,2023-09-11T14:18:00Z
NRMA Fast Charger Gunnedah,-30.978295982227706,150.25129064038157,2,50.0,2023-09-14T06:39:00Z
Brookton (WA EV Network),-32.36748025468421,117.00946148863972,2,86.0,2023-09-15T15:41:00Z
Hilton Garden Inn Albany,-35.029504038354794,117.88711964420804,1,11.0,2023-09-15T23:56:00Z
Ampol Kilsyth,-37.82365941817221,145.2959481777906,2,137.5,2023-09-18T14:17:00Z
Cedar Lodge Motel,-30.5168745388638,151.66662986871611,1,7.0,2023-09-19T06:24:00Z
Electrona EV Charging Station,-41.87471231875492,148.3041358766775,3,40.666666666666664,2023-09-24T07:47:00Z
Ampol Waitara,-33.71060645301792,151.1025062095589,1,0,2023-09-30T02:26:00Z
HBF Arena - Joondalup,-31.73530856799269,115.76057078337675,1,22.0,2023-10-01T05:34:00Z
Exmouth (WA EV Network),-21.937404564407117,114.13060539906303,2,86.0,2023-10-02T13:05:00Z
Dalwallinu,-30.27621389393004,116.66182170267825,2,50.0,2023-10-05T08:51:00Z
RAA Charge Cowell,-33.68530286444153,136.92905700914315,1,150.0,2023-10-07T11:11:00Z
Seahorse Inn Hotel,-37.10326647778291,149.87937771549701,1,22.0,2023-10-09T22:14:00Z
Blue Marlin Court,-37.051215336112,149.90155657766792,1,22.0,2023-10-09T22:20:00Z
Ampol Foodary Pheasants Nest Northbound,-34.2829974272134,150.63679286992692,2,125.0,2023-10-14T04:02:00Z
Ampol Foodary Pheasants Nest Southbound,-34.2834466714301,150.63939668827243,2,100.0,2023-10-14T04:11:00Z
Wallan,-37.413967109460415,144.9791065326649,2,50.0,2023-10-15T11:10:00Z
Heathcote Visitor Centre,-36.923705481847556,144.7100660165538,2,50.0,2023-10-15T11:34:00Z
Kununarra (WA EV Network),-15.779058583778237,128.74043814383487,2,86.0,2023-10-18T15:32:00Z
Coogee Supercharger,-32.102866290875234,115.76244884692244,1,250.0,2023-10-18T16:02:00Z
Arkaroola Road,-30.311578112924515,139.33620167274148,1,22.0,2023-11-17T02:47:00Z
Apex Energy Australia,-34.991588982756106,138.57595688588066,1,22.0,2023-11-17T02:51:00Z
Kimba Roadhouse - Chargefox,-33.14584,136.415203,1,150.0,2023-11-17T09:35:00Z
RRA Charge Wudinna Hall - Chargefox,-33.047159,135.461943,1,150.0,2023-11-17T09:38:00Z
BP Pulse Ferny Grove,-27.402355423317843,152.93697981150945,1,75.0,2023-11-21T12:54:00Z
Joondalup Fast Charger,-31.758081346597947,115.77145646090628,1,0,2023-11-21T14:56:00Z
Rocland Nuriootpa,-34.4602252,138.9866954,3,105.0,2023-11-22T00:46:00Z
Beatty Park Leisure Centre,-31.936258468207264,115.8497013709943,1,22.0,2023-11-22T15:42:00Z
Wells Street,-32.79758493806768,134.19831799463498,1,150.0,2023-11-25T10:22:00Z
Knutsford Village,-32.05199556827005,115.76493682476348,2,50.0,2023-11-26T08:42:00Z
Thornlie Square Mall,-32.05512902897771,115.96339054908071,3,0,2023-11-29T11:16:00Z
Overlander Roadhouse (WA EV Network),-26.41184549747159,114.46404594375008,2,36.0,2023-12-01T12:30:00Z
RAA Charge Wharflands,-32.48927,137.7612186,2,200.0,2023-12-01T23:46:00Z
RAA Charge Whyalla Westland Shopping Centre,-33.02641308008939,137.53226864294578,1,150.0,2023-12-02T03:44:00Z
Roma Explorer Inn,-26.575093433135848,148.80762514285902,1,22.0,2023-12-17T10:01:00Z
WA EV Netork - Bunbury,-33.32517168635446,115.642665842138,2,150.0,2023-12-20T09:15:00Z
Bairnsdale Coles,-37.82454530904592,147.6327352303539,1,250.0,2023-12-26T16:03:00Z
Coles Bairnsdale,-37.82480937950314,147.63246014953563,1,250.0,2023-12-29T04:45:00Z
Warnambool Tourist Information Centre,-38.389181,142.484993,2,50.0,2023-12-30T23:34:00Z
Car Park,-28.21747800470518,152.03115724286278,2,0,2024-01-06T02:10:00Z
Wyalkatchem Community Resource Center,-31.179597642152913,117.37944093832061,1,22.0,2024-01-06T04:44:00Z
Old Courthouse Museum ,-32.933670519982606,117.17677737808447,1,22.0,2024-01-17T07:06:00Z
Narrogin Memorial Park ,-32.934143432527556,117.17480124057863,1,22.0,2024-01-17T07:11:00Z
Narrogin Trailer Park,-32.937064398774,117.16399188426647,1,22.0,2024-01-17T07:18:00Z
Kojonup Supercharger,-33.83760753000146,117.15848196904221,1,250.0,2024-01-17T18:48:00Z
Marla,-27.303552224037652,133.6227445832953,1,15.0,2024-02-06T12:41:00Z
235 Argyle Street,-42.87494,147.32169,1,0,2014-11-29T05:39:00Z
650 Church Street Building 5,-37.8318863645605,144.995866953165,1,120.0,2014-12-11T06:04:00Z
Southland Medical Centre,-37.958611,145.057267,0,0,2015-01-13T10:14:00Z
100 St Kilda Rd,-37.82155,144.968518,1,0,2015-01-28T11:43:00Z
RAC Electric Highway Mandurah ,-32.527664807186866,115.72121359357834,3,35.666666666666664,2015-06-25T04:58:00Z
Symmonds Street Carpark,-33.323613307980935,115.63775926256562,3,35.733333333333334,2015-06-25T06:09:00Z
Busselton RAC,-33.6458309709066,115.34195677902198,3,35.733333333333334,2015-06-25T06:12:00Z
UWA DC FC Veefil,-31.9788128701367,115.819373130798,2,50.0,2015-06-25T05:35:00Z
Nissan Motor Co.,-38.02666154446849,145.20960330963135,1,0,2011-07-06T17:46:00Z
Crowne Plaza Terrigal,-33.4484777280442,151.445479384747,1,3.0,2015-09-12T18:46:00Z
Westfield Sydney - Valet Parking,-33.8694048813709,151.208287100525,1,7.6,2015-10-07T19:30:00Z
Park Hyatt Sydney,-33.8560032,151.2094239,1,7.6,2015-10-11T19:50:00Z
Evoenergy Visitor Carpark,-35.42275,149.072389,2,50.0,2016-01-09T00:02:00Z
City of Casey,-38.016591,145.292402,1,7.0,2016-01-12T10:00:00Z
St Kilda Town Hall,-37.8682677,144.9895699,2,2.95,2016-01-25T00:16:00Z
Mittagong NSW Main Street,-34.4499721,150.451723,1,7.2,2016-02-01T23:09:00Z
Tonsley Boulevard,-35.00825619441188,138.57490811884736,4,50.0,2016-03-03T12:28:00Z
Eucla Motor Hotel,-31.677182739271366,128.88337208224527,2,12.5,2016-05-09T22:49:00Z
Nullarbor Roadhouse Caravan Park,-31.4502257,130.8962769,1,22.0,2016-05-09T22:49:00Z
Border Village,-31.638741120034034,129.00329404080298,1,16.0,2016-05-09T22:49:00Z
Balladonia Hotel Motel,-32.351950707003716,123.61710184080994,2,22.0,2016-05-09T22:49:00Z
Norseman Oval,-32.19640258752865,121.77616249834006,1,22.0,2016-05-09T22:49:00Z
Southern Cross Oval,-31.2292014414001,119.328518825795,1,22.0,2016-05-09T22:49:00Z
CBH Group,-31.483285,118.249168,1,22.0,2016-05-09T22:49:00Z
Augusta Car Park RAC Electric Highway,-34.315148,115.158737,3,35.666666666666664,2016-05-09T22:49:00Z
Margaret River RAC Electric Highway,-33.95358142418849,115.070896629059,3,35.666666666666664,2016-05-09T22:49:00Z
Nannup Fast Charger,-33.979816,115.763459,3,47.666666666666664,2016-05-09T22:49:00Z
Dunsborough RAC Electric Highway,-33.616195,115.107246,3,35.666666666666664,2016-05-09T22:49:00Z
RAC Electric Highway Harvey,-33.079053,115.896327,3,35.666666666666664,2016-05-09T23:15:00Z
RAC Electric Highway Donnybrook,-33.574681033694176,115.82452538723692,4,37.5,2016-05-09T23:15:00Z
Stockland baldivis ,-32.332038197451894,115.81543780164884,2,14.5,2016-07-01T22:20:00Z
Psaros Depot,-31.9465882,115.8684012,1,7.0,2016-07-01T22:29:00Z
Cockburn Gateway Shopping City,-32.1311632744087,115.85675239563,1,22.0,2016-07-02T08:55:00Z
Crooked Carrot Cafe,-33.0212628,115.7344491,1,3.0,2016-07-02T23:05:00Z
Ballina Day Surgery,-28.8707201,153.5632833,1,22.0,2016-10-03T02:55:00Z
Feathertop Winery,-36.6758307,146.8883634,1,22.0,2016-11-18T00:22:00Z
Success Center ,-32.130421,115.853806,1,7.0,2016-12-02T12:15:00Z
Carnarvon Seachange Apartments,-24.8837684687111,113.655171378484,1,0,2017-01-06T07:48:00Z
Knockrow Supercharger,-28.749539,153.534722,1,120.0,2017-01-26T21:17:00Z
Port Macquarie Supercharger [Tesla],-31.4361,152.823582,1,120.0,2017-01-27T08:04:00Z
Wodonga Supercharger,-36.12386,146.889963,1,120.0,2017-01-29T16:21:00Z
Heatherbrae Supercharger [Tesla],-32.787812,151.727704,1,120.0,2017-01-29T17:30:00Z
Gundagai Supercharger [Tesla],-35.002106,148.109934,1,120.0,2017-01-30T13:07:00Z
Ballarat Supercharger,-37.534601,143.822503,1,120.0,2017-01-30T13:19:00Z
Goulburn Supercharger [Tesla],-34.755597,149.720984,1,120.0,2017-01-30T13:33:00Z
Derby Place,-33.88358,151.19153,1,0,2011-11-11T12:07:00Z
University Drive S Bruce ACT 2617,-35.24051,149.08711,1,0,2011-11-11T12:07:00Z
1 The Avenue,-31.937153,115.840552,1,7.7,2011-11-11T12:07:00Z
Cooma Supercharger,-36.235522,149.126794,1,120.0,2017-07-13T14:13:00Z
Bunnings Homebase Subiaco,-31.942718738540442,115.8213074905982,1,22.0,2017-08-09T07:07:00Z
Brisbane-Fortitude Valley,-27.451699,153.040473,1,120.0,2017-08-18T07:46:00Z
Keith Supercharger,-36.099082,140.355645,1,120.0,2017-09-27T19:23:00Z
Adelaide Supercharger,-34.927555,138.595225,1,120.0,2017-09-27T19:25:00Z
Clare Valley Supercharger [Tesla],-33.8485,138.618157,1,120.0,2017-09-27T19:28:00Z
Horsham Supercharger,-36.71591547781505,142.19650194656884,1,250.0,2017-09-27T19:31:00Z
Eaton Supercharger,-33.319629016842256,115.71772716499686,1,150.0,2017-10-05T05:31:00Z
Euroa Supercharger,-36.752887,145.573418,1,120.0,2017-11-02T06:45:00Z
Stockland Riverton Center,-32.0396593286931,115.904397939737,1,22.0,2018-01-12T04:48:00Z
Coffs Harbour Supercharger [Tesla],-30.281439,153.131666,1,120.0,2018-01-21T15:54:00Z
Round Cnr 494-500 Old Northern Road,-33.693647,151.018619,1,0,2012-05-01T20:38:00Z
