Longitude,Latitude,DistanceToPetrol,DistanceToEV,PetrolDistanceBin,EVDistanceBin
113.037,-25.638,64.0,64.0,3,3
113.537,-26.638,79.0,73.0,3,3
113.537,-25.638,32.0,27.0,2,2
113.537,-24.638,30.0,30.0,2,2
113.537,-24.138,83.0,83.0,3,3
114.037,-27.138,65.0,65.0,3,3
114.037,-26.638,54.0,54.0,3,3
114.037,-25.138,47.0,50.0,2,2
114.037,-24.638,44.0,47.0,2,2
114.037,-24.138,88.0,90.0,3,3
114.037,-23.638,141.0,63.0,4,3
114.037,-23.138,135.0,30.0,4,2
114.037,-22.638,79.0,64.0,3,3
114.037,-22.138,25.0,25.0,2,2
114.537,-28.138,26.0,26.0,2,2
114.537,-27.638,41.0,42.0,2,2
114.537,-27.138,75.0,37.0,3,2
114.537,-26.638,26.0,22.0,2,2
114.537,-26.138,32.0,32.0,2,2
114.537,-25.638,87.0,31.0,3,2
114.537,-25.138,97.0,75.0,3,3
114.537,-24.638,95.0,99.0,3,3
114.537,-24.138,122.0,125.0,4,4
114.537,-23.638,162.0,102.0,4,4
114.537,-23.138,126.0,85.0,4,3
114.537,-22.638,91.0,90.0,3,3
114.537,-22.138,51.0,50.0,3,2
115.037,-34.138,10.0,21.0,1,2
115.037,-33.638,8.0,8.0,1,1
115.037,-30.138,18.0,18.0,2,2
115.037,-29.638,33.0,67.0,2,3
115.037,-29.138,15.0,46.0,2,2
115.037,-28.638,39.0,50.0,2,2
115.037,-28.138,51.0,51.0,3,3
115.037,-27.638,91.0,91.0,3,3
115.037,-27.138,103.0,59.0,4,3
115.037,-26.638,69.0,51.0,3,3
115.037,-26.138,71.0,71.0,3,3
115.037,-25.638,107.0,84.0,4,3
115.037,-25.138,151.0,109.0,4,4
115.037,-24.638,150.0,151.0,4,4
115.037,-24.138,168.0,171.0,4,4
115.037,-23.638,132.0,132.0,4,4
115.037,-23.138,84.0,84.0,3,3
115.037,-22.638,53.0,53.0,3,3
115.037,-22.138,69.0,55.0,3,3
115.537,-34.138,31.0,31.0,2,2
115.537,-33.638,10.0,22.0,1,2
115.537,-31.138,45.0,24.0,2,2
115.537,-30.638,11.0,28.0,2,2
115.537,-30.138,47.0,28.0,2,2
115.537,-29.638,28.0,28.0,2,2
115.537,-29.138,12.0,12.0,2,2
115.537,-28.638,11.0,63.0,2,3
115.537,-28.138,45.0,104.0,2,4
115.537,-27.638,100.0,128.0,3,4
115.537,-27.138,144.0,109.0,4,4
115.537,-26.638,122.0,105.0,4,4
115.537,-26.138,123.0,123.0,4,4
115.537,-25.638,147.0,139.0,4,4
115.537,-25.138,185.0,155.0,4,4
115.537,-24.638,205.0,187.0,4,4
115.537,-24.138,178.0,178.0,4,4
115.537,-23.638,122.0,122.0,4,4
115.537,-23.138,66.0,66.0,3,3
115.537,-22.638,11.0,11.0,2,2
115.537,-22.138,45.0,45.0,2,2
115.537,-21.638,101.0,45.0,4,2
116.037,-34.638,10.0,10.0,1,1
116.037,-34.138,16.0,17.0,2,2
116.037,-33.638,17.0,25.0,2,2
116.037,-33.138,16.0,17.0,2,2
116.037,-32.638,17.0,15.0,2,2
116.037,-32.138,2.0,2.0,0,0
116.037,-31.638,4.0,9.0,0,1
116.037,-31.138,28.0,27.0,2,2
116.037,-30.638,3.0,4.0,0,0
116.037,-30.138,53.0,56.0,3,3
116.037,-29.638,18.0,32.0,2,2
116.037,-29.138,9.0,9.0,1,1
116.037,-28.638,59.0,64.0,3,3
116.037,-28.138,73.0,76.0,3,3
116.037,-27.638,107.0,107.0,4,4
116.037,-27.138,153.0,153.0,4,4
116.037,-26.638,177.0,160.0,4,4
116.037,-26.138,178.0,175.0,4,4
116.037,-25.638,195.0,195.0,4,4
116.037,-25.138,225.0,206.0,4,4
116.037,-24.638,241.0,231.0,4,4
116.037,-24.138,187.0,187.0,4,4
116.037,-23.638,136.0,136.0,4,4
116.037,-23.138,89.0,89.0,3,3
116.037,-22.638,61.0,61.0,3,3
116.037,-22.138,75.0,75.0,3,3
116.037,-21.638,117.0,101.0,4,4
116.037,-21.138,91.0,100.0,3,3
116.537,-34.638,43.0,43.0,2,2
116.537,-34.138,38.0,45.0,2,2
116.537,-33.638,27.0,34.0,2,2
116.537,-33.138,38.0,38.0,2,2
116.537,-32.638,20.0,19.0,2,2
116.537,-32.138,38.0,38.0,2,2
116.537,-31.638,11.0,12.0,2,2
116.537,-31.138,34.0,34.0,2,2
116.537,-30.638,25.0,34.0,2,2
116.537,-30.138,11.0,21.0,2,2
116.537,-29.638,37.0,72.0,2,3
116.537,-29.138,44.0,59.0,2,3
116.537,-28.638,36.0,36.0,2,2
116.537,-28.138,28.0,28.0,2,2
116.537,-27.638,81.0,81.0,3,3
116.537,-27.138,136.0,136.0,4,4
116.537,-26.638,175.0,191.0,4,4
116.537,-26.138,208.0,227.0,4,4
116.537,-25.638,242.0,246.0,4,4
116.537,-25.138,250.0,250.0,4,4
116.537,-24.638,203.0,204.0,4,4
116.537,-24.138,164.0,164.0,4,4
116.537,-23.638,135.0,135.0,4,4
116.537,-23.138,126.0,126.0,4,4
116.537,-22.638,116.0,116.0,4,4
116.537,-22.138,124.0,124.0,4,4
116.537,-21.638,98.0,105.0,3,4
116.537,-21.138,47.0,55.0,2,3
117.037,-34.638,15.0,50.0,2,2
117.037,-34.138,36.0,36.0,2,2
117.037,-33.638,26.0,26.0,2,2
117.037,-33.138,21.0,21.0,2,2
117.037,-32.638,30.0,30.0,2,2
117.037,-32.138,26.0,13.0,2,2
117.037,-31.638,3.0,40.0,0,2
117.037,-31.138,29.0,6.0,2,1
117.037,-30.638,32.0,45.0,2,2
117.037,-30.138,27.0,44.0,2,2
117.037,-29.638,69.0,82.0,3,3
117.037,-29.138,91.0,97.0,3,3
117.037,-28.638,51.0,51.0,3,3
117.037,-28.138,46.0,46.0,2,2
117.037,-27.638,88.0,88.0,3,3
117.037,-27.138,101.0,140.0,4,4
117.037,-26.638,130.0,194.0,4,4
117.037,-26.138,170.0,249.0,4,4
117.037,-25.638,194.0,281.0,4,4
117.037,-25.138,227.0,227.0,4,4
117.037,-24.638,174.0,175.0,4,4
117.037,-24.138,126.0,126.0,4,4
117.037,-23.638,86.0,86.0,3,3
117.037,-23.138,71.0,71.0,3,3
117.037,-22.638,84.0,85.0,3,3
117.037,-22.138,104.0,105.0,4,4
117.037,-21.638,98.0,101.0,3,4
117.037,-21.138,43.0,48.0,2,2
117.537,-34.638,14.0,41.0,2,2
117.537,-34.138,49.0,50.0,2,2
117.537,-33.638,6.0,6.0,1,1
117.537,-33.138,29.0,28.0,2,2
117.537,-32.638,16.0,51.0,2,3
117.537,-32.138,21.0,21.0,2,2
117.537,-31.638,21.0,44.0,2,2
117.537,-31.138,18.0,18.0,2,2
117.537,-30.638,22.0,63.0,2,3
117.537,-30.138,53.0,98.0,3,3
117.537,-29.638,93.0,121.0,3,4
117.537,-29.138,124.0,130.0,4,4
117.537,-28.638,73.0,100.0,3,3
117.537,-28.138,36.0,98.0,2,3
117.537,-27.638,46.0,124.0,2,4
117.537,-27.138,51.0,165.0,3,4
117.537,-26.638,96.0,213.0,3,4
117.537,-26.138,118.0,264.0,4,4
117.537,-25.638,151.0,272.0,4,4
117.537,-25.138,194.0,216.0,4,4
117.537,-24.638,160.0,161.0,4,4
117.537,-24.138,105.0,106.0,4,4
117.537,-23.638,51.0,51.0,3,3
117.537,-23.138,17.0,16.0,2,2
117.537,-22.638,28.0,30.0,2,2
117.537,-22.138,68.0,68.0,3,3
117.537,-21.638,95.0,95.0,3,3
117.537,-21.138,47.0,47.0,2,2
118.037,-34.638,8.0,42.0,1,2
118.037,-34.138,23.0,22.0,2,2
118.037,-33.638,33.0,54.0,2,3
118.037,-33.138,38.0,48.0,2,2
118.037,-32.638,30.0,14.0,2,2
118.037,-32.138,28.0,28.0,2,2
118.037,-31.638,29.0,29.0,2,2
118.037,-31.138,9.0,45.0,1,2
118.037,-30.638,27.0,95.0,2,3
118.037,-30.138,77.0,137.0,3,4
118.037,-29.638,130.0,169.0,4,4
118.037,-29.138,121.0,175.0,4,4
118.037,-28.638,67.0,154.0,3,4
118.037,-28.138,22.0,153.0,2,4
118.037,-27.638,28.0,170.0,2,4
118.037,-27.138,35.0,202.0,2,4
118.037,-26.638,51.0,243.0,3,4
118.037,-26.138,72.0,288.0,3,4
118.037,-25.638,118.0,275.0,4,4
118.037,-25.138,170.0,220.0,4,4
118.037,-24.638,165.0,165.0,4,4
118.037,-24.138,112.0,112.0,4,4
118.037,-23.638,63.0,64.0,3,3
118.037,-23.138,41.0,41.0,2,2
118.037,-22.638,29.0,27.0,2,2
118.037,-22.138,68.0,67.0,3,3
118.037,-21.638,92.0,92.0,3,3
118.037,-21.138,40.0,40.0,2,2
118.037,-20.638,32.0,32.0,2,2
118.537,-34.638,18.0,58.0,2,3
118.537,-34.138,38.0,37.0,2,2
118.537,-33.638,54.0,54.0,3,3
118.537,-33.138,9.0,9.0,1,1
118.537,-32.638,34.0,42.0,2,2
118.537,-32.138,50.0,50.0,2,2
118.537,-31.638,32.0,34.0,2,2
118.537,-31.138,31.0,47.0,2,2
118.537,-30.638,48.0,98.0,2,3
118.537,-30.138,94.0,150.0,3,4
118.537,-29.638,147.0,198.0,4,4
118.537,-29.138,142.0,224.0,4,4
118.537,-28.638,100.0,209.0,3,4
118.537,-28.138,77.0,208.0,3,4
118.537,-27.638,75.0,221.0,3,4
118.537,-27.138,60.0,246.0,3,4
118.537,-26.638,7.0,279.0,1,4
118.537,-26.138,51.0,311.0,3,4
118.537,-25.638,106.0,288.0,4,4
118.537,-25.138,128.0,236.0,4,4
118.537,-24.638,119.0,187.0,4,4
118.537,-24.138,135.0,142.0,4,4
118.537,-23.638,108.0,108.0,4,4
118.537,-23.138,97.0,86.0,3,3
118.537,-22.638,84.0,34.0,3,2
118.537,-22.138,104.0,32.0,4,2
118.537,-21.638,118.0,84.0,4,3
118.537,-21.138,81.0,85.0,3,3
118.537,-20.638,26.0,31.0,2,2
119.037,-34.138,26.0,25.0,2,2
119.037,-33.638,36.0,36.0,2,2
119.037,-33.138,5.0,64.0,0,3
119.037,-32.638,28.0,28.0,2,2
119.037,-32.138,39.0,39.0,2,2
119.037,-31.638,49.0,56.0,2,3
119.037,-31.138,34.0,34.0,2,2
119.037,-30.638,74.0,73.0,3,3
119.037,-30.138,126.0,126.0,4,4
119.037,-29.638,170.0,180.0,4,4
119.037,-29.138,178.0,230.0,4,4
119.037,-28.638,147.0,202.0,4,4
119.037,-28.138,132.0,187.0,4,4
119.037,-27.638,129.0,187.0,4,4
119.037,-27.138,85.0,204.0,3,4
119.037,-26.638,60.0,233.0,3,4
119.037,-26.138,79.0,271.0,3,4
119.037,-25.638,121.0,311.0,4,4
119.037,-25.138,79.0,264.0,3,4
119.037,-24.638,64.0,221.0,3,4
119.037,-24.138,90.0,185.0,3,4
119.037,-23.638,83.0,146.0,3,4
119.037,-23.138,82.0,93.0,3,3
119.037,-22.638,112.0,48.0,4,2
119.037,-22.138,133.0,47.0,4,2
119.037,-21.638,95.0,91.0,3,3
119.037,-21.138,80.0,96.0,3,3
119.037,-20.638,54.0,53.0,3,3
119.037,-20.138,52.0,52.0,3,3
119.537,-34.138,33.0,34.0,2,2
119.537,-33.638,57.0,57.0,3,3
119.537,-33.138,18.0,75.0,2,3
119.537,-32.638,53.0,78.0,3,3
119.537,-32.138,82.0,82.0,3,3
119.537,-31.638,40.0,51.0,2,3
119.537,-31.138,22.0,25.0,2,2
119.537,-30.638,70.0,70.0,3,3
119.537,-30.138,124.0,124.0,4,4
119.537,-29.638,166.0,179.0,4,4
119.537,-29.138,177.0,188.0,4,4
119.537,-28.638,152.0,152.0,4,4
119.537,-28.138,132.0,132.0,4,4
119.537,-27.638,133.0,133.0,4,4
119.537,-27.138,131.0,155.0,4,4
119.537,-26.638,116.0,192.0,4,4
119.537,-26.138,126.0,236.0,4,4
119.537,-25.638,104.0,284.0,4,4
119.537,-25.138,48.0,300.0,2,4
119.537,-24.638,11.0,262.0,2,4
119.537,-24.138,64.0,218.0,3,4
119.537,-23.638,36.0,169.0,2,4
119.537,-23.138,33.0,127.0,2,4
119.537,-22.638,83.0,99.0,3,3
119.537,-22.138,110.0,98.0,4,3
119.537,-21.638,57.0,125.0,3,4
119.537,-21.138,24.0,125.0,2,4
119.537,-20.638,64.0,73.0,3,3
119.537,-20.138,104.0,34.0,4,2
120.037,-33.638,6.0,6.0,1,1
120.037,-33.138,39.0,49.0,2,2
120.037,-32.638,63.0,105.0,3,4
120.037,-32.138,103.0,98.0,4,3
120.037,-31.638,57.0,42.0,3,2
120.037,-31.138,46.0,14.0,2,2
120.037,-30.638,85.0,69.0,3,3
120.037,-30.138,121.0,125.0,4,4
120.037,-29.638,111.0,181.0,4,4
120.037,-29.138,126.0,155.0,4,4
120.037,-28.638,109.0,109.0,4,4
120.037,-28.138,78.0,78.0,3,3
120.037,-27.638,80.0,80.0,3,3
120.037,-27.138,114.0,113.0,4,4
120.037,-26.638,160.0,160.0,4,4
120.037,-26.138,166.0,211.0,4,4
120.037,-25.638,114.0,264.0,4,4
120.037,-25.138,67.0,318.0,3,4
120.037,-24.638,48.0,293.0,2,4
120.037,-24.138,80.0,247.0,3,4
120.037,-23.638,34.0,205.0,2,4
120.037,-23.138,41.0,172.0,2,4
120.037,-22.638,86.0,153.0,3,4
120.037,-22.138,112.0,152.0,4,4
120.037,-21.638,61.0,171.0,3,4
120.037,-21.138,32.0,123.0,2,4
120.037,-20.638,68.0,69.0,3,3
120.037,-20.138,120.0,25.0,4,2
120.537,-33.638,37.0,37.0,2,2
120.537,-33.138,73.0,73.0,3,3
120.537,-32.638,107.0,118.0,4,4
120.537,-32.138,136.0,113.0,4,4
120.537,-31.638,103.0,71.0,4,3
120.537,-31.138,72.0,59.0,3,3
120.537,-30.638,78.0,78.0,3,3
120.537,-30.138,74.0,114.0,3,4
120.537,-29.638,55.0,162.0,3,4
120.537,-29.138,82.0,137.0,3,4
120.537,-28.638,82.0,83.0,3,3
120.537,-28.138,31.0,31.0,2,2
120.537,-27.638,36.0,36.0,2,2
120.537,-27.138,89.0,88.0,3,3
120.537,-26.638,143.0,143.0,4,4
120.537,-26.138,190.0,199.0,4,4
120.537,-25.638,146.0,254.0,4,4
120.537,-25.138,114.0,310.0,4,4
120.537,-24.638,104.0,325.0,4,4
120.537,-24.138,112.0,284.0,4,4
120.537,-23.638,85.0,249.0,3,4
120.537,-23.138,89.0,222.0,3,4
120.537,-22.638,119.0,208.0,4,4
120.537,-22.138,138.0,207.0,4,4
120.537,-21.638,102.0,193.0,4,4
120.537,-21.138,88.0,144.0,3,4
120.537,-20.638,106.0,99.0,4,3
120.537,-20.138,74.0,45.0,3,2
121.037,-33.638,21.0,21.0,2,2
121.037,-33.138,66.0,66.0,3,3
121.037,-32.638,77.0,96.0,3,3
121.037,-32.138,83.0,83.0,3,3
121.037,-31.638,62.0,77.0,3,3
121.037,-31.138,25.0,25.0,2,2
121.037,-30.638,38.0,38.0,2,2
121.037,-30.138,50.0,83.0,2,3
121.037,-29.638,6.0,133.0,1,4
121.037,-29.138,43.0,141.0,2,4
121.037,-28.638,43.0,89.0,2,3
121.037,-28.138,45.0,45.0,2,2
121.037,-27.638,49.0,49.0,2,2
121.037,-27.138,94.0,94.0,3,3
121.037,-26.638,147.0,147.0,4,4
121.037,-26.138,202.0,201.0,4,4
121.037,-25.638,190.0,256.0,4,4
121.037,-25.138,166.0,311.0,4,4
121.037,-24.638,159.0,363.0,4,4
121.037,-24.138,158.0,327.0,4,4
121.037,-23.638,139.0,297.0,4,4
121.037,-23.138,142.0,275.0,4,4
121.037,-22.638,165.0,263.0,4,4
121.037,-22.138,179.0,263.0,4,4
121.037,-21.638,152.0,208.0,4,4
121.037,-21.138,143.0,152.0,4,4
121.037,-20.638,97.0,97.0,3,3
121.037,-20.138,42.0,41.0,2,2
121.037,-19.638,16.0,16.0,2,2
121.537,-33.638,31.0,45.0,2,2
121.537,-33.138,21.0,88.0,2,3
121.537,-32.638,40.0,56.0,2,3
121.537,-32.138,27.0,27.0,2,2
121.537,-31.638,16.0,68.0,2,3
121.537,-31.138,14.0,42.0,2,2
121.537,-30.638,14.0,14.0,2,2
121.537,-30.138,68.0,68.0,3,3
121.537,-29.638,57.0,124.0,3,4
121.537,-29.138,36.0,165.0,2,4
121.537,-28.638,36.0,123.0,2,4
121.537,-28.138,86.0,97.0,3,3
121.537,-27.638,98.0,98.0,3,3
121.537,-27.138,127.0,127.0,4,4
121.537,-26.638,170.0,170.0,4,4
121.537,-26.138,219.0,219.0,4,4
121.537,-25.638,238.0,270.0,4,4
121.537,-25.138,220.0,323.0,4,4
121.537,-24.638,215.0,376.0,4,4
121.537,-24.138,208.0,373.0,4,4
121.537,-23.638,195.0,347.0,4,4
121.537,-23.138,197.0,328.0,4,4
121.537,-22.638,214.0,318.0,4,4
121.537,-22.138,226.0,268.0,4,4
121.537,-21.638,205.0,214.0,4,4
121.537,-21.138,160.0,160.0,4,4
121.537,-20.638,109.0,109.0,4,4
121.537,-20.138,64.0,64.0,3,3
121.537,-19.638,52.0,52.0,3,3
121.537,-19.138,86.0,76.0,3,3
122.037,-33.638,25.0,28.0,2,2
122.037,-33.138,47.0,80.0,2,3
122.037,-32.638,57.0,57.0,3,3
122.037,-32.138,29.0,29.0,2,2
122.037,-31.638,53.0,68.0,3,3
122.037,-31.138,43.0,76.0,2,3
122.037,-30.638,63.0,64.0,3,3
122.037,-30.138,93.0,93.0,3,3
122.037,-29.638,112.0,139.0,4,4
122.037,-29.138,70.0,190.0,3,4
122.037,-28.638,40.0,169.0,2,4
122.037,-28.138,67.0,151.0,3,4
122.037,-27.638,117.0,152.0,4,4
122.037,-27.138,170.0,172.0,4,4
122.037,-26.638,206.0,206.0,4,4
122.037,-26.138,248.0,248.0,4,4
122.037,-25.638,289.0,294.0,4,4
122.037,-25.138,275.0,343.0,4,4
122.037,-24.638,271.0,394.0,4,4
122.037,-24.138,261.0,421.0,4,4
122.037,-23.638,250.0,398.0,4,4
122.037,-23.138,252.0,382.0,4,4
122.037,-22.638,265.0,336.0,4,4
122.037,-22.138,276.0,284.0,4,4
122.037,-21.638,233.0,233.0,4,4
122.037,-21.138,185.0,185.0,4,4
122.037,-20.638,143.0,143.0,4,4
122.037,-20.138,113.0,113.0,4,4
122.037,-19.638,106.0,106.0,4,4
122.037,-19.138,127.0,73.0,4,3
122.037,-18.638,77.0,28.0,3,2
122.537,-33.638,73.0,74.0,3,3
122.537,-33.138,99.0,106.0,3,4
122.537,-32.638,98.0,98.0,3,3
122.537,-32.138,84.0,84.0,3,3
122.537,-31.638,104.0,105.0,4,4
122.537,-31.138,99.0,126.0,3,4
122.537,-30.638,117.0,119.0,4,4
122.537,-30.138,137.0,137.0,4,4
122.537,-29.638,114.0,171.0,4,4
122.537,-29.138,59.0,215.0,3,4
122.537,-28.638,15.0,220.0,2,4
122.537,-28.138,56.0,206.0,3,4
122.537,-27.638,111.0,207.0,4,4
122.537,-27.138,166.0,222.0,4,4
122.537,-26.638,222.0,249.0,4,4
122.537,-26.138,277.0,285.0,4,4
122.537,-25.638,326.0,326.0,4,4
122.537,-25.138,330.0,371.0,4,4
122.537,-24.638,326.0,418.0,4,4
122.537,-24.138,314.0,468.0,4,4
122.537,-23.638,306.0,451.0,4,4
122.537,-23.138,307.0,408.0,4,4
122.537,-22.638,318.0,358.0,4,4
122.537,-22.138,309.0,309.0,4,4
122.537,-21.638,263.0,263.0,4,4
122.537,-21.138,222.0,222.0,4,4
122.537,-20.638,188.0,188.0,4,4
122.537,-20.138,166.0,166.0,4,4
122.537,-19.638,162.0,148.0,4,4
122.537,-19.138,135.0,103.0,4,4
122.537,-18.638,82.0,61.0,3,3
122.537,-18.138,39.0,38.0,2,2
122.537,-17.638,48.0,48.0,2,2
122.537,-17.138,97.0,95.0,3,3
123.037,-33.638,128.0,128.0,4,4
123.037,-33.138,109.0,109.0,4,4
123.037,-32.638,72.0,72.0,3,3
123.037,-32.138,69.0,69.0,3,3
123.037,-31.638,102.0,102.0,4,4
123.037,-31.138,150.0,150.0,4,4
123.037,-30.638,166.0,175.0,4,4
123.037,-30.138,183.0,187.0,4,4
123.037,-29.638,133.0,214.0,4,4
123.037,-29.138,91.0,250.0,3,4
123.037,-28.638,71.0,273.0,3,4
123.037,-28.138,89.0,262.0,3,4
123.037,-27.638,131.0,262.0,4,4
123.037,-27.138,180.0,274.0,4,4
123.037,-26.638,232.0,297.0,4,4
123.037,-26.138,286.0,327.0,4,4
123.037,-25.638,340.0,363.0,4,4
123.037,-25.138,385.0,404.0,4,4
123.037,-24.638,382.0,448.0,4,4
123.037,-24.138,368.0,494.0,4,4
123.037,-23.638,361.0,482.0,4,4
123.037,-23.138,362.0,433.0,4,4
123.037,-22.638,372.0,386.0,4,4
123.037,-22.138,341.0,341.0,4,4
123.037,-21.638,300.0,300.0,4,4
123.037,-21.138,265.0,265.0,4,4
123.037,-20.638,237.0,237.0,4,4
123.037,-20.138,220.0,220.0,4,4
123.037,-19.638,207.0,180.0,4,4
123.037,-19.138,159.0,139.0,4,4
123.037,-18.638,117.0,112.0,4,4
123.037,-18.138,83.0,91.0,3,3
123.037,-17.638,69.0,75.0,3,3
123.037,-17.138,69.0,66.0,3,3
123.537,-33.638,143.0,143.0,4,4
123.537,-33.138,88.0,88.0,3,3
123.537,-32.638,33.0,33.0,2,2
123.537,-32.138,25.0,25.0,2,2
123.537,-31.638,80.0,80.0,3,3
123.537,-31.138,135.0,135.0,4,4
123.537,-30.638,191.0,191.0,4,4
123.537,-30.138,211.0,240.0,4,4
123.537,-29.638,169.0,261.0,4,4
123.537,-29.138,139.0,292.0,4,4
123.537,-28.638,126.0,326.0,4,4
123.537,-28.138,138.0,317.0,4,4
123.537,-27.638,168.0,318.0,4,4
123.537,-27.138,208.0,328.0,4,4
123.537,-26.638,255.0,347.0,4,4
123.537,-26.138,304.0,373.0,4,4
123.537,-25.638,356.0,405.0,4,4
123.537,-25.138,408.0,442.0,4,4
123.537,-24.638,437.0,483.0,4,4
123.537,-24.138,423.0,493.0,4,4
123.537,-23.638,417.0,479.0,4,4
123.537,-23.138,418.0,463.0,4,4
123.537,-22.638,420.0,420.0,4,4
123.537,-22.138,379.0,379.0,4,4
123.537,-21.638,343.0,343.0,4,4
123.537,-21.138,312.0,312.0,4,4
123.537,-20.638,289.0,289.0,4,4
123.537,-20.138,269.0,258.0,4,4
123.537,-19.638,213.0,218.0,4,4
123.537,-19.138,158.0,185.0,4,4
123.537,-18.638,102.0,148.0,4,4
123.537,-18.138,48.0,93.0,2,3
123.537,-17.638,16.0,38.0,2,2
123.537,-16.638,75.0,73.0,3,3
124.037,-33.138,99.0,99.0,3,3
124.037,-32.638,57.0,57.0,3,3
124.037,-32.138,52.0,52.0,3,3
124.037,-31.638,92.0,92.0,3,3
124.037,-31.138,143.0,143.0,4,4
124.037,-30.638,196.0,196.0,4,4
124.037,-30.138,248.0,251.0,4,4
124.037,-29.638,214.0,306.0,4,4
124.037,-29.138,191.0,337.0,4,4
124.037,-28.638,182.0,370.0,4,4
124.037,-28.138,190.0,373.0,4,4
124.037,-27.638,213.0,373.0,4,4
124.037,-27.138,246.0,382.0,4,4
124.037,-26.638,287.0,398.0,4,4
124.037,-26.138,331.0,421.0,4,4
124.037,-25.638,379.0,450.0,4,4
124.037,-25.138,429.0,483.0,4,4
124.037,-24.638,480.0,462.0,4,4
124.037,-24.138,478.0,440.0,4,4
124.037,-23.638,472.0,425.0,4,4
124.037,-23.138,473.0,416.0,4,4
124.037,-22.638,458.0,415.0,4,4
124.037,-22.138,421.0,421.0,4,4
124.037,-21.638,388.0,388.0,4,4
124.037,-21.138,362.0,362.0,4,4
124.037,-20.638,321.0,320.0,4,4
124.037,-20.138,272.0,275.0,4,4
124.037,-19.638,217.0,234.0,4,4
124.037,-19.138,163.0,200.0,4,4
124.037,-18.638,110.0,155.0,4,4
124.037,-18.138,62.0,103.0,3,4
124.037,-17.638,44.0,58.0,2,3
124.037,-17.138,49.0,49.0,2,2
124.037,-16.638,87.0,87.0,3,3
124.537,-32.638,107.0,107.0,4,4
124.537,-32.138,105.0,105.0,4,4
124.537,-31.638,127.0,127.0,4,4
124.537,-31.138,165.0,165.0,4,4
124.537,-30.638,210.0,210.0,4,4
124.537,-30.138,260.0,260.0,4,4
124.537,-29.638,263.0,312.0,4,4
124.537,-29.138,245.0,364.0,4,4
124.537,-28.638,238.0,414.0,4,4
124.537,-28.138,244.0,428.0,4,4
124.537,-27.638,262.0,428.0,4,4
124.537,-27.138,290.0,436.0,4,4
124.537,-26.638,325.0,450.0,4,4
124.537,-26.138,365.0,471.0,4,4
124.537,-25.638,409.0,477.0,4,4
124.537,-25.138,455.0,442.0,4,4
124.537,-24.638,504.0,412.0,4,4
124.537,-24.138,533.0,388.0,4,4
124.537,-23.638,528.0,371.0,4,4
124.537,-23.138,529.0,361.0,4,4
124.537,-22.638,499.0,360.0,4,4
124.537,-22.138,453.0,367.0,4,4
124.537,-21.638,400.0,382.0,4,4
124.537,-21.138,347.0,343.0,4,4
124.537,-20.638,295.0,294.0,4,4
124.537,-20.138,245.0,244.0,4,4
124.537,-19.638,197.0,197.0,4,4
124.537,-19.138,155.0,155.0,4,4
124.537,-18.638,125.0,124.0,4,4
124.537,-18.138,108.0,114.0,4,4
124.537,-17.638,99.0,107.0,3,4
124.537,-17.138,103.0,103.0,4,4
124.537,-16.638,125.0,125.0,4,4
124.537,-15.638,211.0,211.0,4,4
125.037,-32.638,65.0,65.0,3,3
125.037,-32.138,52.0,52.0,3,3
125.037,-31.638,87.0,87.0,3,3
125.037,-31.138,136.0,136.0,4,4
125.037,-30.638,189.0,189.0,4,4
125.037,-30.138,242.0,242.0,4,4
125.037,-29.638,292.0,292.0,4,4
125.037,-29.138,299.0,344.0,4,4
125.037,-28.638,293.0,396.0,4,4
125.037,-28.138,298.0,450.0,4,4
125.037,-27.638,313.0,484.0,4,4
125.037,-27.138,337.0,491.0,4,4
125.037,-26.638,368.0,503.0,4,4
125.037,-26.138,403.0,478.0,4,4
125.037,-25.638,444.0,437.0,4,4
125.037,-25.138,487.0,399.0,4,4
125.037,-24.638,532.0,365.0,4,4
125.037,-24.138,579.0,337.0,4,4
125.037,-23.638,584.0,317.0,4,4
125.037,-23.138,553.0,306.0,4,4
125.037,-22.638,498.0,304.0,4,4
125.037,-22.138,443.0,313.0,4,4
125.037,-21.638,387.0,331.0,4,4
125.037,-21.138,333.0,309.0,4,4
125.037,-20.638,278.0,264.0,4,4
125.037,-20.138,224.0,223.0,4,4
125.037,-19.638,171.0,170.0,4,4
125.037,-19.138,120.0,120.0,4,4
125.037,-18.638,77.0,76.0,3,3
125.037,-18.138,59.0,59.0,3,3
125.037,-17.638,86.0,84.0,3,3
125.037,-17.138,132.0,130.0,4,4
125.037,-16.638,173.0,173.0,4,4
125.037,-16.138,204.0,203.0,4,4
125.037,-15.638,243.0,243.0,4,4
125.037,-15.138,288.0,288.0,4,4
125.537,-32.138,16.0,16.0,2,2
125.537,-31.638,71.0,71.0,3,3
125.537,-31.138,118.0,118.0,4,4
125.537,-30.638,168.0,168.0,4,4
125.537,-30.138,220.0,221.0,4,4
125.537,-29.638,274.0,274.0,4,4
125.537,-29.138,329.0,329.0,4,4
125.537,-28.638,349.0,384.0,4,4
125.537,-28.138,353.0,439.0,4,4
125.537,-27.638,366.0,494.0,4,4
125.537,-27.138,386.0,541.0,4,4
125.537,-26.638,413.0,492.0,4,4
125.537,-26.138,446.0,445.0,4,4
125.537,-25.638,482.0,400.0,4,4
125.537,-25.138,522.0,358.0,4,4
125.537,-24.638,565.0,320.0,4,4
125.537,-24.138,609.0,288.0,4,4
125.537,-23.638,606.0,264.0,4,4
125.537,-23.138,550.0,250.0,4,4
125.537,-22.638,494.0,249.0,4,4
125.537,-22.138,439.0,259.0,4,4
125.537,-21.638,383.0,281.0,4,4
125.537,-21.138,327.0,283.0,4,4
125.537,-20.638,272.0,233.0,4,4
125.537,-20.138,216.0,186.0,4,4
125.537,-19.638,160.0,145.0,4,4
125.537,-19.138,105.0,103.0,4,4
125.537,-18.638,49.0,48.0,2,2
125.537,-18.138,7.0,6.0,1,1
125.537,-17.638,62.0,60.0,3,3
125.537,-17.138,118.0,116.0,4,4
125.537,-16.638,174.0,172.0,4,4
125.537,-16.138,229.0,227.0,4,4
125.537,-15.638,282.0,282.0,4,4
125.537,-15.138,290.0,309.0,4,4
125.537,-14.638,302.0,323.0,4,4
126.037,-32.138,13.0,13.0,2,2
126.037,-31.638,45.0,45.0,2,2
126.037,-31.138,100.0,100.0,3,3
126.037,-30.638,156.0,156.0,4,4
126.037,-30.138,212.0,212.0,4,4
126.037,-29.638,267.0,267.0,4,4
126.037,-29.138,323.0,323.0,4,4
126.037,-28.638,379.0,379.0,4,4
126.037,-28.138,408.0,433.0,4,4
126.037,-27.638,419.0,487.0,4,4
126.037,-27.138,437.0,518.0,4,4
126.037,-26.638,461.0,467.0,4,4
126.037,-26.138,490.0,417.0,4,4
126.037,-25.638,524.0,368.0,4,4
126.037,-25.138,551.0,322.0,4,4
126.037,-24.638,555.0,279.0,4,4
126.037,-24.138,565.0,242.0,4,4
126.037,-23.638,580.0,213.0,4,4
126.037,-23.138,552.0,195.0,4,4
126.037,-22.638,497.0,193.0,4,4
126.037,-22.138,442.0,207.0,4,4
126.037,-21.638,386.0,233.0,4,4
126.037,-21.138,331.0,266.0,4,4
126.037,-20.638,277.0,212.0,4,4
126.037,-20.138,222.0,159.0,4,4
126.037,-19.638,169.0,109.0,4,4
126.037,-19.138,117.0,67.0,4,3
126.037,-18.638,72.0,59.0,3,3
126.037,-18.138,53.0,51.0,3,3
126.037,-17.638,81.0,80.0,3,3
126.037,-17.138,129.0,127.0,4,4
126.037,-16.638,181.0,179.0,4,4
126.037,-16.138,235.0,233.0,4,4
126.037,-15.638,232.0,250.0,4,4
126.037,-15.138,235.0,255.0,4,4
126.037,-14.638,250.0,271.0,4,4
126.537,-32.138,50.0,50.0,2,2
126.537,-31.638,61.0,61.0,3,3
126.537,-31.138,100.0,100.0,3,3
126.537,-30.638,150.0,150.0,4,4
126.537,-30.138,203.0,203.0,4,4
126.537,-29.638,257.0,257.0,4,4
126.537,-29.138,312.0,312.0,4,4
126.537,-28.638,367.0,367.0,4,4
126.537,-28.138,422.0,422.0,4,4
126.537,-27.638,473.0,477.0,4,4
126.537,-27.138,489.0,500.0,4,4
126.537,-26.638,511.0,447.0,4,4
126.537,-26.138,506.0,394.0,4,4
126.537,-25.638,498.0,342.0,4,4
126.537,-25.138,496.0,292.0,4,4
126.537,-24.638,500.0,244.0,4,4
126.537,-24.138,511.0,201.0,4,4
126.537,-23.638,527.0,164.0,4,4
126.537,-23.138,548.0,141.0,4,4
126.537,-22.638,506.0,138.0,4,4
126.537,-22.138,452.0,156.0,4,4
126.537,-21.638,398.0,190.0,4,4
126.537,-21.138,345.0,232.0,4,4
126.537,-20.638,292.0,205.0,4,4
126.537,-20.138,241.0,149.0,4,4
126.537,-19.638,193.0,93.0,4,3
126.537,-19.138,150.0,38.0,4,2
126.537,-18.638,118.0,18.0,4,2
126.537,-18.138,108.0,74.0,4,3
126.537,-17.638,125.0,124.0,4,4
126.537,-17.138,160.0,158.0,4,4
126.537,-16.638,204.0,192.0,4,4
126.537,-16.138,190.0,203.0,4,4
126.537,-15.638,177.0,194.0,4,4
126.537,-15.138,180.0,201.0,4,4
126.537,-14.638,199.0,221.0,4,4
127.037,-32.138,27.0,27.0,2,2
127.037,-31.638,29.0,29.0,2,2
127.037,-31.138,85.0,85.0,3,3
127.037,-30.638,140.0,140.0,4,4
127.037,-30.138,196.0,196.0,4,4
127.037,-29.638,252.0,252.0,4,4
127.037,-29.138,307.0,307.0,4,4
127.037,-28.638,363.0,363.0,4,4
127.037,-28.138,419.0,419.0,4,4
127.037,-27.638,474.0,474.0,4,4
127.037,-27.138,488.0,488.0,4,4
127.037,-26.638,467.0,433.0,4,4
127.037,-26.138,451.0,378.0,4,4
127.037,-25.638,442.0,324.0,4,4
127.037,-25.138,440.0,271.0,4,4
127.037,-24.638,445.0,218.0,4,4
127.037,-24.138,457.0,168.0,4,4
127.037,-23.638,475.0,122.0,4,4
127.037,-23.138,498.0,88.0,4,3
127.037,-22.638,496.0,83.0,4,3
127.037,-22.138,441.0,111.0,4,4
127.037,-21.638,386.0,154.0,4,4
127.037,-21.138,332.0,204.0,4,4
127.037,-20.638,278.0,212.0,4,4
127.037,-20.138,224.0,159.0,4,4
127.037,-19.638,172.0,109.0,4,4
127.037,-19.138,124.0,67.0,4,3
127.037,-18.638,84.0,58.0,3,3
127.037,-18.138,71.0,71.0,3,3
127.037,-17.638,96.0,96.0,3,3
127.037,-17.138,140.0,132.0,4,4
127.037,-16.638,176.0,138.0,4,4
127.037,-16.138,140.0,151.0,4,4
127.037,-15.638,121.0,138.0,4,4
127.037,-15.138,126.0,147.0,4,4
127.037,-14.638,153.0,175.0,4,4
127.037,-14.138,192.0,213.0,4,4
127.537,-32.138,63.0,63.0,3,3
127.537,-31.638,65.0,64.0,3,3
127.537,-31.138,102.0,102.0,4,4
127.537,-30.638,152.0,152.0,4,4
127.537,-30.138,204.0,202.0,4,4
127.537,-29.638,258.0,254.0,4,4
127.537,-29.138,313.0,308.0,4,4
127.537,-28.638,368.0,362.0,4,4
127.537,-28.138,422.0,417.0,4,4
127.537,-27.638,468.0,472.0,4,4
127.537,-27.138,439.0,482.0,4,4
127.537,-26.638,415.0,426.0,4,4
127.537,-26.138,397.0,370.0,4,4
127.537,-25.638,387.0,315.0,4,4
127.537,-25.138,385.0,259.0,4,4
127.537,-24.638,390.0,204.0,4,4
127.537,-24.138,404.0,149.0,4,4
127.537,-23.638,424.0,95.0,4,3
127.537,-23.138,450.0,44.0,4,2
127.537,-22.638,477.0,32.0,4,2
127.537,-22.138,436.0,80.0,4,3
127.537,-21.638,380.0,134.0,4,4
127.537,-21.138,325.0,189.0,4,4
127.537,-20.638,269.0,233.0,4,4
127.537,-20.138,214.0,186.0,4,4
127.537,-19.638,158.0,145.0,4,4
127.537,-19.138,103.0,103.0,4,4
127.537,-18.638,48.0,48.0,2,2
127.537,-18.138,17.0,17.0,2,2
127.537,-17.638,67.0,67.0,3,3
127.537,-17.138,122.0,77.0,4,3
127.537,-16.638,144.0,87.0,4,3
127.537,-16.138,97.0,102.0,3,4
127.537,-15.638,67.0,83.0,3,3
127.537,-15.138,75.0,97.0,3,3
127.537,-14.638,114.0,135.0,4,4
127.537,-14.138,163.0,182.0,4,4
128.037,-31.638,94.0,29.0,3,2
128.037,-31.138,112.0,78.0,4,3
128.037,-30.638,149.0,133.0,4,4
128.037,-30.138,196.0,188.0,4,4
128.037,-29.638,246.0,244.0,4,4
128.037,-29.138,298.0,298.0,4,4
128.037,-28.638,351.0,351.0,4,4
128.037,-28.138,404.0,404.0,4,4
128.037,-27.638,423.0,458.0,4,4
128.037,-27.138,391.0,482.0,4,4
128.037,-26.638,364.0,426.0,4,4
128.037,-26.138,344.0,371.0,4,4
128.037,-25.638,332.0,315.0,4,4
128.037,-25.138,329.0,260.0,4,4
128.037,-24.638,336.0,205.0,4,4
128.037,-24.138,351.0,150.0,4,4
128.037,-23.638,374.0,96.0,4,3
128.037,-23.138,404.0,47.0,4,2
128.037,-22.638,426.0,36.0,4,2
128.037,-22.138,438.0,82.0,4,3
128.037,-21.638,382.0,135.0,4,4
128.037,-21.138,327.0,190.0,4,4
128.037,-20.638,272.0,245.0,4,4
128.037,-20.138,217.0,217.0,4,4
128.037,-19.638,163.0,163.0,4,4
128.037,-19.138,110.0,110.0,4,4
128.037,-18.638,61.0,61.0,3,3
128.037,-18.138,42.0,42.0,2,2
128.037,-17.638,77.0,72.0,3,3
128.037,-17.138,128.0,24.0,4,2
128.037,-16.638,121.0,47.0,4,2
128.037,-16.138,73.0,66.0,3,3
128.037,-15.638,19.0,27.0,2,2
128.037,-15.138,39.0,58.0,2,3
128.037,-14.638,95.0,110.0,3,4
128.537,-31.638,39.0,39.0,2,2
128.537,-31.138,71.0,71.0,3,3
128.537,-30.638,122.0,122.0,4,4
128.537,-30.138,175.0,175.0,4,4
128.537,-29.638,229.0,229.0,4,4
128.537,-29.138,283.0,283.0,4,4
128.537,-28.638,338.0,338.0,4,4
128.537,-28.138,393.0,393.0,4,4
128.537,-27.638,382.0,448.0,4,4
128.537,-27.138,345.0,488.0,4,4
128.537,-26.638,314.0,434.0,4,4
128.537,-26.138,291.0,379.0,4,4
128.537,-25.638,277.0,325.0,4,4
128.537,-25.138,273.0,272.0,4,4
128.537,-24.638,281.0,220.0,4,4
128.537,-24.138,299.0,170.0,4,4
128.537,-23.638,326.0,125.0,4,4
128.537,-23.138,353.0,93.0,4,3
128.537,-22.638,377.0,88.0,4,3
128.537,-22.138,406.0,115.0,4,4
128.537,-21.638,392.0,157.0,4,4
128.537,-21.138,338.0,206.0,4,4
128.537,-20.638,285.0,258.0,4,4
128.537,-20.138,234.0,234.0,4,4
128.537,-19.638,184.0,184.0,4,4
128.537,-19.138,140.0,140.0,4,4
128.537,-18.638,107.0,107.0,4,4
128.537,-18.138,97.0,97.0,3,3
128.537,-17.638,116.0,78.0,4,3
128.537,-17.138,151.0,38.0,4,2
128.537,-16.638,97.0,55.0,3,3
128.537,-16.138,44.0,46.0,2,2
128.537,-15.638,25.0,26.0,2,2
128.537,-15.138,61.0,59.0,3,3
129.037,-31.638,4.0,4.0,0,0
129.037,-31.138,56.0,56.0,3,3
129.037,-30.638,111.0,111.0,4,4
129.037,-30.138,167.0,167.0,4,4
129.037,-29.638,223.0,223.0,4,4
129.037,-29.138,278.0,278.0,4,4
129.037,-28.638,334.0,334.0,4,4
129.037,-28.138,389.0,390.0,4,4
129.037,-27.638,344.0,445.0,4,4
129.037,-27.138,303.0,501.0,4,4
129.037,-26.638,267.0,448.0,4,4
129.037,-26.138,239.0,396.0,4,4
129.037,-25.638,222.0,344.0,4,4
129.037,-25.138,218.0,295.0,4,4
129.037,-24.638,228.0,247.0,4,4
129.037,-24.138,250.0,204.0,4,4
129.037,-23.638,281.0,169.0,4,4
129.037,-23.138,302.0,146.0,4,4
129.037,-22.638,329.0,143.0,4,4
129.037,-22.138,362.0,161.0,4,4
129.037,-21.638,401.0,193.0,4,4
129.037,-21.138,358.0,235.0,4,4
129.037,-20.638,309.0,281.0,4,4
129.037,-20.138,262.0,262.0,4,4
129.037,-19.638,219.0,219.0,4,4
129.037,-19.138,183.0,183.0,4,4
129.037,-18.638,159.0,159.0,4,4
129.037,-18.138,152.0,152.0,4,4
129.037,-17.638,165.0,114.0,4,4
129.037,-17.138,152.0,92.0,4,3
129.037,-16.638,98.0,100.0,3,3
129.037,-16.138,49.0,52.0,2,3
129.037,-15.638,35.0,37.0,2,2
129.037,-15.138,79.0,78.0,3,3
129.537,-31.638,59.0,59.0,3,3
129.537,-31.138,81.0,81.0,3,3
129.537,-30.638,126.0,126.0,4,4
129.537,-30.138,177.0,177.0,4,4
129.537,-29.638,230.0,231.0,4,4
129.537,-29.138,285.0,285.0,4,4
129.537,-28.638,339.0,339.0,4,4
129.537,-28.138,361.0,394.0,4,4
129.537,-27.638,312.0,449.0,4,4
129.537,-27.138,266.0,455.0,4,4
129.537,-26.638,224.0,461.0,4,4
129.537,-26.138,190.0,419.0,4,4
129.537,-25.638,168.0,371.0,4,4
129.537,-25.138,162.0,325.0,4,4
129.537,-24.638,175.0,283.0,4,4
129.537,-24.138,203.0,246.0,4,4
129.537,-23.638,230.0,217.0,4,4
129.537,-23.138,252.0,201.0,4,4
129.537,-22.638,284.0,198.0,4,4
129.537,-22.138,322.0,211.0,4,4
129.537,-21.638,365.0,237.0,4,4
129.537,-21.138,385.0,272.0,4,4
129.537,-20.638,340.0,313.0,4,4
129.537,-20.138,297.0,297.0,4,4
129.537,-19.638,261.0,261.0,4,4
129.537,-19.138,231.0,231.0,4,4
129.537,-18.638,213.0,213.0,4,4
129.537,-18.138,208.0,193.0,4,4
129.537,-17.638,218.0,162.0,4,4
129.537,-17.138,172.0,147.0,4,4
129.537,-16.638,127.0,130.0,4,4
129.537,-16.138,94.0,97.0,3,3
129.537,-15.638,88.0,90.0,3,3
129.537,-15.138,113.0,114.0,4,4
129.537,-14.138,201.0,203.0,4,4
130.037,-31.638,98.0,98.0,3,3
130.037,-31.138,102.0,102.0,4,4
130.037,-30.638,132.0,132.0,4,4
130.037,-30.138,175.0,175.0,4,4
130.037,-29.638,223.0,223.0,4,4
130.037,-29.138,275.0,275.0,4,4
130.037,-28.638,327.0,327.0,4,4
130.037,-28.138,340.0,381.0,4,4
130.037,-27.638,287.0,401.0,4,4
130.037,-27.138,236.0,400.0,4,4
130.037,-26.638,188.0,406.0,4,4
130.037,-26.138,146.0,420.0,4,4
130.037,-25.638,115.0,403.0,4,4
130.037,-25.138,107.0,362.0,4,4
130.037,-24.638,125.0,324.0,4,4
130.037,-24.138,162.0,293.0,4,4
130.037,-23.638,178.0,269.0,4,4
130.037,-23.138,206.0,256.0,4,4
130.037,-22.638,243.0,254.0,4,4
130.037,-22.138,287.0,264.0,4,4
130.037,-21.638,334.0,285.0,4,4
130.037,-21.138,383.0,315.0,4,4
130.037,-20.638,376.0,351.0,4,4
130.037,-20.138,339.0,339.0,4,4
130.037,-19.638,307.0,307.0,4,4
130.037,-19.138,282.0,282.0,4,4
130.037,-18.638,267.0,267.0,4,4
130.037,-18.138,263.0,238.0,4,4
130.037,-17.638,249.0,214.0,4,4
130.037,-17.138,206.0,203.0,4,4
130.037,-16.638,166.0,173.0,4,4
130.037,-16.138,135.0,150.0,4,4
130.037,-15.638,121.0,145.0,4,4
130.037,-15.138,133.0,161.0,4,4
130.037,-14.638,163.0,192.0,4,4
130.037,-14.138,155.0,207.0,4,4
130.037,-13.638,127.0,159.0,4,4
130.537,-31.138,53.0,53.0,3,3
130.537,-30.638,99.0,99.0,3,3
130.537,-30.138,151.0,151.0,4,4
130.537,-29.638,206.0,206.0,4,4
130.537,-29.138,260.0,260.0,4,4
130.537,-28.638,316.0,316.0,4,4
130.537,-28.138,327.0,356.0,4,4
130.537,-27.638,272.0,346.0,4,4
130.537,-27.138,217.0,344.0,4,4
130.537,-26.638,164.0,351.0,4,4
130.537,-26.138,112.0,367.0,4,4
130.537,-25.638,67.0,390.0,3,4
130.537,-25.138,52.0,402.0,3,4
130.537,-24.638,84.0,369.0,3,4
130.537,-24.138,109.0,342.0,4,4
130.537,-23.638,128.0,322.0,4,4
130.537,-23.138,165.0,311.0,4,4
130.537,-22.638,210.0,309.0,4,4
130.537,-22.138,259.0,318.0,4,4
130.537,-21.638,310.0,336.0,4,4
130.537,-21.138,339.0,361.0,4,4
130.537,-20.638,361.0,393.0,4,4
130.537,-20.138,384.0,384.0,4,4
130.537,-19.638,356.0,356.0,4,4
130.537,-19.138,335.0,335.0,4,4
130.537,-18.638,322.0,315.0,4,4
130.537,-18.138,288.0,287.0,4,4
130.537,-17.638,234.0,267.0,4,4
130.537,-17.138,182.0,251.0,4,4
130.537,-16.638,131.0,222.0,4,4
130.537,-16.138,88.0,204.0,3,4
130.537,-15.638,66.0,201.0,3,4
130.537,-15.138,85.0,212.0,3,4
130.537,-14.638,127.0,237.0,4,4
130.537,-14.138,118.0,190.0,4,4
130.537,-13.638,77.0,135.0,3,4
130.537,-13.138,55.0,83.0,3,3
130.537,-11.638,90.0,90.0,3,3
131.037,-31.138,38.0,38.0,2,2
131.037,-30.638,92.0,92.0,3,3
131.037,-30.138,147.0,147.0,4,4
131.037,-29.638,202.0,202.0,4,4
131.037,-29.138,258.0,258.0,4,4
131.037,-28.638,313.0,313.0,4,4
131.037,-28.138,302.0,302.0,4,4
131.037,-27.638,267.0,290.0,4,4
131.037,-27.138,211.0,288.0,4,4
131.037,-26.638,156.0,297.0,4,4
131.037,-26.138,100.0,316.0,3,4
131.037,-25.638,45.0,342.0,2,4
131.037,-25.138,13.0,355.0,2,4
131.037,-24.638,67.0,333.0,3,4
131.037,-24.138,54.0,320.0,3,4
131.037,-23.638,86.0,316.0,3,4
131.037,-23.138,135.0,322.0,4,4
131.037,-22.638,187.0,338.0,4,4
131.037,-22.138,241.0,361.0,4,4
131.037,-21.638,271.0,387.0,4,4
131.037,-21.138,287.0,410.0,4,4
131.037,-20.638,313.0,438.0,4,4
131.037,-20.138,346.0,431.0,4,4
131.037,-19.638,340.0,406.0,4,4
131.037,-19.138,320.0,388.0,4,4
131.037,-18.638,304.0,362.0,4,4
131.037,-18.138,281.0,338.0,4,4
131.037,-17.638,225.0,321.0,4,4
131.037,-17.138,170.0,297.0,4,4
131.037,-16.638,114.0,273.0,4,4
131.037,-16.138,59.0,259.0,3,4
131.037,-15.638,10.0,256.0,1,4
131.037,-15.138,54.0,265.0,3,4
131.037,-14.638,109.0,244.0,4,4
131.037,-14.138,95.0,188.0,3,4
131.037,-13.638,45.0,133.0,2,4
131.037,-13.138,10.0,79.0,1,3
131.037,-12.638,7.0,30.0,1,2
131.037,-11.638,83.0,84.0,3,3
131.537,-31.638,74.0,74.0,3,3
131.537,-31.138,79.0,79.0,3,3
131.537,-30.638,115.0,115.0,4,4
131.537,-30.138,163.0,163.0,4,4
131.537,-29.638,214.0,214.0,4,4
131.537,-29.138,267.0,267.0,4,4
131.537,-28.638,276.0,276.0,4,4
131.537,-28.138,250.0,250.0,4,4
131.537,-27.638,235.0,235.0,4,4
131.537,-27.138,220.0,233.0,4,4
131.537,-26.638,167.0,244.0,4,4
131.537,-26.138,117.0,266.0,4,4
131.537,-25.638,75.0,297.0,3,4
131.537,-25.138,62.0,306.0,3,4
131.537,-24.638,43.0,281.0,2,4
131.537,-24.138,13.0,265.0,2,4
131.537,-23.638,68.0,261.0,3,4
131.537,-23.138,124.0,268.0,4,4
131.537,-22.638,180.0,286.0,4,4
131.537,-22.138,209.0,313.0,4,4
131.537,-21.638,216.0,347.0,4,4
131.537,-21.138,237.0,386.0,4,4
131.537,-20.638,267.0,429.0,4,4
131.537,-20.138,300.0,474.0,4,4
131.537,-19.638,291.0,458.0,4,4
131.537,-19.138,267.0,438.0,4,4
131.537,-18.638,254.0,411.0,4,4
131.537,-18.138,233.0,390.0,4,4
131.537,-17.638,224.0,374.0,4,4
131.537,-17.138,175.0,346.0,4,4
131.537,-16.638,123.0,326.0,4,4
131.537,-16.138,74.0,314.0,3,4
131.537,-15.638,46.0,312.0,2,4
131.537,-15.138,70.0,308.0,3,4
131.537,-14.638,82.0,255.0,3,4
131.537,-14.138,48.0,203.0,2,4
131.537,-13.638,39.0,153.0,2,4
131.537,-13.138,49.0,109.0,2,4
131.537,-12.638,46.0,76.0,2,3
132.037,-31.638,113.0,113.0,4,4
132.037,-31.138,132.0,132.0,4,4
132.037,-30.638,156.0,156.0,4,4
132.037,-30.138,194.0,194.0,4,4
132.037,-29.638,238.0,238.0,4,4
132.037,-29.138,263.0,270.0,4,4
132.037,-28.638,231.0,231.0,4,4
132.037,-28.138,199.0,199.0,4,4
132.037,-27.638,180.0,180.0,4,4
132.037,-27.138,177.0,177.0,4,4
132.037,-26.638,191.0,191.0,4,4
132.037,-26.138,154.0,219.0,4,4
132.037,-25.638,125.0,256.0,4,4
132.037,-25.138,115.0,260.0,4,4
132.037,-24.638,73.0,230.0,3,4
132.037,-24.138,60.0,211.0,3,4
132.037,-23.638,90.0,205.0,3,4
132.037,-23.138,137.0,214.0,4,4
132.037,-22.638,164.0,237.0,4,4
132.037,-22.138,154.0,269.0,4,4
132.037,-21.638,163.0,308.0,4,4
132.037,-21.138,189.0,351.0,4,4
132.037,-20.638,226.0,398.0,4,4
132.037,-20.138,245.0,446.0,4,4
132.037,-19.638,239.0,496.0,4,4
132.037,-19.138,216.0,486.0,4,4
132.037,-18.638,199.0,462.0,4,4
132.037,-18.138,180.0,443.0,4,4
132.037,-17.638,168.0,421.0,4,4
132.037,-17.138,161.0,397.0,4,4
132.037,-16.638,152.0,379.0,4,4
132.037,-16.138,117.0,369.0,4,4
132.037,-15.638,101.0,367.0,4,4
132.037,-15.138,77.0,327.0,3,4
132.037,-14.638,30.0,277.0,2,4
132.037,-14.138,41.0,230.0,2,4
132.037,-13.638,31.0,187.0,2,4
132.037,-13.138,71.0,151.0,3,4
132.037,-12.638,49.0,130.0,2,4
132.537,-31.638,62.0,62.0,3,3
132.537,-31.138,103.0,102.0,4,4
132.537,-30.638,153.0,153.0,4,4
132.537,-30.138,206.0,206.0,4,4
132.537,-29.638,256.0,260.0,4,4
132.537,-29.138,218.0,237.0,4,4
132.537,-28.638,188.0,192.0,4,4
132.537,-28.138,152.0,152.0,4,4
132.537,-27.638,126.0,126.0,4,4
132.537,-27.138,122.0,122.0,4,4
132.537,-26.638,142.0,142.0,4,4
132.537,-26.138,128.0,177.0,4,4
132.537,-25.638,89.0,221.0,3,4
132.537,-25.138,74.0,219.0,3,4
132.537,-24.638,97.0,182.0,3,4
132.537,-24.138,115.0,157.0,4,4
132.537,-23.638,133.0,150.0,4,4
132.537,-23.138,149.0,162.0,4,4
132.537,-22.638,113.0,190.0,4,4
132.537,-22.138,98.0,229.0,3,4
132.537,-21.638,112.0,274.0,4,4
132.537,-21.138,148.0,322.0,4,4
132.537,-20.638,188.0,372.0,4,4
132.537,-20.138,192.0,423.0,4,4
132.537,-19.638,184.0,476.0,4,4
132.537,-19.138,167.0,529.0,4,4
132.537,-18.638,145.0,514.0,4,4
132.537,-18.138,130.0,497.0,4,4
132.537,-17.638,112.0,471.0,4,4
132.537,-17.138,110.0,449.0,4,4
132.537,-16.638,98.0,433.0,3,4
132.537,-16.138,96.0,425.0,3,4
132.537,-15.638,99.0,401.0,3,4
132.537,-15.138,64.0,353.0,3,4
132.537,-14.638,24.0,308.0,2,4
132.537,-14.138,46.0,266.0,2,4
132.537,-13.638,81.0,229.0,3,4
132.537,-13.138,52.0,200.0,3,4
132.537,-12.638,8.0,185.0,1,4
132.537,-12.138,60.0,185.0,3,4
132.537,-11.138,171.0,230.0,4,4
133.037,-31.638,32.0,32.0,2,2
133.037,-31.138,88.0,88.0,3,3
133.037,-30.638,144.0,143.0,4,4
133.037,-30.138,199.0,199.0,4,4
133.037,-29.638,203.0,255.0,4,4
133.037,-29.138,178.0,214.0,4,4
133.037,-28.638,140.0,162.0,4,4
133.037,-28.138,113.0,113.0,4,4
133.037,-27.638,75.0,75.0,3,3
133.037,-27.138,68.0,68.0,3,3
133.037,-26.638,99.0,99.0,3,3
133.037,-26.138,106.0,145.0,4,4
133.037,-25.638,52.0,197.0,3,4
133.037,-25.138,19.0,186.0,2,4
133.037,-24.638,65.0,141.0,3,4
133.037,-24.138,103.0,106.0,4,4
133.037,-23.638,91.0,94.0,3,3
133.037,-23.138,109.0,113.0,4,4
133.037,-22.638,71.0,151.0,3,4
133.037,-22.138,42.0,197.0,2,4
133.037,-21.638,69.0,248.0,3,4
133.037,-21.138,118.0,300.0,4,4
133.037,-20.638,132.0,353.0,4,4
133.037,-20.138,139.0,407.0,4,4
133.037,-19.638,128.0,462.0,4,4
133.037,-19.138,124.0,516.0,4,4
133.037,-18.638,92.0,566.0,3,4
133.037,-18.138,86.0,546.0,3,4
133.037,-17.638,57.0,521.0,3,4
133.037,-17.138,66.0,502.0,3,4
133.037,-16.638,42.0,488.0,2,4
133.037,-16.138,43.0,477.0,2,4
133.037,-15.638,79.0,430.0,3,4
133.037,-15.138,24.0,386.0,2,4
133.037,-14.638,32.0,345.0,2,4
133.037,-14.138,86.0,307.0,3,4
133.037,-13.638,110.0,275.0,4,4
133.037,-13.138,57.0,252.0,3,4
133.037,-12.638,23.0,240.0,2,4
133.037,-12.138,63.0,240.0,3,4
133.037,-11.638,117.0,253.0,4,4
133.537,-32.138,15.0,17.0,2,2
133.537,-31.638,55.0,56.0,3,3
133.537,-31.138,106.0,105.0,4,4
133.537,-30.638,155.0,155.0,4,4
133.537,-30.138,184.0,207.0,4,4
133.537,-29.638,152.0,260.0,4,4
133.537,-29.138,136.0,204.0,4,4
133.537,-28.638,100.0,149.0,3,4
133.537,-28.138,63.0,93.0,3,3
133.537,-27.638,38.0,38.0,2,2
133.537,-27.138,21.0,21.0,2,2
133.537,-26.638,75.0,75.0,3,3
133.537,-26.138,111.0,130.0,4,4
133.537,-25.638,62.0,186.0,3,4
133.537,-25.138,38.0,165.0,2,4
133.537,-24.638,73.0,111.0,3,4
133.537,-24.138,60.0,62.0,3,3
133.537,-23.638,36.0,39.0,2,2
133.537,-23.138,69.0,73.0,3,3
133.537,-22.638,58.0,124.0,3,4
133.537,-22.138,13.0,178.0,2,4
133.537,-21.638,56.0,232.0,3,4
133.537,-21.138,94.0,287.0,3,4
133.537,-20.638,76.0,343.0,3,4
133.537,-20.138,90.0,398.0,3,4
133.537,-19.638,72.0,454.0,3,4
133.537,-19.138,82.0,509.0,3,4
133.537,-18.638,46.0,565.0,2,4
133.537,-18.138,35.0,595.0,2,4
133.537,-17.638,9.0,573.0,1,4
133.537,-17.138,46.0,555.0,2,4
133.537,-16.638,15.0,542.0,2,4
133.537,-16.138,25.0,508.0,2,4
133.537,-15.638,76.0,464.0,3,4
133.537,-15.138,57.0,423.0,3,4
133.537,-14.638,61.0,386.0,3,4
133.537,-14.138,102.0,352.0,4,4
133.537,-13.638,133.0,325.0,4,4
133.537,-13.138,94.0,305.0,3,4
133.537,-12.638,78.0,295.0,3,4
133.537,-12.138,98.0,295.0,3,4
134.037,-32.138,39.0,39.0,2,2
134.037,-31.638,66.0,67.0,3,3
134.037,-31.138,116.0,116.0,4,4
134.037,-30.638,169.0,170.0,4,4
134.037,-30.138,148.0,224.0,4,4
134.037,-29.638,106.0,264.0,4,4
134.037,-29.138,81.0,209.0,3,4
134.037,-28.638,82.0,156.0,3,4
134.037,-28.138,26.0,104.0,2,4
134.037,-27.638,30.0,59.0,2,3
134.037,-27.138,50.0,50.0,2,2
134.037,-26.638,87.0,87.0,3,3
134.037,-26.138,138.0,138.0,4,4
134.037,-25.638,105.0,191.0,4,4
134.037,-25.138,93.0,161.0,3,4
134.037,-24.638,104.0,106.0,4,4
134.037,-24.138,50.0,52.0,2,3
134.037,-23.638,17.0,19.0,2,2
134.037,-23.138,62.0,65.0,3,3
134.037,-22.638,89.0,119.0,3,4
134.037,-22.138,69.0,175.0,3,4
134.037,-21.638,88.0,230.0,3,4
134.037,-21.138,59.0,285.0,3,4
134.037,-20.638,21.0,341.0,2,4
134.037,-20.138,56.0,397.0,3,4
134.037,-19.638,17.0,452.0,2,4
134.037,-19.138,38.0,508.0,2,4
134.037,-18.638,45.0,564.0,2,4
134.037,-18.138,34.0,619.0,2,4
134.037,-17.638,55.0,625.0,3,4
134.037,-17.138,72.0,609.0,3,4
134.037,-16.638,70.0,586.0,3,4
134.037,-16.138,75.0,543.0,3,4
134.037,-15.638,104.0,502.0,4,4
134.037,-15.138,110.0,464.0,4,4
134.037,-14.638,112.0,430.0,4,4
134.037,-14.138,139.0,400.0,4,4
134.037,-13.638,172.0,376.0,4,4
134.037,-13.138,144.0,359.0,4,4
134.037,-12.638,134.0,351.0,4,4
134.037,-12.138,146.0,351.0,4,4
134.537,-33.138,18.0,51.0,2,3
134.537,-32.638,40.0,35.0,2,2
134.537,-32.138,82.0,73.0,3,3
134.537,-31.638,109.0,109.0,4,4
134.537,-31.138,136.0,145.0,4,4
134.537,-30.638,140.0,191.0,4,4
134.537,-30.138,127.0,240.0,4,4
134.537,-29.638,73.0,279.0,3,4
134.537,-29.138,28.0,228.0,2,4
134.537,-28.638,48.0,180.0,2,4
134.537,-28.138,59.0,138.0,3,4
134.537,-27.638,61.0,108.0,3,4
134.537,-27.138,101.0,103.0,4,4
134.537,-26.638,126.0,126.0,4,4
134.537,-26.138,165.0,165.0,4,4
134.537,-25.638,157.0,212.0,4,4
134.537,-25.138,149.0,176.0,4,4
134.537,-24.638,126.0,128.0,4,4
134.537,-24.138,86.0,88.0,3,3
134.537,-23.638,71.0,74.0,3,3
134.537,-23.138,95.0,96.0,3,3
134.537,-22.638,137.0,139.0,4,4
134.537,-22.138,125.0,188.0,4,4
134.537,-21.638,116.0,241.0,4,4
134.537,-21.138,65.0,294.0,3,4
134.537,-20.638,35.0,348.0,2,4
134.537,-20.138,66.0,403.0,3,4
134.537,-19.638,38.0,458.0,2,4
134.537,-19.138,49.0,513.0,2,4
134.537,-18.638,90.0,568.0,3,4
134.537,-18.138,85.0,623.0,3,4
134.537,-17.638,110.0,678.0,4,4
134.537,-17.138,120.0,663.0,4,4
134.537,-16.638,125.0,621.0,4,4
134.537,-16.138,130.0,581.0,4,4
134.537,-15.638,148.0,543.0,4,4
134.537,-15.138,165.0,507.0,4,4
134.537,-14.638,167.0,476.0,4,4
134.537,-14.138,185.0,449.0,4,4
134.537,-13.638,217.0,428.0,4,4
134.537,-13.138,197.0,414.0,4,4
134.537,-12.638,190.0,406.0,4,4
134.537,-12.138,199.0,406.0,4,4
135.037,-33.638,65.0,81.0,3,3
135.037,-33.138,39.0,48.0,2,2
135.037,-32.638,65.0,24.0,3,2
135.037,-32.138,111.0,68.0,4,3
135.037,-31.638,109.0,122.0,4,4
135.037,-31.138,82.0,177.0,3,4
135.037,-30.638,87.0,224.0,3,4
135.037,-30.138,122.0,267.0,4,4
135.037,-29.638,76.0,304.0,3,4
135.037,-29.138,34.0,258.0,2,4
135.037,-28.638,51.0,216.0,3,4
135.037,-28.138,102.0,183.0,4,4
135.037,-27.638,113.0,162.0,4,4
135.037,-27.138,139.0,159.0,4,4
135.037,-26.638,174.0,174.0,4,4
135.037,-26.138,204.0,204.0,4,4
135.037,-25.638,210.0,243.0,4,4
135.037,-25.138,204.0,206.0,4,4
135.037,-24.638,164.0,166.0,4,4
135.037,-24.138,136.0,138.0,4,4
135.037,-23.638,127.0,129.0,4,4
135.037,-23.138,141.0,143.0,4,4
135.037,-22.638,173.0,175.0,4,4
135.037,-22.138,180.0,216.0,4,4
135.037,-21.638,143.0,263.0,4,4
135.037,-21.138,106.0,313.0,4,4
135.037,-20.638,91.0,364.0,3,4
135.037,-20.138,107.0,417.0,4,4
135.037,-19.638,94.0,470.0,3,4
135.037,-19.138,98.0,524.0,3,4
135.037,-18.638,128.0,578.0,4,4
135.037,-18.138,140.0,632.0,4,4
135.037,-17.638,158.0,687.0,4,4
135.037,-17.138,172.0,700.0,4,4
135.037,-16.638,155.0,660.0,4,4
135.037,-16.138,142.0,621.0,4,4
135.037,-15.638,149.0,585.0,4,4
135.037,-15.138,175.0,553.0,4,4
135.037,-14.638,212.0,524.0,4,4
135.037,-14.138,236.0,500.0,4,4
135.037,-13.638,253.0,481.0,4,4
135.037,-13.138,222.0,468.0,4,4
135.037,-12.638,201.0,462.0,4,4
135.537,-34.638,8.0,174.0,1,4
135.537,-34.138,55.0,122.0,3,4
135.537,-33.638,65.0,66.0,3,3
135.537,-33.138,12.0,13.0,2,2
135.537,-32.638,46.0,46.0,2,2
135.537,-32.138,101.0,101.0,4,4
135.537,-31.638,78.0,143.0,3,4
135.537,-31.138,30.0,193.0,2,4
135.537,-30.638,44.0,244.0,2,4
135.537,-30.138,95.0,298.0,3,4
135.537,-29.638,111.0,336.0,4,4
135.537,-29.138,88.0,295.0,3,4
135.537,-28.638,96.0,260.0,3,4
135.537,-28.138,130.0,232.0,4,4
135.537,-27.638,167.0,216.0,4,4
135.537,-27.138,186.0,214.0,4,4
135.537,-26.638,217.0,226.0,4,4
135.537,-26.138,250.0,249.0,4,4
135.537,-25.638,265.0,282.0,4,4
135.537,-25.138,243.0,245.0,4,4
135.537,-24.638,210.0,212.0,4,4
135.537,-24.138,189.0,191.0,4,4
135.537,-23.638,182.0,185.0,4,4
135.537,-23.138,193.0,195.0,4,4
135.537,-22.638,217.0,219.0,4,4
135.537,-22.138,222.0,253.0,4,4
135.537,-21.638,184.0,294.0,4,4
135.537,-21.138,156.0,340.0,4,4
135.537,-20.638,146.0,387.0,4,4
135.537,-20.138,157.0,437.0,4,4
135.537,-19.638,150.0,488.0,4,4
135.537,-19.138,152.0,540.0,4,4
135.537,-18.638,173.0,593.0,4,4
135.537,-18.138,195.0,623.0,4,4
135.537,-17.638,194.0,650.0,4,4
135.537,-17.138,146.0,681.0,4,4
135.537,-16.638,106.0,700.0,4,4
135.537,-16.138,86.0,664.0,3,4
135.537,-15.638,98.0,630.0,3,4
135.537,-15.138,134.0,600.0,4,4
135.537,-14.138,230.0,552.0,4,4
135.537,-13.638,213.0,535.0,4,4
135.537,-13.138,175.0,523.0,4,4
135.537,-12.638,148.0,517.0,4,4
135.537,-12.138,139.0,517.0,4,4
136.037,-34.138,27.0,111.0,2,4
136.037,-33.638,50.0,69.0,2,3
136.037,-33.138,42.0,42.0,2,2
136.037,-32.638,70.0,70.0,3,3
136.037,-32.138,120.0,119.0,4,4
136.037,-31.638,81.0,169.0,3,4
136.037,-31.138,37.0,221.0,2,4
136.037,-30.638,49.0,267.0,2,4
136.037,-30.138,98.0,317.0,3,4
136.037,-29.638,134.0,368.0,4,4
136.037,-29.138,143.0,338.0,4,4
136.037,-28.638,148.0,307.0,4,4
136.037,-28.138,172.0,284.0,4,4
136.037,-27.638,208.0,271.0,4,4
136.037,-27.138,236.0,269.0,4,4
136.037,-26.638,262.0,279.0,4,4
136.037,-26.138,295.0,298.0,4,4
136.037,-25.638,320.0,323.0,4,4
136.037,-25.138,287.0,289.0,4,4
136.037,-24.638,260.0,262.0,4,4
136.037,-24.138,243.0,245.0,4,4
136.037,-23.638,238.0,240.0,4,4
136.037,-23.138,246.0,248.0,4,4
136.037,-22.638,266.0,268.0,4,4
136.037,-22.138,262.0,296.0,4,4
136.037,-21.638,230.0,332.0,4,4
136.037,-21.138,209.0,373.0,4,4
136.037,-20.638,202.0,417.0,4,4
136.037,-20.138,210.0,463.0,4,4
136.037,-19.638,205.0,512.0,4,4
136.037,-19.138,206.0,527.0,4,4
136.037,-18.638,222.0,548.0,4,4
136.037,-18.138,232.0,574.0,4,4
136.037,-17.638,177.0,604.0,4,4
136.037,-17.138,122.0,637.0,4,4
136.037,-16.638,70.0,673.0,3,4
136.037,-16.138,31.0,708.0,2,4
136.037,-15.638,56.0,677.0,3,4
136.037,-13.138,135.0,578.0,4,4
136.037,-12.638,98.0,573.0,3,4
136.537,-33.638,8.0,44.0,1,2
136.537,-33.138,14.0,13.0,2,2
136.537,-32.638,58.0,57.0,3,3
136.537,-32.138,113.0,112.0,4,4
136.537,-31.638,115.0,164.0,4,4
136.537,-31.138,76.0,201.0,3,4
136.537,-30.638,41.0,246.0,2,4
136.537,-30.138,55.0,294.0,3,4
136.537,-29.638,102.0,321.0,4,4
136.537,-29.138,155.0,338.0,4,4
136.537,-28.638,202.0,357.0,4,4
136.537,-28.138,220.0,337.0,4,4
136.537,-27.638,250.0,327.0,4,4
136.537,-27.138,287.0,325.0,4,4
136.537,-26.638,310.0,333.0,4,4
136.537,-26.138,315.0,349.0,4,4
136.537,-25.638,315.0,366.0,4,4
136.537,-25.138,325.0,337.0,4,4
136.537,-24.638,312.0,314.0,4,4
136.537,-24.138,298.0,300.0,4,4
136.537,-23.638,294.0,296.0,4,4
136.537,-23.138,300.0,302.0,4,4
136.537,-22.638,316.0,319.0,4,4
136.537,-22.138,303.0,343.0,4,4
136.537,-21.638,260.0,374.0,4,4
136.537,-21.138,222.0,411.0,4,4
136.537,-20.638,193.0,442.0,4,4
136.537,-20.138,178.0,447.0,4,4
136.537,-19.638,179.0,458.0,4,4
136.537,-19.138,196.0,475.0,4,4
136.537,-18.638,227.0,498.0,4,4
136.537,-18.138,231.0,526.0,4,4
136.537,-17.638,176.0,559.0,4,4
136.537,-17.138,121.0,594.0,4,4
136.537,-16.638,68.0,633.0,3,4
136.537,-16.138,27.0,674.0,2,4
136.537,-14.138,215.0,657.0,4,4
136.537,-12.638,58.0,628.0,3,4
136.537,-12.138,28.0,629.0,2,4
137.037,-35.138,41.0,14.0,2,2
137.037,-33.638,14.0,13.0,2,2
137.037,-33.138,56.0,56.0,3,3
137.037,-32.638,69.0,70.0,3,3
137.037,-32.138,86.0,88.0,3,3
137.037,-31.638,121.0,123.0,4,4
137.037,-31.138,67.0,169.0,3,4
137.037,-30.638,19.0,220.0,2,4
137.037,-30.138,42.0,257.0,2,4
137.037,-29.638,96.0,267.0,3,4
137.037,-29.138,151.0,287.0,4,4
137.037,-28.638,206.0,317.0,4,4
137.037,-28.138,262.0,352.0,4,4
137.037,-27.638,296.0,382.0,4,4
137.037,-27.138,292.0,381.0,4,4
137.037,-26.638,271.0,387.0,4,4
137.037,-26.138,259.0,402.0,4,4
137.037,-25.638,259.0,413.0,4,4
137.037,-25.138,271.0,386.0,4,4
137.037,-24.638,273.0,367.0,4,4
137.037,-24.138,272.0,355.0,4,4
137.037,-23.638,282.0,352.0,4,4
137.037,-23.138,303.0,357.0,4,4
137.037,-22.638,322.0,371.0,4,4
137.037,-22.138,275.0,392.0,4,4
137.037,-21.638,226.0,400.0,4,4
137.037,-21.138,181.0,389.0,4,4
137.037,-20.638,144.0,386.0,4,4
137.037,-20.138,123.0,392.0,4,4
137.037,-19.638,124.0,404.0,4,4
137.037,-19.138,149.0,424.0,4,4
137.037,-18.638,187.0,450.0,4,4
137.037,-18.138,201.0,481.0,4,4
137.037,-17.638,192.0,516.0,4,4
137.037,-17.138,144.0,554.0,4,4
137.037,-16.638,103.0,595.0,4,4
137.037,-16.138,82.0,639.0,3,4
137.537,-35.638,11.0,8.0,2,1
137.537,-35.138,15.0,16.0,2,2
137.537,-34.638,16.0,16.0,2,2
137.537,-34.138,7.0,53.0,1,3
137.537,-32.638,29.0,29.0,2,2
137.537,-32.138,43.0,45.0,2,2
137.537,-31.638,95.0,97.0,3,3
137.537,-31.138,97.0,151.0,3,4
137.537,-30.638,72.0,204.0,3,4
137.537,-30.138,81.0,201.0,3,4
137.537,-29.638,116.0,214.0,4,4
137.537,-29.138,157.0,239.0,4,4
137.537,-28.638,205.0,274.0,4,4
137.537,-28.138,256.0,314.0,4,4
137.537,-27.638,280.0,359.0,4,4
137.537,-27.138,245.0,406.0,4,4
137.537,-26.638,218.0,442.0,4,4
137.537,-26.138,204.0,455.0,4,4
137.537,-25.638,204.0,461.0,4,4
137.537,-25.138,219.0,438.0,4,4
137.537,-24.638,218.0,420.0,4,4
137.537,-24.138,217.0,410.0,4,4
137.537,-23.638,230.0,407.0,4,4
137.537,-23.138,254.0,412.0,4,4
137.537,-22.638,266.0,395.0,4,4
137.537,-22.138,255.0,367.0,4,4
137.537,-21.638,202.0,347.0,4,4
137.537,-21.138,150.0,334.0,4,4
137.537,-20.638,103.0,331.0,4,4
137.537,-20.138,69.0,337.0,3,4
137.537,-19.638,72.0,351.0,3,4
137.537,-19.138,109.0,374.0,4,4
137.537,-18.638,157.0,403.0,4,4
137.537,-18.138,146.0,437.0,4,4
137.537,-17.638,148.0,475.0,4,4
137.537,-17.138,169.0,517.0,4,4
137.537,-16.638,151.0,561.0,4,4
137.537,-16.138,137.0,607.0,4,4
138.037,-34.138,14.0,34.0,2,2
138.037,-33.638,12.0,51.0,2,3
138.037,-33.138,4.0,6.0,0,1
138.037,-32.638,7.0,35.0,1,2
138.037,-32.138,23.0,50.0,2,2
138.037,-31.638,51.0,99.0,3,3
138.037,-31.138,73.0,153.0,3,4
138.037,-30.638,42.0,149.0,2,4
138.037,-30.138,39.0,146.0,2,4
138.037,-29.638,80.0,163.0,3,4
138.037,-29.138,133.0,195.0,4,4
138.037,-28.638,187.0,236.0,4,4
138.037,-28.138,242.0,282.0,4,4
138.037,-27.638,243.0,331.0,4,4
138.037,-27.138,201.0,382.0,4,4
138.037,-26.638,168.0,434.0,4,4
138.037,-26.138,149.0,487.0,4,4
138.037,-25.638,149.0,511.0,4,4
138.037,-25.138,169.0,490.0,4,4
138.037,-24.638,163.0,475.0,4,4
138.037,-24.138,161.0,465.0,4,4
138.037,-23.638,178.0,427.0,4,4
138.037,-23.138,209.0,386.0,4,4
138.037,-22.638,211.0,349.0,4,4
138.037,-22.138,226.0,318.0,4,4
138.037,-21.638,191.0,294.0,4,4
138.037,-21.138,136.0,279.0,4,4
138.037,-20.638,80.0,275.0,3,4
138.037,-20.138,26.0,282.0,2,4
138.037,-19.638,33.0,300.0,2,4
138.037,-19.138,88.0,326.0,3,4
138.037,-18.638,118.0,359.0,4,4
138.037,-18.138,91.0,397.0,3,4
138.037,-17.638,94.0,438.0,3,4
138.037,-17.138,125.0,483.0,4,4
138.037,-16.638,170.0,530.0,4,4
138.537,-35.138,2.0,6.0,0,1
138.537,-34.638,3.0,15.0,0,2
138.537,-34.138,14.0,33.0,2,2
138.537,-33.638,17.0,25.0,2,2
138.537,-33.138,10.0,59.0,1,3
138.537,-32.638,34.0,84.0,2,3
138.537,-32.138,30.0,95.0,2,3
138.537,-31.638,31.0,128.0,2,4
138.537,-31.138,62.0,128.0,3,4
138.537,-30.638,15.0,96.0,2,3
138.537,-30.138,27.0,91.0,2,3
138.537,-29.638,75.0,116.0,3,4
138.537,-29.138,130.0,158.0,4,4
138.537,-28.638,185.0,206.0,4,4
138.537,-28.138,240.0,258.0,4,4
138.537,-27.638,214.0,311.0,4,4
138.537,-27.138,165.0,364.0,4,4
138.537,-26.638,122.0,419.0,4,4
138.537,-26.138,95.0,473.0,3,4
138.537,-25.638,95.0,528.0,3,4
138.537,-25.138,124.0,540.0,4,4
138.537,-24.638,109.0,490.0,4,4
138.537,-24.138,107.0,441.0,4,4
138.537,-23.638,131.0,393.0,4,4
138.537,-23.138,155.0,349.0,4,4
138.537,-22.638,156.0,307.0,4,4
138.537,-22.138,176.0,271.0,4,4
138.537,-21.638,147.0,243.0,4,4
138.537,-21.138,116.0,225.0,4,4
138.537,-20.638,92.0,220.0,3,4
138.537,-20.138,53.0,228.0,3,4
138.537,-19.638,56.0,250.0,3,4
138.537,-19.138,99.0,280.0,3,4
138.537,-18.638,85.0,318.0,3,4
138.537,-18.138,40.0,360.0,2,4
138.537,-17.638,47.0,406.0,2,4
138.537,-17.138,95.0,454.0,3,4
139.037,-35.638,32.0,32.0,2,2
139.037,-35.138,18.0,20.0,2,2
139.037,-34.638,16.0,15.0,2,2
139.037,-34.138,26.0,36.0,2,2
139.037,-33.638,12.0,52.0,2,3
139.037,-33.138,29.0,92.0,2,3
139.037,-32.638,43.0,129.0,2,4
139.037,-32.138,74.0,147.0,3,4
139.037,-31.638,74.0,151.0,3,4
139.037,-31.138,93.0,98.0,3,3
139.037,-30.638,70.0,49.0,3,2
139.037,-30.138,78.0,39.0,3,2
139.037,-29.638,105.0,82.0,4,3
139.037,-29.138,149.0,135.0,4,4
139.037,-28.638,199.0,189.0,4,4
139.037,-28.138,238.0,244.0,4,4
139.037,-27.638,197.0,299.0,4,4
139.037,-27.138,142.0,355.0,4,4
139.037,-26.638,89.0,410.0,3,4
139.037,-26.138,44.0,466.0,2,4
139.037,-25.638,46.0,521.0,2,4
139.037,-25.138,92.0,520.0,3,4
139.037,-24.638,58.0,467.0,3,4
139.037,-24.138,54.0,416.0,3,4
139.037,-23.638,93.0,365.0,3,4
139.037,-23.138,101.0,317.0,4,4
139.037,-22.638,102.0,270.0,4,4
139.037,-22.138,130.0,229.0,4,4
139.037,-21.638,113.0,194.0,4,4
139.037,-21.138,68.0,171.0,3,4
139.037,-20.638,51.0,164.0,3,4
139.037,-20.138,80.0,176.0,3,4
139.037,-19.638,107.0,202.0,4,4
139.037,-19.138,134.0,239.0,4,4
139.037,-18.638,81.0,282.0,3,4
139.037,-18.138,32.0,329.0,2,4
139.037,-17.638,40.0,379.0,2,4
139.037,-17.138,89.0,430.0,3,4
139.537,-36.138,55.0,91.0,3,3
139.537,-35.638,23.0,37.0,2,2
139.537,-35.138,16.0,16.0,2,2
139.537,-34.638,28.0,61.0,2,3
139.537,-34.138,19.0,71.0,2,3
139.537,-33.638,46.0,105.0,2,4
139.537,-33.138,62.0,129.0,3,4
139.537,-32.638,7.0,169.0,1,4
139.537,-32.138,50.0,201.0,2,4
139.537,-31.638,105.0,149.0,4,4
139.537,-31.138,140.0,95.0,4,3
139.537,-30.638,126.0,43.0,4,2
139.537,-30.138,133.0,30.0,4,2
139.537,-29.638,151.0,78.0,4,3
139.537,-29.138,164.0,133.0,4,4
139.537,-28.638,168.0,188.0,4,4
139.537,-28.138,189.0,243.0,4,4
139.537,-27.638,195.0,298.0,4,4
139.537,-27.138,139.0,354.0,4,4
139.537,-26.638,85.0,410.0,3,4
139.537,-26.138,34.0,465.0,2,4
139.537,-25.638,35.0,521.0,2,4
139.537,-25.138,87.0,495.0,3,4
139.537,-24.638,32.0,451.0,2,4
139.537,-24.138,25.0,397.0,2,4
139.537,-23.638,80.0,344.0,3,4
139.537,-23.138,49.0,292.0,2,4
139.537,-22.638,52.0,241.0,3,4
139.537,-22.138,96.0,193.0,3,4
139.537,-21.638,101.0,150.0,4,4
139.537,-21.138,46.0,118.0,2,4
139.537,-20.638,8.0,108.0,1,4
139.537,-20.138,62.0,125.0,3,4
139.537,-19.638,118.0,161.0,4,4
139.537,-19.138,141.0,205.0,4,4
139.537,-18.638,87.0,254.0,3,4
139.537,-18.138,38.0,306.0,2,4
139.537,-17.638,39.0,358.0,2,4
140.037,-37.138,30.0,31.0,2,2
140.037,-36.638,28.0,67.0,2,3
140.037,-36.138,28.0,36.0,2,2
140.037,-35.638,21.0,62.0,2,3
140.037,-35.138,65.0,62.0,3,3
140.037,-34.638,50.0,74.0,2,3
140.037,-34.138,7.0,65.0,1,3
140.037,-33.638,60.0,96.0,3,3
140.037,-33.138,81.0,142.0,3,4
140.037,-32.638,53.0,175.0,3,4
140.037,-32.138,72.0,160.0,3,4
140.037,-31.638,118.0,162.0,4,4
140.037,-31.138,169.0,121.0,4,4
140.037,-30.638,181.0,86.0,4,3
140.037,-30.138,166.0,80.0,4,3
140.037,-29.638,129.0,108.0,4,4
140.037,-29.138,108.0,152.0,4,4
140.037,-28.638,114.0,202.0,4,4
140.037,-28.138,144.0,254.0,4,4
140.037,-27.638,185.0,308.0,4,4
140.037,-27.138,158.0,362.0,4,4
140.037,-26.638,112.0,416.0,4,4
140.037,-26.138,81.0,471.0,3,4
140.037,-25.638,81.0,492.0,3,4
140.037,-25.138,108.0,453.0,4,4
140.037,-24.638,70.0,417.0,3,4
140.037,-24.138,68.0,386.0,3,4
140.037,-23.638,82.0,331.0,3,4
140.037,-23.138,29.0,276.0,2,4
140.037,-22.638,33.0,222.0,2,4
140.037,-22.138,87.0,168.0,3,4
140.037,-21.638,115.0,116.0,4,4
140.037,-21.138,70.0,71.0,3,3
140.037,-20.638,53.0,53.0,3,3
140.037,-20.138,80.0,82.0,3,3
140.037,-19.638,128.0,130.0,4,4
140.037,-19.138,161.0,182.0,4,4
140.037,-18.638,117.0,236.0,4,4
140.037,-18.138,87.0,291.0,3,4
140.537,-37.638,19.0,88.0,2,3
140.537,-37.138,30.0,85.0,2,3
140.537,-36.638,6.0,62.0,1,3
140.537,-36.138,20.0,20.0,2,2
140.537,-35.638,54.0,55.0,3,3
140.537,-35.138,44.0,95.0,2,3
140.537,-34.638,21.0,40.0,2,2
140.537,-34.138,15.0,18.0,2,2
140.537,-33.638,64.0,72.0,3,3
140.537,-33.138,118.0,128.0,4,4
140.537,-32.638,109.0,127.0,4,4
140.537,-32.138,101.0,105.0,4,4
140.537,-31.638,107.0,109.0,4,4
140.537,-31.138,136.0,138.0,4,4
140.537,-30.638,159.0,139.0,4,4
140.537,-30.138,137.0,135.0,4,4
140.537,-29.638,88.0,153.0,3,4
140.537,-29.138,54.0,187.0,3,4
140.537,-28.638,65.0,229.0,3,4
140.537,-28.138,109.0,276.0,4,4
140.537,-27.638,160.0,326.0,4,4
140.537,-27.138,191.0,378.0,4,4
140.537,-26.638,155.0,430.0,4,4
140.537,-26.138,134.0,483.0,4,4
140.537,-25.638,135.0,456.0,4,4
140.537,-25.138,147.0,413.0,4,4
140.537,-24.638,123.0,374.0,4,4
140.537,-24.138,121.0,339.0,4,4
140.537,-23.638,107.0,311.0,4,4
140.537,-23.138,74.0,271.0,3,4
140.537,-22.638,76.0,215.0,3,4
140.537,-22.138,110.0,160.0,4,4
140.537,-21.638,93.0,104.0,3,4
140.537,-21.138,47.0,48.0,2,2
140.537,-20.638,6.0,8.0,1,1
140.537,-20.138,60.0,63.0,3,3
140.537,-19.638,116.0,119.0,4,4
140.537,-19.138,172.0,174.0,4,4
140.537,-18.638,123.0,230.0,4,4
140.537,-18.138,79.0,286.0,3,4
140.537,-17.638,38.0,341.0,2,4
141.037,-37.638,27.0,41.0,2,2
141.037,-37.138,34.0,31.0,2,2
141.037,-36.638,37.0,37.0,2,2
141.037,-36.138,35.0,35.0,2,2
141.037,-35.638,44.0,85.0,2,3
141.037,-35.138,19.0,106.0,2,4
141.037,-34.638,46.0,62.0,2,3
141.037,-34.138,24.0,51.0,2,3
141.037,-33.638,68.0,87.0,3,3
141.037,-33.138,120.0,137.0,4,4
141.037,-32.638,85.0,89.0,3,3
141.037,-32.138,47.0,51.0,2,3
141.037,-31.638,58.0,59.0,3,3
141.037,-31.138,102.0,103.0,4,4
141.037,-30.638,104.0,154.0,4,4
141.037,-30.138,116.0,190.0,4,4
141.037,-29.638,71.0,204.0,3,4
141.037,-29.138,16.0,230.0,2,4
141.037,-28.638,40.0,266.0,2,4
141.037,-28.138,96.0,307.0,3,4
141.037,-27.638,151.0,353.0,4,4
141.037,-27.138,207.0,401.0,4,4
141.037,-26.638,205.0,451.0,4,4
141.037,-26.138,189.0,467.0,4,4
141.037,-25.638,190.0,425.0,4,4
141.037,-25.138,195.0,378.0,4,4
141.037,-24.638,177.0,335.0,4,4
141.037,-24.138,176.0,295.0,4,4
141.037,-23.638,149.0,262.0,4,4
141.037,-23.138,128.0,237.0,4,4
141.037,-22.638,129.0,223.0,4,4
141.037,-22.138,100.0,170.0,3,4
141.037,-21.638,49.0,119.0,2,4
141.037,-21.138,32.0,76.0,2,3
141.037,-20.638,58.0,59.0,3,3
141.037,-20.138,84.0,86.0,3,3
141.037,-19.638,130.0,133.0,4,4
141.037,-19.138,163.0,184.0,4,4
141.037,-18.638,107.0,237.0,4,4
141.037,-18.138,52.0,292.0,3,4
141.037,-17.638,6.0,346.0,1,4
141.037,-17.138,42.0,401.0,2,4
141.537,-38.138,11.0,38.0,2,2
141.537,-37.638,16.0,43.0,2,2
141.537,-37.138,36.0,29.0,2,2
141.537,-36.638,35.0,36.0,2,2
141.537,-36.138,25.0,25.0,2,2
141.537,-35.638,57.0,78.0,3,3
141.537,-35.138,42.0,87.0,2,3
141.537,-34.638,72.0,86.0,3,3
141.537,-34.138,43.0,69.0,2,3
141.537,-33.638,67.0,92.0,3,3
141.537,-33.138,116.0,131.0,4,4
141.537,-32.638,74.0,76.0,3,3
141.537,-32.138,19.0,22.0,2,2
141.537,-31.638,34.0,37.0,2,2
141.537,-31.138,76.0,92.0,3,3
141.537,-30.638,48.0,147.0,2,4
141.537,-30.138,71.0,203.0,3,4
141.537,-29.638,57.0,256.0,3,4
141.537,-29.138,62.0,278.0,3,4
141.537,-28.638,72.0,308.0,3,4
141.537,-28.138,113.0,344.0,4,4
141.537,-27.638,163.0,385.0,4,4
141.537,-27.138,200.0,430.0,4,4
141.537,-26.638,193.0,467.0,4,4
141.537,-26.138,202.0,426.0,4,4
141.537,-25.638,192.0,388.0,4,4
141.537,-25.138,173.0,349.0,4,4
141.537,-24.638,171.0,301.0,4,4
141.537,-24.138,186.0,256.0,4,4
141.537,-23.638,198.0,217.0,4,4
141.537,-23.138,179.0,186.0,4,4
141.537,-22.638,125.0,169.0,4,4
141.537,-22.138,75.0,169.0,3,4
141.537,-21.638,43.0,155.0,2,4
141.537,-21.138,31.0,124.0,2,4
141.537,-20.638,22.0,115.0,2,4
141.537,-20.138,62.0,131.0,3,4
141.537,-19.638,116.0,165.0,4,4
141.537,-19.138,131.0,209.0,4,4
141.537,-18.638,92.0,257.0,3,4
141.537,-18.138,73.0,308.0,3,4
141.537,-17.638,51.0,360.0,3,4
141.537,-17.138,79.0,413.0,3,4
141.537,-16.638,120.0,425.0,4,4
141.537,-16.138,78.0,426.0,3,4
141.537,-15.638,30.0,434.0,2,4
141.537,-14.138,90.0,498.0,3,4
142.037,-38.138,35.0,53.0,2,3
142.037,-37.638,12.0,34.0,2,2
142.037,-37.138,25.0,50.0,2,2
142.037,-36.638,20.0,20.0,2,2
142.037,-36.138,35.0,35.0,2,2
142.037,-35.638,38.0,70.0,2,3
142.037,-35.138,1.0,32.0,0,2
142.037,-34.638,40.0,52.0,2,3
142.037,-34.138,4.0,14.0,0,2
142.037,-33.638,51.0,62.0,3,3
142.037,-33.138,93.0,117.0,3,4
142.037,-32.638,50.0,99.0,2,3
142.037,-32.138,45.0,67.0,2,3
142.037,-31.638,26.0,74.0,2,3
142.037,-31.138,59.0,112.0,3,4
142.037,-30.638,8.0,161.0,1,4
142.037,-30.138,53.0,213.0,3,4
142.037,-29.638,23.0,261.0,2,4
142.037,-29.138,33.0,308.0,2,4
142.037,-28.638,88.0,354.0,3,4
142.037,-28.138,144.0,386.0,4,4
142.037,-27.638,175.0,423.0,4,4
142.037,-27.138,147.0,464.0,4,4
142.037,-26.638,137.0,433.0,4,4
142.037,-26.138,150.0,388.0,4,4
142.037,-25.638,145.0,347.0,4,4
142.037,-25.138,119.0,310.0,4,4
142.037,-24.638,116.0,274.0,4,4
142.037,-24.138,138.0,224.0,4,4
142.037,-23.638,175.0,178.0,4,4
142.037,-23.138,140.0,139.0,4,4
142.037,-22.638,116.0,114.0,4,4
142.037,-22.138,64.0,114.0,3,4
142.037,-21.638,15.0,139.0,2,4
142.037,-21.138,51.0,177.0,3,4
142.037,-20.638,33.0,170.0,2,4
142.037,-20.138,67.0,182.0,3,4
142.037,-19.638,118.0,208.0,4,4
142.037,-19.138,107.0,244.0,4,4
142.037,-18.638,54.0,286.0,3,4
142.037,-18.138,24.0,333.0,2,4
142.037,-17.638,67.0,381.0,3,4
142.037,-17.138,121.0,376.0,4,4
142.037,-16.638,134.0,369.0,4,4
142.037,-16.138,81.0,371.0,3,4
142.037,-15.638,37.0,380.0,2,4
142.037,-15.138,49.0,398.0,2,4
142.037,-14.638,98.0,422.0,3,4
142.037,-14.138,94.0,451.0,3,4
142.037,-13.638,46.0,485.0,2,4
142.037,-13.138,42.0,523.0,2,4
142.037,-12.638,70.0,564.0,3,4
142.037,-12.138,20.0,607.0,2,4
142.537,-38.138,26.0,27.0,2,2
142.537,-37.638,1.0,22.0,0,2
142.537,-37.138,2.0,47.0,0,2
142.537,-36.638,8.0,38.0,1,2
142.537,-36.138,20.0,20.0,2,2
142.537,-35.638,22.0,38.0,2,2
142.537,-35.138,25.0,26.0,2,2
142.537,-34.638,24.0,27.0,2,2
142.537,-34.138,39.0,42.0,2,2
142.537,-33.638,71.0,74.0,3,3
142.537,-33.138,84.0,124.0,3,4
142.537,-32.638,30.0,142.0,2,4
142.537,-32.138,31.0,114.0,2,4
142.537,-31.638,38.0,95.0,2,3
142.537,-31.138,58.0,105.0,3,4
142.537,-30.638,64.0,139.0,3,4
142.537,-30.138,82.0,184.0,3,4
142.537,-29.638,63.0,234.0,3,4
142.537,-29.138,67.0,285.0,3,4
142.537,-28.638,106.0,338.0,4,4
142.537,-28.138,144.0,392.0,4,4
142.537,-27.638,135.0,434.0,4,4
142.537,-27.138,97.0,420.0,3,4
142.537,-26.638,82.0,404.0,3,4
142.537,-26.138,101.0,355.0,4,4
142.537,-25.638,107.0,310.0,4,4
142.537,-25.138,67.0,268.0,3,4
142.537,-24.638,62.0,232.0,3,4
142.537,-24.138,97.0,203.0,3,4
142.537,-23.638,145.0,150.0,4,4
142.537,-23.138,101.0,100.0,4,3
142.537,-22.638,63.0,62.0,3,3
142.537,-22.138,62.0,62.0,3,3
142.537,-21.638,69.0,100.0,3,3
142.537,-21.138,81.0,150.0,3,4
142.537,-20.638,68.0,187.0,3,4
142.537,-20.138,94.0,201.0,3,4
142.537,-19.638,139.0,229.0,4,4
142.537,-19.138,109.0,265.0,4,4
142.537,-18.638,58.0,307.0,3,4
142.537,-18.138,33.0,353.0,2,4
142.537,-17.638,71.0,339.0,3,4
142.537,-17.138,123.0,322.0,4,4
142.537,-16.638,157.0,314.0,4,4
142.537,-16.138,115.0,315.0,4,4
142.537,-15.638,90.0,327.0,3,4
142.537,-15.138,96.0,347.0,3,4
142.537,-14.638,107.0,374.0,4,4
142.537,-14.138,77.0,407.0,3,4
142.537,-13.638,50.0,445.0,2,4
142.537,-13.138,56.0,486.0,3,4
142.537,-12.638,91.0,529.0,3,4
142.537,-12.138,72.0,575.0,3,4
142.537,-11.638,82.0,623.0,3,4
142.537,-11.138,32.0,671.0,2,4
143.037,-38.138,15.0,16.0,2,2
143.037,-37.638,37.0,41.0,2,2
143.037,-37.138,18.0,20.0,2,2
143.037,-36.638,24.0,66.0,2,3
143.037,-36.138,22.0,22.0,2,2
143.037,-35.638,4.0,25.0,0,2
143.037,-35.138,20.0,46.0,2,2
143.037,-34.638,15.0,20.0,2,2
143.037,-34.138,58.0,58.0,3,3
143.037,-33.638,109.0,109.0,4,4
143.037,-33.138,108.0,152.0,4,4
143.037,-32.638,74.0,126.0,3,4
143.037,-32.138,74.0,75.0,3,3
143.037,-31.638,39.0,40.0,2,2
143.037,-31.138,13.0,61.0,2,3
143.037,-30.638,43.0,109.0,2,4
143.037,-30.138,98.0,163.0,3,4
143.037,-29.638,116.0,217.0,4,4
143.037,-29.138,119.0,272.0,4,4
143.037,-28.638,113.0,327.0,4,4
143.037,-28.138,89.0,383.0,3,4
143.037,-27.638,96.0,382.0,3,4
143.037,-27.138,58.0,366.0,3,4
143.037,-26.638,26.0,358.0,2,4
143.037,-26.138,65.0,329.0,3,4
143.037,-25.638,90.0,279.0,3,4
143.037,-25.138,34.0,232.0,2,4
143.037,-24.638,22.0,189.0,2,4
143.037,-24.138,77.0,155.0,3,4
143.037,-23.638,133.0,137.0,4,4
143.037,-23.138,84.0,84.0,3,3
143.037,-22.638,29.0,28.0,2,2
143.037,-22.138,27.0,28.0,2,2
143.037,-21.638,83.0,83.0,3,3
143.037,-21.138,46.0,134.0,2,4
143.037,-20.638,15.0,131.0,2,4
143.037,-20.138,67.0,151.0,3,4
143.037,-19.638,123.0,186.0,4,4
143.037,-19.138,110.0,230.0,4,4
143.037,-18.638,69.0,277.0,3,4
143.037,-18.138,59.0,317.0,3,4
143.037,-17.638,92.0,288.0,3,4
143.037,-17.138,140.0,268.0,4,4
143.037,-16.638,175.0,258.0,4,4
143.037,-16.138,160.0,260.0,4,4
143.037,-15.638,109.0,274.0,4,4
143.037,-15.138,65.0,297.0,3,4
143.037,-14.638,54.0,329.0,3,4
143.037,-14.138,28.0,366.0,2,4
143.037,-13.638,25.0,407.0,2,4
143.037,-13.138,35.0,452.0,2,4
143.037,-12.638,38.0,499.0,2,4
143.037,-12.138,80.0,547.0,3,4
143.537,-38.638,19.0,34.0,2,2
143.537,-38.138,22.0,23.0,2,2
143.537,-37.638,17.0,29.0,2,2
143.537,-37.138,9.0,25.0,1,2
143.537,-36.638,26.0,26.0,2,2
143.537,-36.138,25.0,32.0,2,2
143.537,-35.638,33.0,34.0,2,2
143.537,-35.138,19.0,22.0,2,2
143.537,-34.638,2.0,3.0,0,0
143.537,-34.138,55.0,56.0,3,3
143.537,-33.638,111.0,112.0,4,4
143.537,-33.138,89.0,167.0,3,4
143.537,-32.638,90.0,121.0,3,4
143.537,-32.138,67.0,67.0,3,3
143.537,-31.638,20.0,19.0,2,2
143.537,-31.138,50.0,50.0,2,2
143.537,-30.638,70.0,104.0,3,4
143.537,-30.138,113.0,159.0,4,4
143.537,-29.638,164.0,214.0,4,4
143.537,-29.138,131.0,270.0,4,4
143.537,-28.638,78.0,312.0,3,4
143.537,-28.138,35.0,344.0,2,4
143.537,-27.638,51.0,330.0,3,4
143.537,-27.138,60.0,312.0,3,4
143.537,-26.638,30.0,302.0,2,4
143.537,-26.138,66.0,287.0,3,4
143.537,-25.638,104.0,253.0,4,4
143.537,-25.138,63.0,205.0,3,4
143.537,-24.638,57.0,155.0,3,4
143.537,-24.138,94.0,111.0,3,4
143.537,-23.638,82.0,82.0,3,3
143.537,-23.138,86.0,86.0,3,3
143.537,-22.638,62.0,63.0,3,3
143.537,-22.138,61.0,63.0,3,3
143.537,-21.638,99.0,101.0,3,4
143.537,-21.138,62.0,81.0,3,3
143.537,-20.638,45.0,77.0,2,3
143.537,-20.138,80.0,108.0,3,4
143.537,-19.638,130.0,153.0,4,4
143.537,-19.138,94.0,204.0,3,4
143.537,-18.638,39.0,256.0,2,4
143.537,-18.138,17.0,267.0,2,4
143.537,-17.638,73.0,240.0,3,4
143.537,-17.138,110.0,215.0,4,4
143.537,-16.638,124.0,203.0,4,4
143.537,-16.138,120.0,205.0,4,4
143.537,-15.638,95.0,222.0,3,4
143.537,-15.138,40.0,251.0,2,4
143.537,-14.638,16.0,287.0,2,4
143.537,-14.138,43.0,329.0,2,4
143.537,-13.138,45.0,423.0,2,4
144.037,-39.638,107.0,123.0,4,4
144.037,-38.138,11.0,19.0,2,2
144.037,-37.638,14.0,14.0,2,2
144.037,-37.138,16.0,22.0,2,2
144.037,-36.638,12.0,19.0,2,2
144.037,-36.138,31.0,42.0,2,2
144.037,-35.638,10.0,17.0,1,2
144.037,-35.138,5.0,58.0,0,3
144.037,-34.638,50.0,53.0,2,3
144.037,-34.138,77.0,77.0,3,3
144.037,-33.638,87.0,123.0,3,4
144.037,-33.138,40.0,175.0,2,4
144.037,-32.638,42.0,140.0,2,4
144.037,-32.138,60.0,97.0,3,3
144.037,-31.638,26.0,73.0,2,3
144.037,-31.138,63.0,86.0,3,3
144.037,-30.638,116.0,125.0,4,4
144.037,-30.138,148.0,174.0,4,4
144.037,-29.638,184.0,217.0,4,4
144.037,-29.138,129.0,236.0,4,4
144.037,-28.638,75.0,266.0,3,4
144.037,-28.138,29.0,303.0,2,4
144.037,-27.638,46.0,281.0,2,4
144.037,-27.138,63.0,258.0,3,4
144.037,-26.638,25.0,247.0,2,4
144.037,-26.138,59.0,247.0,3,4
144.037,-25.638,112.0,208.0,4,4
144.037,-25.138,107.0,177.0,4,4
144.037,-24.638,61.0,135.0,3,4
144.037,-24.138,47.0,81.0,2,3
144.037,-23.638,32.0,32.0,2,2
144.037,-23.138,41.0,41.0,2,2
144.037,-22.638,57.0,92.0,3,3
144.037,-22.138,76.0,115.0,3,4
144.037,-21.638,90.0,90.0,3,3
144.037,-21.138,36.0,38.0,2,2
144.037,-20.638,27.0,29.0,2,2
144.037,-20.138,80.0,81.0,3,3
144.037,-19.638,102.0,135.0,4,4
144.037,-19.138,63.0,191.0,3,4
144.037,-18.638,63.0,224.0,3,4
144.037,-18.138,32.0,211.0,2,4
144.037,-17.638,65.0,195.0,3,4
144.037,-17.138,54.0,164.0,3,4
144.037,-16.638,79.0,147.0,3,4
144.037,-16.138,79.0,151.0,3,4
144.037,-15.638,47.0,173.0,2,4
144.037,-15.138,66.0,208.0,3,4
144.037,-14.638,61.0,251.0,3,4
144.537,-38.138,5.0,6.0,0,1
144.537,-37.638,6.0,10.0,1,1
144.537,-37.138,13.0,15.0,2,2
144.537,-36.638,18.0,30.0,2,2
144.537,-36.138,12.0,24.0,2,2
144.537,-35.638,18.0,40.0,2,2
144.537,-35.138,40.0,65.0,2,3
144.537,-34.638,36.0,37.0,2,2
144.537,-34.138,54.0,54.0,3,3
144.537,-33.638,86.0,103.0,3,4
144.537,-33.138,37.0,156.0,2,4
144.537,-32.638,39.0,176.0,2,4
144.537,-32.138,62.0,144.0,3,4
144.537,-31.638,30.0,128.0,2,4
144.537,-31.138,65.0,136.0,3,4
144.537,-30.638,117.0,164.0,4,4
144.537,-30.138,156.0,156.0,4,4
144.537,-29.638,148.0,164.0,4,4
144.537,-29.138,132.0,188.0,4,4
144.537,-28.638,107.0,224.0,4,4
144.537,-28.138,81.0,267.0,3,4
144.537,-27.638,89.0,234.0,3,4
144.537,-27.138,65.0,206.0,3,4
144.537,-26.638,30.0,191.0,2,4
144.537,-26.138,61.0,192.0,3,4
144.537,-25.638,113.0,170.0,4,4
144.537,-25.138,98.0,130.0,3,4
144.537,-24.638,43.0,106.0,2,4
144.537,-24.138,18.0,84.0,2,3
144.537,-23.638,38.0,39.0,2,2
144.537,-23.138,46.0,47.0,2,2
144.537,-22.638,5.0,95.0,0,3
144.537,-22.138,51.0,149.0,3,4
144.537,-21.638,96.0,96.0,3,3
144.537,-21.138,50.0,50.0,2,2
144.537,-20.638,44.0,44.0,2,2
144.537,-20.138,87.0,87.0,3,3
144.537,-19.638,84.0,139.0,3,4
144.537,-19.138,29.0,192.0,2,4
144.537,-18.638,27.0,171.0,2,4
144.537,-18.138,24.0,156.0,2,4
144.537,-17.638,54.0,158.0,3,4
144.537,-17.138,2.0,117.0,0,4
144.537,-16.638,58.0,92.0,3,3
144.537,-16.138,27.0,98.0,2,3
144.537,-15.638,12.0,130.0,2,4
144.537,-15.138,49.0,174.0,2,4
144.537,-14.638,97.0,223.0,3,4
145.037,-41.638,43.0,59.0,2,3
145.037,-41.138,33.0,64.0,2,3
145.037,-37.638,2.0,5.0,0,0
145.037,-37.138,7.0,7.0,1,1
145.037,-36.638,20.0,30.0,2,2
145.037,-36.138,16.0,32.0,2,2
145.037,-35.638,14.0,14.0,2,2
145.037,-35.138,43.0,45.0,2,2
145.037,-34.638,26.0,26.0,2,2
145.037,-34.138,47.0,47.0,2,2
145.037,-33.638,58.0,99.0,3,3
145.037,-33.138,68.0,154.0,3,4
145.037,-32.638,87.0,155.0,3,4
145.037,-32.138,101.0,114.0,4,4
145.037,-31.638,86.0,90.0,3,3
145.037,-31.138,97.0,98.0,3,3
145.037,-30.638,117.0,117.0,4,4
145.037,-30.138,101.0,100.0,4,3
145.037,-29.638,103.0,112.0,4,4
145.037,-29.138,77.0,146.0,3,4
145.037,-28.638,86.0,190.0,3,4
145.037,-28.138,73.0,234.0,3,4
145.037,-27.638,87.0,191.0,3,4
145.037,-27.138,73.0,156.0,3,4
145.037,-26.638,48.0,136.0,2,4
145.037,-26.138,74.0,138.0,3,4
145.037,-25.638,122.0,143.0,4,4
145.037,-25.138,93.0,93.0,3,3
145.037,-24.638,53.0,53.0,3,3
145.037,-24.138,58.0,57.0,3,3
145.037,-23.638,28.0,29.0,2,2
145.037,-23.138,29.0,54.0,2,3
145.037,-22.638,44.0,106.0,2,4
145.037,-22.138,74.0,160.0,3,4
145.037,-21.638,119.0,129.0,4,4
145.037,-21.138,79.0,99.0,3,3
145.037,-20.638,42.0,96.0,2,3
145.037,-20.138,59.0,122.0,3,4
145.037,-19.638,71.0,144.0,3,4
145.037,-19.138,16.0,140.0,2,4
145.037,-18.638,41.0,118.0,2,4
145.037,-18.138,52.0,101.0,3,4
145.037,-17.638,9.0,104.0,1,4
145.037,-17.138,8.0,82.0,1,3
145.037,-16.638,16.0,39.0,2,2
145.037,-16.138,29.0,51.0,2,3
145.037,-15.638,28.0,99.0,2,3
145.037,-15.138,19.0,153.0,2,4
145.537,-42.638,59.0,59.0,3,3
145.537,-42.138,7.0,7.0,1,1
145.537,-41.638,14.0,22.0,2,2
145.537,-41.138,20.0,34.0,2,2
145.537,-38.138,9.0,22.0,1,2
145.537,-37.638,2.0,16.0,0,2
145.537,-37.138,10.0,10.0,1,1
145.537,-36.638,13.0,13.0,2,2
145.537,-36.138,12.0,31.0,2,2
145.537,-35.638,4.0,38.0,0,2
145.537,-35.138,32.0,32.0,2,2
145.537,-34.638,43.0,79.0,2,3
145.537,-34.138,26.0,88.0,2,3
145.537,-33.638,16.0,124.0,2,4
145.537,-33.138,39.0,171.0,2,4
145.537,-32.638,95.0,131.0,3,4
145.537,-32.138,78.0,79.0,3,3
145.537,-31.638,36.0,37.0,2,2
145.537,-31.138,51.0,52.0,3,3
145.537,-30.638,75.0,76.0,3,3
145.537,-30.138,45.0,45.0,2,2
145.537,-29.638,67.0,67.0,3,3
145.537,-29.138,24.0,115.0,2,4
145.537,-28.638,46.0,167.0,2,4
145.537,-28.138,18.0,207.0,2,4
145.537,-27.638,50.0,157.0,2,4
145.537,-27.138,55.0,112.0,3,4
145.537,-26.638,8.0,82.0,1,3
145.537,-26.138,57.0,84.0,3,3
145.537,-25.638,113.0,117.0,4,4
145.537,-25.138,79.0,80.0,3,3
145.537,-24.638,24.0,25.0,2,2
145.537,-24.138,33.0,33.0,2,2
145.537,-23.638,29.0,29.0,2,2
145.537,-23.138,37.0,54.0,2,3
145.537,-22.638,50.0,106.0,2,4
145.537,-22.138,99.0,160.0,3,4
145.537,-21.638,125.0,173.0,4,4
145.537,-21.138,70.0,144.0,3,4
145.537,-20.638,20.0,103.0,2,4
145.537,-20.138,46.0,81.0,2,3
145.537,-19.638,94.0,94.0,3,3
145.537,-19.138,63.0,85.0,3,3
145.537,-18.638,67.0,69.0,3,3
145.537,-18.138,47.0,49.0,2,2
145.537,-17.638,6.0,54.0,1,3
145.537,-17.138,9.0,36.0,1,2
145.537,-16.638,14.0,15.0,2,2
146.037,-43.138,99.0,78.0,3,3
146.037,-42.638,60.0,60.0,3,3
146.037,-42.138,22.0,21.0,2,2
146.037,-41.638,42.0,13.0,2,2
146.037,-41.138,5.0,17.0,0,2
146.037,-38.638,7.0,48.0,1,2
146.037,-38.138,7.0,23.0,1,2
146.037,-37.638,35.0,62.0,2,3
146.037,-37.138,11.0,37.0,2,2
146.037,-36.638,11.0,32.0,2,2
146.037,-36.138,13.0,15.0,2,2
146.037,-35.638,17.0,41.0,2,2
146.037,-35.138,33.0,42.0,2,2
146.037,-34.638,7.0,58.0,1,3
146.037,-34.138,15.0,89.0,2,3
146.037,-33.638,34.0,134.0,2,4
146.037,-33.138,41.0,157.0,2,4
146.037,-32.638,82.0,129.0,3,4
146.037,-32.138,75.0,75.0,3,3
146.037,-31.638,27.0,27.0,2,2
146.037,-31.138,46.0,46.0,2,2
146.037,-30.638,35.0,62.0,2,3
146.037,-30.138,11.0,13.0,2,2
146.037,-29.638,51.0,51.0,3,3
146.037,-29.138,39.0,106.0,2,4
146.037,-28.638,55.0,162.0,3,4
146.037,-28.138,38.0,193.0,2,4
146.037,-27.638,61.0,138.0,3,4
146.037,-27.138,84.0,84.0,3,3
146.037,-26.638,35.0,34.0,2,2
146.037,-26.138,37.0,38.0,2,2
146.037,-25.638,64.0,89.0,3,3
146.037,-25.138,38.0,102.0,2,4
146.037,-24.638,37.0,68.0,2,3
146.037,-24.138,70.0,71.0,3,3
146.037,-23.638,67.0,84.0,3,3
146.037,-23.138,88.0,95.0,3,3
146.037,-22.638,96.0,132.0,3,4
146.037,-22.138,128.0,178.0,4,4
146.037,-21.638,143.0,177.0,4,4
146.037,-21.138,99.0,122.0,3,4
146.037,-20.638,65.0,68.0,3,3
146.037,-20.138,25.0,26.0,2,2
146.037,-19.638,55.0,54.0,3,3
146.037,-19.138,35.0,34.0,2,2
146.037,-18.638,13.0,42.0,2,2
146.037,-18.138,12.0,14.0,2,2
146.037,-17.638,6.0,13.0,1,2
146.537,-43.138,43.0,43.0,2,2
146.537,-42.638,26.0,17.0,2,2
146.537,-42.138,34.0,23.0,2,2
146.537,-41.638,18.0,18.0,2,2
146.537,-38.638,11.0,17.0,2,2
146.537,-38.138,6.0,6.0,1,1
146.537,-37.638,47.0,47.0,2,2
146.537,-37.138,44.0,65.0,2,3
146.537,-36.638,20.0,25.0,2,2
146.537,-36.138,12.0,22.0,2,2
146.537,-35.638,21.0,53.0,2,3
146.537,-35.138,22.0,44.0,2,2
146.537,-34.638,12.0,12.0,2,2
146.537,-34.138,17.0,68.0,2,3
146.537,-33.638,28.0,81.0,2,3
146.537,-33.138,25.0,115.0,2,4
146.537,-32.638,75.0,140.0,3,4
146.537,-32.138,71.0,97.0,3,3
146.537,-31.638,24.0,74.0,2,3
146.537,-31.138,49.0,87.0,2,3
146.537,-30.638,29.0,83.0,2,3
146.537,-30.138,41.0,41.0,2,2
146.537,-29.638,51.0,51.0,3,3
146.537,-29.138,93.0,98.0,3,3
146.537,-28.638,101.0,151.0,4,4
146.537,-28.138,93.0,195.0,3,4
146.537,-27.638,105.0,140.0,4,4
146.537,-27.138,88.0,87.0,3,3
146.537,-26.638,42.0,41.0,2,2
146.537,-26.138,39.0,45.0,2,2
146.537,-25.638,18.0,92.0,2,3
146.537,-25.138,42.0,144.0,2,4
146.537,-24.638,41.0,122.0,2,4
146.537,-24.138,56.0,124.0,3,4
146.537,-23.638,11.0,139.0,2,4
146.537,-23.138,58.0,147.0,3,4
146.537,-22.638,113.0,172.0,4,4
146.537,-22.138,144.0,210.0,4,4
146.537,-21.638,171.0,178.0,4,4
146.537,-21.138,120.0,123.0,4,4
146.537,-20.638,68.0,71.0,3,3
146.537,-20.138,20.0,32.0,2,2
146.537,-19.638,34.0,43.0,2,2
146.537,-19.138,11.0,32.0,2,2
147.037,-43.138,5.0,5.0,0,0
147.037,-42.638,16.0,16.0,2,2
147.037,-42.138,39.0,32.0,2,2
147.037,-41.638,10.0,23.0,1,2
147.037,-41.138,14.0,24.0,2,2
147.037,-38.138,3.0,4.0,0,0
147.037,-37.638,37.0,37.0,2,2
147.037,-37.138,46.0,46.0,2,2
147.037,-36.638,13.0,13.0,2,2
147.037,-36.138,3.0,11.0,0,2
147.037,-35.638,3.0,32.0,0,2
147.037,-35.138,12.0,38.0,2,2
147.037,-34.638,17.0,56.0,2,3
147.037,-34.138,23.0,30.0,2,2
147.037,-33.638,7.0,37.0,1,2
147.037,-33.138,13.0,89.0,2,3
147.037,-32.638,51.0,121.0,3,4
147.037,-32.138,58.0,66.0,3,3
147.037,-31.638,19.0,20.0,2,2
147.037,-31.138,49.0,51.0,2,3
147.037,-30.638,75.0,78.0,3,3
147.037,-30.138,28.0,28.0,2,2
147.037,-29.638,41.0,41.0,2,2
147.037,-29.138,94.0,94.0,3,3
147.037,-28.638,132.0,149.0,4,4
147.037,-28.138,141.0,204.0,4,4
147.037,-27.638,137.0,163.0,4,4
147.037,-27.138,82.0,120.0,3,4
147.037,-26.638,27.0,92.0,2,3
147.037,-26.138,32.0,94.0,2,3
147.037,-25.638,52.0,124.0,3,4
147.037,-25.138,88.0,167.0,3,4
147.037,-24.638,91.0,177.0,3,4
147.037,-24.138,70.0,178.0,3,4
147.037,-23.638,44.0,195.0,2,4
147.037,-23.138,72.0,200.0,3,4
147.037,-22.638,70.0,220.0,3,4
147.037,-22.138,100.0,246.0,3,4
147.037,-21.638,117.0,195.0,4,4
147.037,-21.138,111.0,147.0,4,4
147.037,-20.638,90.0,107.0,3,4
147.037,-20.138,54.0,75.0,3,3
147.037,-19.638,16.0,42.0,2,2
147.537,-42.638,13.0,31.0,2,2
147.537,-42.138,13.0,24.0,2,2
147.537,-41.638,25.0,33.0,2,2
147.537,-41.138,3.0,4.0,0,0
147.537,-38.138,33.0,35.0,2,2
147.537,-37.638,23.0,23.0,2,2
147.537,-37.138,7.0,7.0,1,1
147.537,-36.638,21.0,52.0,2,3
147.537,-36.138,29.0,53.0,2,3
147.537,-35.638,26.0,26.0,2,2
147.537,-35.138,4.0,18.0,0,2
147.537,-34.638,21.0,21.0,2,2
147.537,-34.138,17.0,34.0,2,2
147.537,-33.638,45.0,49.0,2,2
147.537,-33.138,31.0,71.0,2,3
147.537,-32.638,3.0,90.0,0,3
147.537,-32.138,25.0,74.0,2,3
147.537,-31.638,30.0,39.0,2,2
147.537,-31.138,60.0,61.0,3,3
147.537,-30.638,26.0,94.0,2,3
147.537,-30.138,40.0,66.0,2,3
147.537,-29.638,54.0,77.0,3,3
147.537,-29.138,59.0,117.0,3,4
147.537,-28.638,77.0,166.0,3,4
147.537,-28.138,91.0,217.0,3,4
147.537,-27.638,124.0,184.0,4,4
147.537,-27.138,87.0,155.0,3,4
147.537,-26.638,51.0,142.0,3,4
147.537,-26.138,55.0,148.0,3,4
147.537,-25.638,97.0,168.0,3,4
147.537,-25.138,128.0,202.0,4,4
147.537,-24.638,84.0,228.0,3,4
147.537,-24.138,61.0,207.0,3,4
147.537,-23.638,28.0,200.0,2,4
147.537,-23.138,36.0,208.0,2,4
147.537,-22.638,22.0,224.0,2,4
147.537,-22.138,57.0,210.0,3,4
147.537,-21.638,67.0,180.0,3,4
147.537,-21.138,68.0,142.0,3,4
147.537,-20.638,35.0,105.0,2,4
147.537,-20.138,42.0,64.0,2,3
147.537,-19.638,14.0,16.0,2,2
148.037,-42.138,4.0,5.0,0,0
148.037,-41.638,18.0,8.0,2,1
148.037,-41.138,20.0,26.0,2,2
148.037,-40.138,3.0,116.0,0,4
148.037,-37.638,24.0,28.0,2,2
148.037,-37.138,50.0,50.0,2,2
148.037,-36.638,48.0,69.0,2,3
148.037,-36.138,13.0,72.0,2,3
148.037,-35.638,15.0,52.0,2,3
148.037,-35.138,9.0,17.0,1,2
148.037,-34.638,0.0,38.0,0,2
148.037,-34.138,30.0,35.0,2,2
148.037,-33.638,27.0,58.0,2,3
148.037,-33.138,14.0,15.0,2,2
148.037,-32.638,20.0,58.0,2,3
148.037,-32.138,13.0,65.0,2,3
148.037,-31.638,23.0,93.0,2,3
148.037,-31.138,43.0,105.0,2,4
148.037,-30.638,43.0,69.0,2,3
148.037,-30.138,15.0,16.0,2,2
148.037,-29.638,24.0,43.0,2,2
148.037,-29.138,33.0,99.0,2,3
148.037,-28.638,22.0,154.0,2,4
148.037,-28.138,54.0,194.0,3,4
148.037,-27.638,75.0,146.0,3,4
148.037,-27.138,73.0,106.0,3,4
148.037,-26.638,18.0,86.0,2,3
148.037,-26.138,39.0,99.0,2,3
148.037,-25.638,63.0,135.0,3,4
148.037,-25.138,98.0,182.0,3,4
148.037,-24.638,58.0,182.0,3,4
148.037,-24.138,6.0,154.0,1,4
148.037,-23.638,18.0,144.0,2,4
148.037,-23.138,7.0,155.0,1,4
148.037,-22.638,35.0,173.0,2,4
148.037,-22.138,8.0,155.0,1,4
148.037,-21.638,34.0,139.0,2,4
148.037,-21.138,24.0,102.0,2,4
148.037,-20.638,23.0,66.0,2,3
148.037,-20.138,20.0,27.0,2,2
148.537,-37.638,11.0,12.0,2,2
148.537,-37.138,46.0,64.0,2,3
148.537,-36.638,26.0,26.0,2,2
148.537,-36.138,30.0,32.0,2,2
148.537,-35.638,28.0,64.0,2,3
148.537,-35.138,21.0,42.0,2,2
148.537,-34.638,23.0,31.0,2,2
148.537,-34.138,32.0,33.0,2,2
148.537,-33.638,12.0,27.0,2,2
148.537,-33.138,18.0,41.0,2,2
148.537,-32.638,18.0,44.0,2,2
148.537,-32.138,11.0,15.0,2,2
148.537,-31.638,15.0,69.0,2,3
148.537,-31.138,23.0,84.0,2,3
148.537,-30.638,39.0,83.0,2,3
148.537,-30.138,48.0,49.0,2,2
148.537,-29.638,11.0,63.0,2,3
148.537,-29.138,45.0,109.0,2,4
148.537,-28.638,35.0,161.0,2,4
148.537,-28.138,12.0,177.0,2,4
148.537,-27.638,44.0,122.0,2,4
148.537,-27.138,59.0,70.0,3,3
148.537,-26.638,27.0,31.0,2,2
148.537,-26.138,33.0,57.0,2,3
148.537,-25.638,23.0,109.0,2,4
148.537,-25.138,78.0,163.0,3,4
148.537,-24.638,75.0,141.0,3,4
148.537,-24.138,49.0,104.0,2,4
148.537,-23.638,39.0,89.0,2,3
148.537,-23.138,24.0,105.0,2,4
148.537,-22.638,21.0,127.0,2,4
148.537,-22.138,32.0,101.0,2,4
148.537,-21.638,17.0,91.0,2,3
148.537,-21.138,14.0,72.0,2,3
148.537,-20.638,10.0,27.0,1,2
148.537,-20.138,19.0,29.0,2,2
149.037,-37.638,15.0,15.0,2,2
149.037,-37.138,15.0,49.0,2,2
149.037,-36.638,37.0,46.0,2,2
149.037,-36.138,12.0,14.0,2,2
149.037,-35.638,13.0,24.0,2,2
149.037,-35.138,7.0,8.0,1,1
149.037,-34.638,25.0,27.0,2,2
149.037,-34.138,14.0,48.0,2,2
149.037,-33.638,4.0,40.0,0,2
149.037,-33.138,15.0,18.0,2,2
149.037,-32.638,10.0,14.0,1,2
149.037,-32.138,3.0,48.0,0,2
149.037,-31.638,41.0,48.0,2,2
149.037,-31.138,21.0,31.0,2,2
149.037,-30.638,35.0,76.0,2,3
149.037,-30.138,8.0,103.0,1,4
149.037,-29.638,52.0,111.0,3,4
149.037,-29.138,18.0,142.0,2,4
149.037,-28.638,38.0,185.0,2,4
149.037,-28.138,34.0,176.0,2,4
149.037,-27.638,54.0,121.0,3,4
149.037,-27.138,4.0,68.0,0,3
149.037,-26.638,23.0,26.0,2,2
149.037,-26.138,54.0,55.0,3,3
149.037,-25.638,57.0,107.0,3,4
149.037,-25.138,69.0,162.0,3,4
149.037,-24.638,29.0,115.0,2,4
149.037,-24.138,56.0,64.0,3,3
149.037,-23.638,7.0,33.0,1,2
149.037,-23.138,50.0,66.0,2,3
149.037,-22.638,41.0,91.0,2,3
149.037,-22.138,49.0,49.0,2,2
149.037,-21.638,31.0,51.0,2,3
149.037,-21.138,4.0,16.0,0,2
149.537,-37.638,26.0,44.0,2,2
149.537,-37.138,26.0,38.0,2,2
149.537,-36.638,23.0,34.0,2,2
149.537,-36.138,44.0,46.0,2,2
149.537,-35.638,36.0,53.0,2,3
149.537,-35.138,15.0,42.0,2,2
149.537,-34.638,21.0,24.0,2,2
149.537,-34.138,21.0,71.0,2,3
149.537,-33.638,17.0,24.0,2,2
149.537,-33.138,27.0,32.0,2,2
149.537,-32.638,7.0,7.0,1,1
149.537,-32.138,20.0,51.0,2,3
149.537,-31.638,29.0,49.0,2,2
149.537,-31.138,32.0,33.0,2,2
149.537,-30.638,41.0,77.0,2,3
149.537,-30.138,15.0,123.0,2,4
149.537,-29.638,31.0,164.0,2,4
149.537,-29.138,13.0,186.0,2,4
149.537,-28.638,50.0,216.0,2,4
149.537,-28.138,89.0,181.0,3,4
149.537,-27.638,51.0,132.0,3,4
149.537,-27.138,43.0,90.0,2,3
149.537,-26.638,18.0,72.0,2,3
149.537,-26.138,47.0,92.0,2,3
149.537,-25.638,29.0,132.0,2,4
149.537,-25.138,62.0,168.0,3,4
149.537,-24.638,28.0,113.0,2,4
149.537,-24.138,49.0,59.0,2,3
149.537,-23.638,17.0,23.0,2,2
149.537,-23.138,53.0,56.0,3,3
149.537,-22.638,44.0,49.0,2,2
149.537,-22.138,29.0,29.0,2,2
150.037,-36.138,6.0,14.0,1,2
150.037,-35.638,17.0,17.0,2,2
150.037,-35.138,43.0,47.0,2,2
150.037,-34.638,8.0,10.0,1,1
150.037,-34.138,38.0,54.0,2,3
150.037,-33.638,18.0,23.0,2,2
150.037,-33.138,6.0,40.0,1,2
150.037,-32.638,19.0,50.0,2,2
150.037,-32.138,35.0,71.0,2,3
150.037,-31.638,40.0,77.0,2,3
150.037,-31.138,29.0,30.0,2,2
150.037,-30.638,8.0,45.0,1,2
150.037,-30.138,34.0,97.0,2,3
150.037,-29.638,26.0,121.0,2,4
150.037,-29.138,42.0,139.0,2,4
150.037,-28.638,31.0,174.0,2,4
150.037,-28.138,51.0,166.0,3,4
150.037,-27.638,38.0,111.0,2,4
150.037,-27.138,26.0,57.0,2,3
150.037,-26.638,16.0,17.0,2,2
150.037,-26.138,9.0,59.0,1,3
150.037,-25.638,27.0,114.0,2,4
150.037,-25.138,22.0,169.0,2,4
150.037,-24.638,11.0,135.0,2,4
150.037,-24.138,31.0,96.0,2,3
150.037,-23.638,35.0,60.0,2,3
150.037,-23.138,36.0,36.0,2,2
150.037,-22.638,24.0,24.0,2,2
150.037,-22.138,0.0,74.0,0,3
150.537,-35.138,6.0,33.0,1,2
150.537,-34.638,8.0,22.0,1,2
150.537,-34.138,7.0,9.0,1,1
150.537,-33.638,6.0,14.0,1,2
150.537,-33.138,32.0,56.0,2,3
150.537,-32.638,32.0,39.0,2,2
150.537,-32.138,20.0,38.0,2,2
150.537,-31.638,20.0,59.0,2,3
150.537,-31.138,20.0,36.0,2,2
150.537,-30.638,23.0,49.0,2,2
150.537,-30.138,28.0,76.0,2,3
150.537,-29.638,11.0,66.0,2,3
150.537,-29.138,28.0,96.0,2,3
150.537,-28.638,21.0,142.0,2,4
150.537,-28.138,50.0,134.0,2,4
150.537,-27.638,21.0,96.0,2,3
150.537,-27.138,18.0,67.0,2,3
150.537,-26.638,15.0,39.0,2,2
150.537,-26.138,64.0,69.0,3,3
150.537,-25.638,72.0,119.0,3,4
150.537,-25.138,56.0,145.0,3,4
150.537,-24.638,17.0,104.0,2,4
150.537,-24.138,29.0,61.0,2,3
150.537,-23.638,11.0,29.0,2,2
150.537,-23.138,15.0,27.0,2,2
150.537,-22.638,26.0,71.0,2,3
151.037,-34.138,6.0,12.0,1,2
151.037,-33.638,4.0,7.0,0,1
151.037,-33.138,22.0,19.0,2,2
151.037,-32.638,3.0,18.0,0,2
151.037,-32.138,6.0,21.0,1,2
151.037,-31.638,22.0,50.0,2,2
151.037,-31.138,5.0,14.0,0,2
151.037,-30.638,30.0,53.0,2,3
151.037,-30.138,6.0,41.0,1,2
151.037,-29.638,16.0,17.0,2,2
151.037,-29.138,22.0,71.0,2,3
151.037,-28.638,25.0,100.0,2,3
151.037,-28.138,27.0,110.0,2,4
151.037,-27.638,36.0,57.0,2,3
151.037,-27.138,22.0,26.0,2,2
151.037,-26.638,18.0,66.0,2,3
151.037,-26.138,37.0,100.0,2,3
151.037,-25.638,30.0,125.0,2,4
151.037,-25.138,28.0,103.0,2,4
151.037,-24.638,27.0,68.0,2,3
151.037,-24.138,23.0,37.0,2,2
151.037,-23.638,20.0,20.0,2,2
151.537,-33.138,2.0,12.0,0,2
151.537,-32.638,8.0,27.0,1,2
151.537,-32.138,32.0,63.0,2,3
151.537,-31.638,50.0,24.0,2,2
151.537,-31.138,18.0,46.0,2,2
151.537,-30.638,5.0,20.0,0,2
151.537,-30.138,17.0,44.0,2,2
151.537,-29.638,24.0,25.0,2,2
151.537,-29.138,48.0,69.0,2,3
151.537,-28.638,38.0,44.0,2,2
151.537,-28.138,18.0,56.0,2,3
151.537,-27.638,14.0,37.0,2,2
151.537,-27.138,19.0,30.0,2,2
151.537,-26.638,14.0,35.0,2,2
151.537,-26.138,18.0,56.0,2,3
151.537,-25.638,8.0,86.0,1,3
151.537,-25.138,13.0,49.0,2,2
151.537,-24.638,21.0,35.0,2,2
151.537,-24.138,12.0,21.0,2,2
152.037,-32.638,5.0,8.0,0,1
152.037,-32.138,11.0,39.0,2,2
152.037,-31.638,28.0,38.0,2,2
152.037,-31.138,30.0,55.0,2,3
152.037,-30.638,14.0,43.0,2,2
152.037,-30.138,39.0,56.0,2,3
152.037,-29.638,31.0,35.0,2,2
152.037,-29.138,8.0,55.0,1,3
152.037,-28.638,9.0,12.0,1,2
152.037,-28.138,5.0,9.0,0,1
152.037,-27.638,9.0,12.0,1,2
152.037,-27.138,14.0,44.0,2,2
152.037,-26.638,5.0,24.0,0,2
152.037,-26.138,6.0,50.0,1,2
152.037,-25.638,15.0,52.0,2,3
152.037,-25.138,19.0,19.0,2,2
152.037,-24.638,14.0,40.0,2,2
152.537,-32.138,5.0,18.0,0,2
152.537,-31.638,8.0,35.0,1,2
152.537,-31.138,25.0,46.0,2,2
152.537,-30.638,20.0,43.0,2,2
152.537,-30.138,30.0,65.0,2,3
152.537,-29.638,7.0,44.0,1,2
152.537,-29.138,28.0,65.0,2,3
152.537,-28.638,15.0,62.0,2,3
152.537,-28.138,16.0,54.0,2,3
152.537,-27.638,6.0,21.0,1,2
152.537,-27.138,2.0,17.0,0,2
152.537,-26.638,22.0,47.0,2,2
152.537,-26.138,8.0,15.0,1,2
152.537,-25.638,11.0,21.0,2,2
152.537,-25.138,5.0,31.0,0,2
153.037,-30.138,3.0,19.0,0,2
153.037,-29.638,1.0,13.0,0,2
153.037,-29.138,17.0,30.0,2,2
153.037,-28.638,4.0,25.0,0,2
153.037,-28.138,14.0,19.0,2,2
153.037,-27.638,1.0,3.0,0,0
153.037,-27.138,2.0,7.0,0,1
153.037,-26.638,0.0,3.0,0,0
153.037,-26.138,25.0,29.0,2,2
153.037,-25.638,17.0,39.0,2,2
153.537,-28.638,5.0,2.0,0,0
153.537,-28.138,4.0,3.0,0,0
