Date,TotalChargers,Connections_1,Connections_2,Connections_3,Connections_4,Connections_5,Connections_6,Connections_7,Connections_8
2011-07-06T17:46:00Z,1,100.0,0.0,0.0,0.0,0.0,0.0,0.0,0.0
2011-11-11T12:07:00Z,4,100.0,0.0,0.0,0.0,0.0,0.0,0.0,0.0
2012-05-01T20:38:00Z,5,100.0,0.0,0.0,0.0,0.0,0.0,0.0,0.0
2013-03-13T22:35:00Z,6,100.0,0.0,0.0,0.0,0.0,0.0,0.0,0.0
2013-03-13T22:39:00Z,7,85.71,14.29,0.0,0.0,0.0,0.0,0.0,0.0
2013-03-17T13:37:00Z,8,87.5,12.5,0.0,0.0,0.0,0.0,0.0,0.0
2013-03-22T13:14:00Z,9,77.78,22.22,0.0,0.0,0.0,0.0,0.0,0.0
2013-03-23T07:53:00Z,10,80.0,20.0,0.0,0.0,0.0,0.0,0.0,0.0
2013-03-23T07:59:00Z,11,81.82,18.18,0.0,0.0,0.0,0.0,0.0,0.0
2013-03-23T22:46:00Z,12,83.33,16.67,0.0,0.0,0.0,0.0,0.0,0.0
2013-03-28T09:30:00Z,13,84.62,15.38,0.0,0.0,0.0,0.0,0.0,0.0
2013-03-28T09:32:00Z,14,85.71,14.29,0.0,0.0,0.0,0.0,0.0,0.0
2013-03-28T09:34:00Z,15,86.67,13.33,0.0,0.0,0.0,0.0,0.0,0.0
2013-03-28T09:35:00Z,16,81.25,18.75,0.0,0.0,0.0,0.0,0.0,0.0
2013-03-28T09:36:00Z,17,82.35,17.65,0.0,0.0,0.0,0.0,0.0,0.0
2013-03-31T09:19:00Z,18,77.78,22.22,0.0,0.0,0.0,0.0,0.0,0.0
2013-03-31T09:21:00Z,19,78.95,21.05,0.0,0.0,0.0,0.0,0.0,0.0
2013-04-09T16:42:00Z,20,80.0,20.0,0.0,0.0,0.0,0.0,0.0,0.0
2013-05-12T09:46:00Z,21,80.95,19.05,0.0,0.0,0.0,0.0,0.0,0.0
2013-05-26T07:31:00Z,22,81.82,18.18,0.0,0.0,0.0,0.0,0.0,0.0
2013-05-26T07:38:00Z,23,82.61,17.39,0.0,0.0,0.0,0.0,0.0,0.0
2013-05-26T07:42:00Z,24,83.33,16.67,0.0,0.0,0.0,0.0,0.0,0.0
2013-05-29T00:57:00Z,25,84.0,16.0,0.0,0.0,0.0,0.0,0.0,0.0
2013-05-29T01:02:00Z,26,84.62,15.38,0.0,0.0,0.0,0.0,0.0,0.0
2013-05-29T01:07:00Z,27,85.19,14.81,0.0,0.0,0.0,0.0,0.0,0.0
2013-05-29T01:08:00Z,28,82.14,14.29,3.57,0.0,0.0,0.0,0.0,0.0
2013-05-29T01:10:00Z,29,82.76,13.79,3.45,0.0,0.0,0.0,0.0,0.0
2013-05-29T01:12:00Z,30,83.33,13.33,3.33,0.0,0.0,0.0,0.0,0.0
2013-06-23T07:12:00Z,31,83.87,12.9,3.23,0.0,0.0,0.0,0.0,0.0
2013-08-25T03:32:00Z,32,84.38,12.5,3.12,0.0,0.0,0.0,0.0,0.0
2014-09-27T20:41:00Z,33,81.82,12.12,6.06,0.0,0.0,0.0,0.0,0.0
2014-11-29T05:39:00Z,34,82.35,11.76,5.88,0.0,0.0,0.0,0.0,0.0
2014-12-11T06:04:00Z,35,82.86,11.43,5.71,0.0,0.0,0.0,0.0,0.0
2015-01-13T10:14:00Z,35,82.86,11.43,5.71,0.0,0.0,0.0,0.0,0.0
2015-01-28T11:43:00Z,36,83.33,11.11,5.56,0.0,0.0,0.0,0.0,0.0
2015-06-25T04:58:00Z,37,81.08,10.81,8.11,0.0,0.0,0.0,0.0,0.0
2015-06-25T05:35:00Z,38,78.95,13.16,7.89,0.0,0.0,0.0,0.0,0.0
2015-06-25T06:09:00Z,39,76.92,12.82,10.26,0.0,0.0,0.0,0.0,0.0
2015-06-25T06:12:00Z,40,75.0,12.5,12.5,0.0,0.0,0.0,0.0,0.0
2015-09-12T18:46:00Z,41,75.61,12.2,12.2,0.0,0.0,0.0,0.0,0.0
2015-10-07T19:30:00Z,42,76.19,11.9,11.9,0.0,0.0,0.0,0.0,0.0
2015-10-11T19:50:00Z,43,76.74,11.63,11.63,0.0,0.0,0.0,0.0,0.0
2016-01-09T00:02:00Z,44,75.0,13.64,11.36,0.0,0.0,0.0,0.0,0.0
2016-01-12T10:00:00Z,45,75.56,13.33,11.11,0.0,0.0,0.0,0.0,0.0
2016-01-25T00:16:00Z,46,73.91,15.22,10.87,0.0,0.0,0.0,0.0,0.0
2016-02-01T23:09:00Z,47,74.47,14.89,10.64,0.0,0.0,0.0,0.0,0.0
2016-03-03T12:28:00Z,48,72.92,14.58,10.42,2.08,0.0,0.0,0.0,0.0
2016-05-09T22:49:00Z,59,67.8,15.25,15.25,1.69,0.0,0.0,0.0,0.0
2016-05-09T23:15:00Z,61,65.57,14.75,16.39,3.28,0.0,0.0,0.0,0.0
2016-07-01T22:20:00Z,62,64.52,16.13,16.13,3.23,0.0,0.0,0.0,0.0
2016-07-01T22:29:00Z,63,65.08,15.87,15.87,3.17,0.0,0.0,0.0,0.0
2016-07-02T08:55:00Z,64,65.62,15.62,15.62,3.12,0.0,0.0,0.0,0.0
2016-07-02T23:05:00Z,65,66.15,15.38,15.38,3.08,0.0,0.0,0.0,0.0
2016-10-03T02:55:00Z,66,66.67,15.15,15.15,3.03,0.0,0.0,0.0,0.0
2016-11-18T00:22:00Z,67,67.16,14.93,14.93,2.99,0.0,0.0,0.0,0.0
2016-12-02T12:15:00Z,68,67.65,14.71,14.71,2.94,0.0,0.0,0.0,0.0
2017-01-06T07:48:00Z,69,68.12,14.49,14.49,2.9,0.0,0.0,0.0,0.0
2017-01-26T21:17:00Z,70,68.57,14.29,14.29,2.86,0.0,0.0,0.0,0.0
2017-01-27T08:04:00Z,71,69.01,14.08,14.08,2.82,0.0,0.0,0.0,0.0
2017-01-29T16:21:00Z,72,69.44,13.89,13.89,2.78,0.0,0.0,0.0,0.0
2017-01-29T17:30:00Z,73,69.86,13.7,13.7,2.74,0.0,0.0,0.0,0.0
2017-01-30T13:07:00Z,74,70.27,13.51,13.51,2.7,0.0,0.0,0.0,0.0
2017-01-30T13:19:00Z,75,70.67,13.33,13.33,2.67,0.0,0.0,0.0,0.0
2017-01-30T13:33:00Z,76,71.05,13.16,13.16,2.63,0.0,0.0,0.0,0.0
2017-07-13T14:13:00Z,77,71.43,12.99,12.99,2.6,0.0,0.0,0.0,0.0
2017-08-09T07:07:00Z,78,71.79,12.82,12.82,2.56,0.0,0.0,0.0,0.0
2017-08-18T07:46:00Z,79,72.15,12.66,12.66,2.53,0.0,0.0,0.0,0.0
2017-09-27T19:23:00Z,80,72.5,12.5,12.5,2.5,0.0,0.0,0.0,0.0
2017-09-27T19:25:00Z,81,72.84,12.35,12.35,2.47,0.0,0.0,0.0,0.0
2017-09-27T19:28:00Z,82,73.17,12.2,12.2,2.44,0.0,0.0,0.0,0.0
2017-09-27T19:31:00Z,83,73.49,12.05,12.05,2.41,0.0,0.0,0.0,0.0
2017-10-05T05:31:00Z,84,73.81,11.9,11.9,2.38,0.0,0.0,0.0,0.0
2017-11-02T06:45:00Z,85,74.12,11.76,11.76,2.35,0.0,0.0,0.0,0.0
2018-01-12T04:48:00Z,86,74.42,11.63,11.63,2.33,0.0,0.0,0.0,0.0
2018-01-21T15:54:00Z,87,74.71,11.49,11.49,2.3,0.0,0.0,0.0,0.0
2018-02-18T01:10:00Z,97,76.29,10.31,10.31,3.09,0.0,0.0,0.0,0.0
2018-02-18T13:52:00Z,102,76.47,10.78,9.8,2.94,0.0,0.0,0.0,0.0
2018-02-19T05:42:00Z,103,76.7,10.68,9.71,2.91,0.0,0.0,0.0,0.0
2018-02-19T21:18:00Z,104,76.92,10.58,9.62,2.88,0.0,0.0,0.0,0.0
2018-02-21T06:54:00Z,105,77.14,10.48,9.52,2.86,0.0,0.0,0.0,0.0
2018-02-23T00:17:00Z,108,76.85,11.11,9.26,2.78,0.0,0.0,0.0,0.0
2018-02-23T02:00:00Z,109,76.15,11.93,9.17,2.75,0.0,0.0,0.0,0.0
2018-02-23T07:01:00Z,110,76.36,11.82,9.09,2.73,0.0,0.0,0.0,0.0
2018-06-01T09:42:00Z,111,75.68,11.71,9.91,2.7,0.0,0.0,0.0,0.0
2018-06-01T10:05:00Z,112,75.0,11.61,10.71,2.68,0.0,0.0,0.0,0.0
2018-06-01T10:07:00Z,113,74.34,11.5,11.5,2.65,0.0,0.0,0.0,0.0
2018-06-01T10:12:00Z,114,73.68,11.4,12.28,2.63,0.0,0.0,0.0,0.0
2018-07-02T11:02:00Z,115,73.04,11.3,13.04,2.61,0.0,0.0,0.0,0.0
2018-07-11T10:36:00Z,116,73.28,11.21,12.93,2.59,0.0,0.0,0.0,0.0
2018-07-11T13:41:00Z,117,73.5,11.11,12.82,2.56,0.0,0.0,0.0,0.0
2018-07-11T13:43:00Z,118,73.73,11.02,12.71,2.54,0.0,0.0,0.0,0.0
2018-07-12T19:38:00Z,119,73.95,10.92,12.61,2.52,0.0,0.0,0.0,0.0
2018-08-09T11:51:00Z,120,74.17,10.83,12.5,2.5,0.0,0.0,0.0,0.0
2018-08-09T11:53:00Z,121,74.38,10.74,12.4,2.48,0.0,0.0,0.0,0.0
2018-08-09T11:56:00Z,122,74.59,10.66,12.3,2.46,0.0,0.0,0.0,0.0
2018-08-09T12:00:00Z,123,74.8,10.57,12.2,2.44,0.0,0.0,0.0,0.0
2018-08-09T12:02:00Z,124,75.0,10.48,12.1,2.42,0.0,0.0,0.0,0.0
2018-08-09T12:04:00Z,125,75.2,10.4,12.0,2.4,0.0,0.0,0.0,0.0
2018-08-09T12:07:00Z,126,75.4,10.32,11.9,2.38,0.0,0.0,0.0,0.0
2018-10-11T14:28:00Z,127,75.59,10.24,11.81,2.36,0.0,0.0,0.0,0.0
2018-12-23T02:15:00Z,128,75.78,10.16,11.72,2.34,0.0,0.0,0.0,0.0
2019-01-02T21:41:00Z,129,75.97,10.08,11.63,2.33,0.0,0.0,0.0,0.0
2019-01-02T21:55:00Z,130,76.15,10.0,11.54,2.31,0.0,0.0,0.0,0.0
2019-01-03T07:52:00Z,131,76.34,9.92,11.45,2.29,0.0,0.0,0.0,0.0
2019-01-09T06:03:00Z,132,76.52,9.85,11.36,2.27,0.0,0.0,0.0,0.0
2019-01-22T05:30:00Z,133,75.94,10.53,11.28,2.26,0.0,0.0,0.0,0.0
2019-02-12T14:28:00Z,133,75.94,10.53,11.28,2.26,0.0,0.0,0.0,0.0
2019-02-16T04:27:00Z,134,75.37,10.45,11.19,2.24,0.75,0.0,0.0,0.0
2019-04-05T09:51:00Z,135,75.56,10.37,11.11,2.22,0.74,0.0,0.0,0.0
2019-04-05T09:54:00Z,136,75.74,10.29,11.03,2.21,0.74,0.0,0.0,0.0
2019-04-26T01:55:00Z,137,75.91,10.22,10.95,2.19,0.73,0.0,0.0,0.0
2019-05-03T06:37:00Z,138,76.09,10.14,10.87,2.17,0.72,0.0,0.0,0.0
2019-05-13T11:58:00Z,139,75.54,10.79,10.79,2.16,0.72,0.0,0.0,0.0
2019-05-14T02:28:00Z,140,75.0,11.43,10.71,2.14,0.71,0.0,0.0,0.0
2019-05-15T06:58:00Z,141,74.47,11.35,10.64,2.13,0.71,0.0,0.0,0.71
2019-05-15T23:38:00Z,142,73.94,11.27,10.56,2.11,0.7,0.0,0.0,1.41
2019-05-16T05:28:00Z,143,74.13,11.19,10.49,2.1,0.7,0.0,0.0,1.4
2019-05-18T02:59:00Z,144,73.61,11.81,10.42,2.08,0.69,0.0,0.0,1.39
2019-06-17T16:38:00Z,145,73.1,11.72,11.03,2.07,0.69,0.0,0.0,1.38
2019-06-23T05:54:00Z,146,73.29,11.64,10.96,2.05,0.68,0.0,0.0,1.37
2019-06-23T05:55:00Z,147,73.47,11.56,10.88,2.04,0.68,0.0,0.0,1.36
2019-06-26T02:36:00Z,148,73.65,11.49,10.81,2.03,0.68,0.0,0.0,1.35
2019-06-26T07:31:00Z,149,73.83,11.41,10.74,2.01,0.67,0.0,0.0,1.34
2019-07-30T09:30:00Z,150,74.0,11.33,10.67,2.0,0.67,0.0,0.0,1.33
2019-07-30T09:31:00Z,151,74.17,11.26,10.6,1.99,0.66,0.0,0.0,1.32
2019-08-10T03:35:00Z,152,74.34,11.18,10.53,1.97,0.66,0.0,0.0,1.32
2019-08-30T06:35:00Z,153,74.51,11.11,10.46,1.96,0.65,0.0,0.0,1.31
2019-09-09T13:11:00Z,154,74.68,11.04,10.39,1.95,0.65,0.0,0.0,1.3
2019-09-09T13:25:00Z,155,74.84,10.97,10.32,1.94,0.65,0.0,0.0,1.29
2019-09-10T09:44:00Z,156,74.36,10.9,10.9,1.92,0.64,0.0,0.0,1.28
2019-09-14T04:36:00Z,157,73.89,11.46,10.83,1.91,0.64,0.0,0.0,1.27
2019-09-14T06:11:00Z,158,73.42,12.03,10.76,1.9,0.63,0.0,0.0,1.27
2019-09-14T10:31:00Z,159,73.58,11.95,10.69,1.89,0.63,0.0,0.0,1.26
2019-09-27T06:31:00Z,160,73.75,11.88,10.62,1.88,0.62,0.0,0.0,1.25
2019-09-27T06:37:00Z,161,73.91,11.8,10.56,1.86,0.62,0.0,0.0,1.24
2019-09-27T06:44:00Z,162,73.46,12.35,10.49,1.85,0.62,0.0,0.0,1.23
2019-09-30T05:56:00Z,163,73.62,12.27,10.43,1.84,0.61,0.0,0.0,1.23
2019-10-05T03:08:00Z,164,73.78,12.2,10.37,1.83,0.61,0.0,0.0,1.22
2019-10-12T05:49:00Z,165,73.94,12.12,10.3,1.82,0.61,0.0,0.0,1.21
2019-10-26T00:50:00Z,166,74.1,12.05,10.24,1.81,0.6,0.0,0.0,1.2
2019-11-11T06:27:00Z,167,74.25,11.98,10.18,1.8,0.6,0.0,0.0,1.2
2019-12-20T07:08:00Z,168,74.4,11.9,10.12,1.79,0.6,0.0,0.0,1.19
2019-12-20T07:19:00Z,169,74.56,11.83,10.06,1.78,0.59,0.0,0.0,1.18
2019-12-21T00:15:00Z,170,74.71,11.76,10.0,1.76,0.59,0.0,0.0,1.18
2020-01-23T12:52:00Z,171,74.27,12.28,9.94,1.75,0.58,0.0,0.0,1.17
2020-01-23T13:13:00Z,172,74.42,12.21,9.88,1.74,0.58,0.0,0.0,1.16
2020-01-24T04:44:00Z,173,73.99,12.72,9.83,1.73,0.58,0.0,0.0,1.16
2020-01-24T04:51:00Z,174,74.14,12.64,9.77,1.72,0.57,0.0,0.0,1.15
2020-01-24T05:21:00Z,175,73.71,13.14,9.71,1.71,0.57,0.0,0.0,1.14
2020-01-24T07:54:00Z,176,73.86,13.07,9.66,1.7,0.57,0.0,0.0,1.14
2020-01-24T08:00:00Z,177,73.45,13.56,9.6,1.69,0.56,0.0,0.0,1.13
2020-01-24T08:04:00Z,178,73.6,13.48,9.55,1.69,0.56,0.0,0.0,1.12
2020-01-25T09:10:00Z,179,73.74,13.41,9.5,1.68,0.56,0.0,0.0,1.12
2020-01-25T09:17:00Z,180,73.33,13.89,9.44,1.67,0.56,0.0,0.0,1.11
2020-01-25T09:50:00Z,181,72.93,13.81,9.39,1.66,0.55,0.55,0.0,1.1
2020-01-26T10:43:00Z,182,72.53,13.74,9.89,1.65,0.55,0.55,0.0,1.1
2020-02-01T03:06:00Z,183,72.13,14.21,9.84,1.64,0.55,0.55,0.0,1.09
2020-02-01T04:29:00Z,184,72.28,14.13,9.78,1.63,0.54,0.54,0.0,1.09
2020-02-04T05:12:00Z,185,71.89,14.59,9.73,1.62,0.54,0.54,0.0,1.08
2020-02-04T23:09:00Z,186,71.51,14.52,9.68,2.15,0.54,0.54,0.0,1.08
2020-02-06T01:56:00Z,187,71.12,14.97,9.63,2.14,0.53,0.53,0.0,1.07
2020-02-19T08:22:00Z,188,71.28,14.89,9.57,2.13,0.53,0.53,0.0,1.06
2020-02-21T00:35:00Z,189,70.9,15.34,9.52,2.12,0.53,0.53,0.0,1.06
2020-02-26T11:15:00Z,190,71.05,15.26,9.47,2.11,0.53,0.53,0.0,1.05
2020-02-27T05:43:00Z,191,71.2,15.18,9.42,2.09,0.52,0.52,0.0,1.05
2020-03-01T11:45:00Z,192,70.83,15.62,9.38,2.08,0.52,0.52,0.0,1.04
2020-03-06T06:53:00Z,193,70.98,15.54,9.33,2.07,0.52,0.52,0.0,1.04
2020-03-12T02:11:00Z,194,71.13,15.46,9.28,2.06,0.52,0.52,0.0,1.03
2020-03-12T06:53:00Z,195,71.28,15.38,9.23,2.05,0.51,0.51,0.0,1.03
2020-03-12T06:55:00Z,196,71.43,15.31,9.18,2.04,0.51,0.51,0.0,1.02
2020-03-15T01:59:00Z,197,71.57,15.23,9.14,2.03,0.51,0.51,0.0,1.02
2020-03-15T11:36:00Z,198,71.21,15.66,9.09,2.02,0.51,0.51,0.0,1.01
2020-04-02T07:07:00Z,199,71.36,15.58,9.05,2.01,0.5,0.5,0.0,1.01
2020-04-05T04:49:00Z,200,71.5,15.5,9.0,2.0,0.5,0.5,0.0,1.0
2020-04-05T08:55:00Z,201,71.64,15.42,8.96,1.99,0.5,0.5,0.0,1.0
2020-04-05T10:18:00Z,202,71.78,15.35,8.91,1.98,0.5,0.5,0.0,0.99
2020-04-09T05:43:00Z,203,71.92,15.27,8.87,1.97,0.49,0.49,0.0,0.99
2020-04-12T02:07:00Z,204,72.06,15.2,8.82,1.96,0.49,0.49,0.0,0.98
2020-04-12T02:40:00Z,205,71.71,15.61,8.78,1.95,0.49,0.49,0.0,0.98
2020-04-15T02:53:00Z,206,71.84,15.53,8.74,1.94,0.49,0.49,0.0,0.97
2020-04-15T04:25:00Z,207,71.98,15.46,8.7,1.93,0.48,0.48,0.0,0.97
2020-04-16T21:51:00Z,208,72.12,15.38,8.65,1.92,0.48,0.48,0.0,0.96
2020-04-16T22:00:00Z,209,72.25,15.31,8.61,1.91,0.48,0.48,0.0,0.96
2020-04-18T03:17:00Z,210,72.38,15.24,8.57,1.9,0.48,0.48,0.0,0.95
2020-04-18T04:24:00Z,211,72.51,15.17,8.53,1.9,0.47,0.47,0.0,0.95
2020-04-23T04:27:00Z,212,72.64,15.09,8.49,1.89,0.47,0.47,0.0,0.94
2020-04-26T05:26:00Z,213,72.77,15.02,8.45,1.88,0.47,0.47,0.0,0.94
2020-04-27T04:29:00Z,214,72.9,14.95,8.41,1.87,0.47,0.47,0.0,0.93
2020-05-02T07:45:00Z,215,72.56,15.35,8.37,1.86,0.47,0.47,0.0,0.93
2020-05-03T05:24:00Z,216,72.69,15.28,8.33,1.85,0.46,0.46,0.0,0.93
2020-05-04T07:33:00Z,217,72.35,15.67,8.29,1.84,0.46,0.46,0.0,0.92
2020-05-10T04:20:00Z,218,72.02,16.06,8.26,1.83,0.46,0.46,0.0,0.92
2020-05-10T04:37:00Z,219,72.15,15.98,8.22,1.83,0.46,0.46,0.0,0.91
2020-05-10T05:41:00Z,220,71.82,15.91,8.64,1.82,0.45,0.45,0.0,0.91
2020-05-10T06:12:00Z,221,71.95,15.84,8.6,1.81,0.45,0.45,0.0,0.9
2020-05-10T08:00:00Z,222,72.07,15.77,8.56,1.8,0.45,0.45,0.0,0.9
2020-05-10T09:08:00Z,223,72.2,15.7,8.52,1.79,0.45,0.45,0.0,0.9
2020-05-13T03:14:00Z,224,72.32,15.62,8.48,1.79,0.45,0.45,0.0,0.89
2020-05-13T03:35:00Z,225,72.44,15.56,8.44,1.78,0.44,0.44,0.0,0.89
2020-05-13T06:53:00Z,226,72.57,15.49,8.41,1.77,0.44,0.44,0.0,0.88
2020-05-13T07:32:00Z,227,72.69,15.42,8.37,1.76,0.44,0.44,0.0,0.88
2020-05-13T07:53:00Z,228,72.37,15.79,8.33,1.75,0.44,0.44,0.0,0.88
2020-05-14T02:57:00Z,229,72.49,15.72,8.3,1.75,0.44,0.44,0.0,0.87
2020-05-14T03:42:00Z,230,72.61,15.65,8.26,1.74,0.43,0.43,0.0,0.87
2020-05-16T03:39:00Z,231,72.73,15.58,8.23,1.73,0.43,0.43,0.0,0.87
2020-05-17T07:24:00Z,232,72.84,15.52,8.19,1.72,0.43,0.43,0.0,0.86
2020-05-17T07:30:00Z,233,72.96,15.45,8.15,1.72,0.43,0.43,0.0,0.86
2020-05-17T08:18:00Z,234,73.08,15.38,8.12,1.71,0.43,0.43,0.0,0.85
2020-05-17T08:22:00Z,235,73.19,15.32,8.09,1.7,0.43,0.43,0.0,0.85
2020-05-18T02:17:00Z,236,73.31,15.25,8.05,1.69,0.42,0.42,0.0,0.85
2020-05-19T06:26:00Z,237,73.42,15.19,8.02,1.69,0.42,0.42,0.0,0.84
2020-05-19T07:26:00Z,238,73.11,15.55,7.98,1.68,0.42,0.42,0.0,0.84
2020-05-20T04:13:00Z,239,72.8,15.9,7.95,1.67,0.42,0.42,0.0,0.84
2020-05-22T04:17:00Z,240,72.92,15.83,7.92,1.67,0.42,0.42,0.0,0.83
2020-05-23T07:40:00Z,241,73.03,15.77,7.88,1.66,0.41,0.41,0.0,0.83
2020-05-25T03:04:00Z,242,72.73,16.12,7.85,1.65,0.41,0.41,0.0,0.83
2020-05-25T03:28:00Z,243,72.43,16.46,7.82,1.65,0.41,0.41,0.0,0.82
2020-06-05T04:03:00Z,244,72.13,16.8,7.79,1.64,0.41,0.41,0.0,0.82
2020-06-05T05:00:00Z,245,71.84,17.14,7.76,1.63,0.41,0.41,0.0,0.82
2020-06-05T07:51:00Z,246,71.95,17.07,7.72,1.63,0.41,0.41,0.0,0.81
2020-06-05T07:57:00Z,247,72.06,17.0,7.69,1.62,0.4,0.4,0.0,0.81
2020-06-06T05:32:00Z,248,71.77,17.34,7.66,1.61,0.4,0.4,0.0,0.81
2020-06-06T23:54:00Z,249,71.89,17.27,7.63,1.61,0.4,0.4,0.0,0.8
2020-06-08T01:50:00Z,250,72.0,17.2,7.6,1.6,0.4,0.4,0.0,0.8
2020-06-08T03:28:00Z,251,72.11,17.13,7.57,1.59,0.4,0.4,0.0,0.8
2020-06-08T12:45:00Z,252,72.22,17.06,7.54,1.59,0.4,0.4,0.0,0.79
2020-06-13T23:54:00Z,253,72.33,17.0,7.51,1.58,0.4,0.4,0.0,0.79
2020-06-14T05:09:00Z,254,72.44,16.93,7.48,1.57,0.39,0.39,0.0,0.79
2020-06-14T09:56:00Z,255,72.16,17.25,7.45,1.57,0.39,0.39,0.0,0.78
2020-06-14T10:00:00Z,256,72.27,17.19,7.42,1.56,0.39,0.39,0.0,0.78
2020-06-14T10:05:00Z,257,72.37,17.12,7.39,1.56,0.39,0.39,0.0,0.78
2020-06-14T10:18:00Z,258,72.09,17.44,7.36,1.55,0.39,0.39,0.0,0.78
2020-06-14T10:26:00Z,259,71.81,17.76,7.34,1.54,0.39,0.39,0.0,0.77
2020-06-14T10:29:00Z,260,71.54,18.08,7.31,1.54,0.38,0.38,0.0,0.77
2020-06-15T08:57:00Z,261,71.65,18.01,7.28,1.53,0.38,0.38,0.0,0.77
2020-06-16T02:19:00Z,262,71.37,18.32,7.25,1.53,0.38,0.38,0.0,0.76
2020-06-18T09:53:00Z,263,71.48,18.25,7.22,1.52,0.38,0.38,0.0,0.76
2020-06-18T10:05:00Z,264,71.59,18.18,7.2,1.52,0.38,0.38,0.0,0.76
2020-06-19T01:05:00Z,265,71.32,18.49,7.17,1.51,0.38,0.38,0.0,0.75
2020-06-19T05:00:00Z,266,71.05,18.8,7.14,1.5,0.38,0.38,0.0,0.75
2020-06-19T05:07:00Z,267,70.79,18.73,7.49,1.5,0.37,0.37,0.0,0.75
2020-06-20T14:32:00Z,268,70.52,18.66,7.46,1.49,0.75,0.37,0.0,0.75
2020-06-26T07:02:00Z,269,70.63,18.59,7.43,1.49,0.74,0.37,0.0,0.74
2020-07-09T08:12:00Z,270,70.74,18.52,7.41,1.48,0.74,0.37,0.0,0.74
2020-07-10T00:03:00Z,271,70.48,18.82,7.38,1.48,0.74,0.37,0.0,0.74
2020-07-10T03:28:00Z,272,70.59,18.75,7.35,1.47,0.74,0.37,0.0,0.74
2020-07-20T01:42:00Z,273,70.7,18.68,7.33,1.47,0.73,0.37,0.0,0.73
2020-07-26T10:45:00Z,274,70.8,18.61,7.3,1.46,0.73,0.36,0.0,0.73
2020-07-26T11:45:00Z,275,70.91,18.55,7.27,1.45,0.73,0.36,0.0,0.73
2020-07-26T12:25:00Z,276,70.65,18.84,7.25,1.45,0.72,0.36,0.0,0.72
2020-07-26T13:39:00Z,277,70.76,18.77,7.22,1.44,0.72,0.36,0.0,0.72
2020-07-26T22:45:00Z,278,70.5,19.06,7.19,1.44,0.72,0.36,0.0,0.72
2020-07-26T22:48:00Z,279,70.25,19.35,7.17,1.43,0.72,0.36,0.0,0.72
2020-07-26T22:51:00Z,280,70.0,19.64,7.14,1.43,0.71,0.36,0.0,0.71
2020-07-26T23:18:00Z,281,70.11,19.57,7.12,1.42,0.71,0.36,0.0,0.71
2020-07-31T04:52:00Z,282,69.86,19.86,7.09,1.42,0.71,0.35,0.0,0.71
2020-08-16T09:54:00Z,283,69.61,19.79,7.42,1.41,0.71,0.35,0.0,0.71
2020-08-17T00:56:00Z,284,69.72,19.72,7.39,1.41,0.7,0.35,0.0,0.7
2020-08-18T02:23:00Z,285,69.47,20.0,7.37,1.4,0.7,0.35,0.0,0.7
2020-08-23T05:59:00Z,286,69.58,19.93,7.34,1.4,0.7,0.35,0.0,0.7
2020-08-25T08:14:00Z,287,69.34,19.86,7.67,1.39,0.7,0.35,0.0,0.7
2020-09-08T03:25:00Z,288,69.1,20.14,7.64,1.39,0.69,0.35,0.0,0.69
2020-09-28T12:33:00Z,289,68.86,20.42,7.61,1.38,0.69,0.35,0.0,0.69
2020-10-01T11:52:00Z,290,68.62,20.69,7.59,1.38,0.69,0.34,0.0,0.69
2020-10-01T23:38:00Z,291,68.73,20.62,7.56,1.37,0.69,0.34,0.0,0.69
2020-10-03T06:43:00Z,292,68.84,20.55,7.53,1.37,0.68,0.34,0.0,0.68
2020-10-03T07:38:00Z,293,68.94,20.48,7.51,1.37,0.68,0.34,0.0,0.68
2020-10-03T07:45:00Z,294,68.71,20.41,7.48,1.36,1.02,0.34,0.0,0.68
2020-10-05T09:39:00Z,295,68.81,20.34,7.46,1.36,1.02,0.34,0.0,0.68
2020-10-05T23:23:00Z,296,68.92,20.27,7.43,1.35,1.01,0.34,0.0,0.68
2020-10-07T10:10:00Z,297,69.02,20.2,7.41,1.35,1.01,0.34,0.0,0.67
2020-10-07T11:51:00Z,298,69.13,20.13,7.38,1.34,1.01,0.34,0.0,0.67
2020-10-17T11:50:00Z,299,68.9,20.07,7.36,1.67,1.0,0.33,0.0,0.67
2020-10-23T05:58:00Z,300,68.67,20.0,7.67,1.67,1.0,0.33,0.0,0.67
2020-10-27T09:07:00Z,301,68.44,20.27,7.64,1.66,1.0,0.33,0.0,0.66
2020-10-31T02:19:00Z,302,68.21,20.53,7.62,1.66,0.99,0.33,0.0,0.66
2020-11-09T13:54:00Z,303,67.99,20.79,7.59,1.65,0.99,0.33,0.0,0.66
2020-11-09T14:18:00Z,304,68.09,20.72,7.57,1.64,0.99,0.33,0.0,0.66
2020-11-09T14:33:00Z,305,68.2,20.66,7.54,1.64,0.98,0.33,0.0,0.66
2020-11-09T14:43:00Z,306,68.3,20.59,7.52,1.63,0.98,0.33,0.0,0.65
2020-11-11T06:20:00Z,307,68.08,20.85,7.49,1.63,0.98,0.33,0.0,0.65
2020-11-16T03:26:00Z,308,68.18,20.78,7.47,1.62,0.97,0.32,0.0,0.65
2020-11-17T03:58:00Z,309,67.96,21.04,7.44,1.62,0.97,0.32,0.0,0.65
2020-11-17T06:40:00Z,310,67.74,20.97,7.74,1.61,0.97,0.32,0.0,0.65
2020-11-17T08:48:00Z,311,67.85,20.9,7.72,1.61,0.96,0.32,0.0,0.64
2020-11-17T08:56:00Z,312,67.95,20.83,7.69,1.6,0.96,0.32,0.0,0.64
2020-11-17T09:05:00Z,313,68.05,20.77,7.67,1.6,0.96,0.32,0.0,0.64
2020-11-18T01:02:00Z,314,68.15,20.7,7.64,1.59,0.96,0.32,0.0,0.64
2020-11-23T04:18:00Z,315,67.94,20.95,7.62,1.59,0.95,0.32,0.0,0.63
2020-12-02T22:23:00Z,316,67.72,20.89,7.91,1.58,0.95,0.32,0.0,0.63
2020-12-03T11:16:00Z,317,67.51,21.14,7.89,1.58,0.95,0.32,0.0,0.63
2020-12-04T22:53:00Z,318,67.61,21.07,7.86,1.57,0.94,0.31,0.0,0.63
2020-12-04T23:13:00Z,319,67.71,21.0,7.84,1.57,0.94,0.31,0.0,0.63
2020-12-04T23:25:00Z,320,67.5,21.25,7.81,1.56,0.94,0.31,0.0,0.62
2020-12-08T21:01:00Z,321,67.6,21.18,7.79,1.56,0.93,0.31,0.0,0.62
2020-12-08T21:20:00Z,322,67.7,21.12,7.76,1.55,0.93,0.31,0.0,0.62
2020-12-08T21:40:00Z,323,67.8,21.05,7.74,1.55,0.93,0.31,0.0,0.62
2020-12-10T12:47:00Z,324,67.59,21.3,7.72,1.54,0.93,0.31,0.0,0.62
2020-12-12T08:14:00Z,325,67.69,21.23,7.69,1.54,0.92,0.31,0.0,0.62
2020-12-12T17:47:00Z,326,67.79,21.17,7.67,1.53,0.92,0.31,0.0,0.61
2020-12-15T14:48:00Z,327,67.89,21.1,7.65,1.53,0.92,0.31,0.0,0.61
2020-12-19T03:15:00Z,328,67.68,21.04,7.93,1.52,0.91,0.3,0.0,0.61
2020-12-22T06:35:00Z,329,67.78,20.97,7.9,1.52,0.91,0.3,0.0,0.61
2020-12-30T06:42:00Z,330,67.88,20.91,7.88,1.52,0.91,0.3,0.0,0.61
2020-12-30T09:36:00Z,331,67.67,21.15,7.85,1.51,0.91,0.3,0.0,0.6
2021-01-06T03:09:00Z,332,67.47,21.39,7.83,1.51,0.9,0.3,0.0,0.6
2021-01-07T08:40:00Z,333,67.57,21.32,7.81,1.5,0.9,0.3,0.0,0.6
2021-01-08T04:16:00Z,334,67.66,21.26,7.78,1.5,0.9,0.3,0.0,0.6
2021-01-08T04:30:00Z,335,67.46,21.49,7.76,1.49,0.9,0.3,0.0,0.6
2021-01-08T23:49:00Z,336,67.56,21.43,7.74,1.49,0.89,0.3,0.0,0.6
2021-01-13T06:30:00Z,337,67.66,21.36,7.72,1.48,0.89,0.3,0.0,0.59
2021-01-13T06:45:00Z,338,67.75,21.3,7.69,1.48,0.89,0.3,0.0,0.59
2021-01-20T06:44:00Z,339,67.85,21.24,7.67,1.47,0.88,0.29,0.0,0.59
2021-01-24T02:25:00Z,340,67.65,21.18,7.94,1.47,0.88,0.29,0.0,0.59
2021-01-24T02:27:00Z,341,67.74,21.11,7.92,1.47,0.88,0.29,0.0,0.59
2021-01-24T02:31:00Z,342,67.84,21.05,7.89,1.46,0.88,0.29,0.0,0.58
2021-01-24T16:55:00Z,343,67.64,21.28,7.87,1.46,0.87,0.29,0.0,0.58
2021-01-31T05:47:00Z,344,67.44,21.22,8.14,1.45,0.87,0.29,0.0,0.58
2021-01-31T06:22:00Z,345,67.25,21.16,8.41,1.45,0.87,0.29,0.0,0.58
2021-01-31T06:28:00Z,346,67.05,21.1,8.67,1.45,0.87,0.29,0.0,0.58
2021-01-31T06:42:00Z,347,67.15,21.04,8.65,1.44,0.86,0.29,0.0,0.58
2021-02-11T11:59:00Z,348,66.95,20.98,8.91,1.44,0.86,0.29,0.0,0.57
2021-02-12T06:14:00Z,349,66.76,21.2,8.88,1.43,0.86,0.29,0.0,0.57
2021-02-19T08:57:00Z,350,66.57,21.14,9.14,1.43,0.86,0.29,0.0,0.57
2021-02-19T09:01:00Z,351,66.38,21.37,9.12,1.42,0.85,0.28,0.0,0.57
2021-02-20T00:45:00Z,352,66.19,21.59,9.09,1.42,0.85,0.28,0.0,0.57
2021-02-20T00:51:00Z,353,66.01,21.81,9.07,1.42,0.85,0.28,0.0,0.57
2021-02-20T00:56:00Z,354,66.1,21.75,9.04,1.41,0.85,0.28,0.0,0.56
2021-02-22T04:07:00Z,355,65.92,21.69,9.3,1.41,0.85,0.28,0.0,0.56
2021-02-22T04:15:00Z,356,65.73,21.91,9.27,1.4,0.84,0.28,0.0,0.56
2021-02-22T04:25:00Z,357,65.55,22.13,9.24,1.4,0.84,0.28,0.0,0.56
2021-03-06T00:59:00Z,358,65.36,22.35,9.22,1.4,0.84,0.28,0.0,0.56
2021-03-24T15:35:00Z,359,65.46,22.28,9.19,1.39,0.84,0.28,0.0,0.56
2021-03-27T23:08:00Z,360,65.56,22.22,9.17,1.39,0.83,0.28,0.0,0.56
2021-04-02T00:52:00Z,361,65.65,22.16,9.14,1.39,0.83,0.28,0.0,0.55
2021-04-20T18:57:00Z,362,65.75,22.1,9.12,1.38,0.83,0.28,0.0,0.55
2021-04-29T03:26:00Z,363,65.84,22.04,9.09,1.38,0.83,0.28,0.0,0.55
2021-05-02T07:21:00Z,364,65.93,21.98,9.07,1.37,0.82,0.27,0.0,0.55
2021-05-08T02:35:00Z,365,65.75,22.19,9.04,1.37,0.82,0.27,0.0,0.55
2021-05-31T13:07:00Z,366,65.57,22.4,9.02,1.37,0.82,0.27,0.0,0.55
2021-06-06T10:25:00Z,367,65.4,22.62,8.99,1.36,0.82,0.27,0.0,0.54
2021-06-07T10:47:00Z,368,65.49,22.55,8.97,1.36,0.82,0.27,0.0,0.54
2021-06-17T21:26:00Z,369,65.31,22.76,8.94,1.36,0.81,0.27,0.0,0.54
2021-06-17T21:43:00Z,370,65.14,22.7,9.19,1.35,0.81,0.27,0.0,0.54
2021-06-29T10:07:00Z,371,64.96,22.91,9.16,1.35,0.81,0.27,0.0,0.54
2021-07-04T06:18:00Z,372,64.78,23.12,9.14,1.34,0.81,0.27,0.0,0.54
2021-07-29T12:32:00Z,373,64.88,23.06,9.12,1.34,0.8,0.27,0.0,0.54
2021-09-01T15:26:00Z,374,64.97,22.99,9.09,1.34,0.8,0.27,0.0,0.53
2021-09-02T09:51:00Z,375,65.07,22.93,9.07,1.33,0.8,0.27,0.0,0.53
2021-09-02T10:31:00Z,376,65.16,22.87,9.04,1.33,0.8,0.27,0.0,0.53
2021-09-19T20:11:00Z,377,64.99,23.08,9.02,1.33,0.8,0.27,0.0,0.53
2021-10-20T23:25:00Z,378,65.08,23.02,8.99,1.32,0.79,0.26,0.0,0.53
2021-10-20T23:50:00Z,379,65.17,22.96,8.97,1.32,0.79,0.26,0.0,0.53
2021-10-21T00:04:00Z,380,65.0,22.89,8.95,1.58,0.79,0.26,0.0,0.53
2021-10-21T00:16:00Z,381,65.09,22.83,8.92,1.57,0.79,0.26,0.0,0.52
2021-11-01T06:26:00Z,382,64.92,22.77,9.16,1.57,0.79,0.26,0.0,0.52
2021-11-01T06:29:00Z,383,64.75,22.98,9.14,1.57,0.78,0.26,0.0,0.52
2021-11-01T06:32:00Z,384,64.58,23.18,9.11,1.56,0.78,0.26,0.0,0.52
2021-11-01T06:34:00Z,385,64.42,23.38,9.09,1.56,0.78,0.26,0.0,0.52
2021-11-01T06:37:00Z,386,64.25,23.32,9.33,1.55,0.78,0.26,0.0,0.52
2021-11-01T06:40:00Z,387,64.08,23.51,9.3,1.55,0.78,0.26,0.0,0.52
2021-11-01T06:42:00Z,388,63.92,23.45,9.28,1.8,0.77,0.26,0.0,0.52
2021-11-01T06:45:00Z,389,63.75,23.39,9.25,1.8,0.77,0.51,0.0,0.51
2021-11-08T21:50:00Z,390,63.85,23.33,9.23,1.79,0.77,0.51,0.0,0.51
2021-11-13T16:14:00Z,391,63.94,23.27,9.21,1.79,0.77,0.51,0.0,0.51
2021-11-13T16:22:00Z,392,64.03,23.21,9.18,1.79,0.77,0.51,0.0,0.51
2021-11-14T07:09:00Z,393,63.87,23.41,9.16,1.78,0.76,0.51,0.0,0.51
2021-11-14T07:23:00Z,394,63.71,23.35,9.14,2.03,0.76,0.51,0.0,0.51
2021-11-14T07:36:00Z,395,63.8,23.29,9.11,2.03,0.76,0.51,0.0,0.51
2021-11-14T09:39:00Z,396,63.64,23.23,9.09,2.27,0.76,0.51,0.0,0.51
2021-11-14T10:35:00Z,397,63.48,23.43,9.07,2.27,0.76,0.5,0.0,0.5
2021-11-15T18:02:00Z,398,63.57,23.37,9.05,2.26,0.75,0.5,0.0,0.5
2021-11-16T00:00:00Z,399,63.66,23.31,9.02,2.26,0.75,0.5,0.0,0.5
2021-11-16T04:34:00Z,400,63.5,23.5,9.0,2.25,0.75,0.5,0.0,0.5
2021-11-16T04:40:00Z,401,63.59,23.44,8.98,2.24,0.75,0.5,0.0,0.5
2021-11-16T10:05:00Z,402,63.68,23.38,8.96,2.24,0.75,0.5,0.0,0.5
2021-11-16T10:15:00Z,403,63.77,23.33,8.93,2.23,0.74,0.5,0.0,0.5
2021-11-16T10:22:00Z,404,63.86,23.27,8.91,2.23,0.74,0.5,0.0,0.5
2021-11-17T12:26:00Z,405,63.95,23.21,8.89,2.22,0.74,0.49,0.0,0.49
2021-11-18T12:28:00Z,406,63.79,23.15,9.11,2.22,0.74,0.49,0.0,0.49
2021-11-23T09:44:00Z,407,63.64,23.34,9.09,2.21,0.74,0.49,0.0,0.49
2021-11-25T08:03:00Z,408,63.48,23.53,9.07,2.21,0.74,0.49,0.0,0.49
2021-11-25T08:37:00Z,409,63.33,23.47,9.29,2.2,0.73,0.49,0.0,0.49
2021-11-27T01:29:00Z,410,63.41,23.41,9.27,2.2,0.73,0.49,0.0,0.49
2021-11-27T01:48:00Z,411,63.5,23.36,9.25,2.19,0.73,0.49,0.0,0.49
2021-11-27T01:53:00Z,412,63.59,23.3,9.22,2.18,0.73,0.49,0.0,0.49
2021-11-27T02:02:00Z,413,63.68,23.24,9.2,2.18,0.73,0.48,0.0,0.48
2021-11-27T02:10:00Z,414,63.53,23.43,9.18,2.17,0.72,0.48,0.0,0.48
2021-11-27T02:22:00Z,415,63.61,23.37,9.16,2.17,0.72,0.48,0.0,0.48
2021-11-27T02:37:00Z,416,63.46,23.56,9.13,2.16,0.72,0.48,0.0,0.48
2021-11-27T02:41:00Z,417,63.55,23.5,9.11,2.16,0.72,0.48,0.0,0.48
2021-11-27T04:39:00Z,418,63.64,23.44,9.09,2.15,0.72,0.48,0.0,0.48
2021-11-27T06:51:00Z,419,63.72,23.39,9.07,2.15,0.72,0.48,0.0,0.48
2021-11-27T07:03:00Z,420,63.81,23.33,9.05,2.14,0.71,0.48,0.0,0.48
2021-11-27T07:11:00Z,421,63.9,23.28,9.03,2.14,0.71,0.48,0.0,0.48
2021-11-27T07:18:00Z,422,63.98,23.22,9.0,2.13,0.71,0.47,0.0,0.47
2021-11-27T07:24:00Z,423,64.07,23.17,8.98,2.13,0.71,0.47,0.0,0.47
2021-11-27T07:29:00Z,424,64.15,23.11,8.96,2.12,0.71,0.47,0.0,0.47
2021-11-27T07:35:00Z,425,64.0,23.06,9.18,2.12,0.71,0.47,0.0,0.47
2021-11-27T07:39:00Z,426,64.08,23.0,9.15,2.11,0.7,0.47,0.0,0.47
2021-11-27T07:48:00Z,427,64.17,22.95,9.13,2.11,0.7,0.47,0.0,0.47
2021-11-27T08:13:00Z,428,64.25,22.9,9.11,2.1,0.7,0.47,0.0,0.47
2021-11-27T08:17:00Z,429,64.34,22.84,9.09,2.1,0.7,0.47,0.0,0.47
2021-11-27T09:44:00Z,430,64.42,22.79,9.07,2.09,0.7,0.47,0.0,0.47
2021-11-27T10:23:00Z,431,64.5,22.74,9.05,2.09,0.7,0.46,0.0,0.46
2021-11-27T10:27:00Z,432,64.35,22.92,9.03,2.08,0.69,0.46,0.0,0.46
2021-11-27T10:29:00Z,433,64.43,22.86,9.01,2.08,0.69,0.46,0.0,0.46
2021-11-27T10:32:00Z,434,64.52,22.81,8.99,2.07,0.69,0.46,0.0,0.46
2021-11-27T15:00:00Z,435,64.6,22.76,8.97,2.07,0.69,0.46,0.0,0.46
2021-11-27T15:09:00Z,436,64.68,22.71,8.94,2.06,0.69,0.46,0.0,0.46
2021-11-27T15:18:00Z,437,64.53,22.88,8.92,2.06,0.69,0.46,0.0,0.46
2021-11-27T15:24:00Z,438,64.61,22.83,8.9,2.05,0.68,0.46,0.0,0.46
2021-11-27T15:32:00Z,439,64.46,22.78,9.11,2.05,0.68,0.46,0.0,0.46
2021-11-27T15:38:00Z,440,64.55,22.73,9.09,2.05,0.68,0.45,0.0,0.45
2021-11-27T15:49:00Z,441,64.4,22.9,9.07,2.04,0.68,0.45,0.0,0.45
2021-11-27T15:53:00Z,442,64.48,22.85,9.05,2.04,0.68,0.45,0.0,0.45
2021-11-27T16:01:00Z,443,64.56,22.8,9.03,2.03,0.68,0.45,0.0,0.45
2021-11-27T16:10:00Z,444,64.64,22.75,9.01,2.03,0.68,0.45,0.0,0.45
2021-11-27T16:13:00Z,445,64.72,22.7,8.99,2.02,0.67,0.45,0.0,0.45
2021-11-27T16:21:00Z,446,64.8,22.65,8.97,2.02,0.67,0.45,0.0,0.45
2021-11-27T16:30:00Z,447,64.88,22.6,8.95,2.01,0.67,0.45,0.0,0.45
2021-11-27T16:35:00Z,448,64.96,22.54,8.93,2.01,0.67,0.45,0.0,0.45
2021-11-27T16:40:00Z,449,65.03,22.49,8.91,2.0,0.67,0.45,0.0,0.45
2021-11-27T16:44:00Z,450,65.11,22.44,8.89,2.0,0.67,0.44,0.0,0.44
2021-11-27T16:48:00Z,451,65.19,22.39,8.87,2.0,0.67,0.44,0.0,0.44
2021-11-27T16:51:00Z,452,65.27,22.35,8.85,1.99,0.66,0.44,0.0,0.44
2021-11-27T16:56:00Z,453,65.34,22.3,8.83,1.99,0.66,0.44,0.0,0.44
2021-11-27T17:01:00Z,454,65.2,22.47,8.81,1.98,0.66,0.44,0.0,0.44
2021-11-27T17:03:00Z,455,65.27,22.42,8.79,1.98,0.66,0.44,0.0,0.44
2021-11-27T17:07:00Z,456,65.35,22.37,8.77,1.97,0.66,0.44,0.0,0.44
2021-11-27T17:11:00Z,457,65.43,22.32,8.75,1.97,0.66,0.44,0.0,0.44
2021-11-27T17:18:00Z,458,65.5,22.27,8.73,1.97,0.66,0.44,0.0,0.44
2021-11-28T05:20:00Z,459,65.58,22.22,8.71,1.96,0.65,0.44,0.0,0.44
2021-11-28T15:04:00Z,460,65.43,22.39,8.7,1.96,0.65,0.43,0.0,0.43
2021-11-29T12:46:00Z,461,65.29,22.56,8.68,1.95,0.65,0.43,0.0,0.43
2021-12-01T00:20:00Z,462,65.15,22.73,8.66,1.95,0.65,0.43,0.0,0.43
2021-12-01T00:33:00Z,463,65.01,22.89,8.64,1.94,0.65,0.43,0.0,0.43
2021-12-01T04:33:00Z,464,65.09,22.84,8.62,1.94,0.65,0.43,0.0,0.43
2021-12-01T04:55:00Z,465,65.16,22.8,8.6,1.94,0.65,0.43,0.0,0.43
2021-12-01T06:41:00Z,466,65.24,22.75,8.58,1.93,0.64,0.43,0.0,0.43
2021-12-01T12:45:00Z,467,65.1,22.91,8.57,1.93,0.64,0.43,0.0,0.43
2021-12-01T12:48:00Z,468,64.96,23.08,8.55,1.92,0.64,0.43,0.0,0.43
2021-12-01T13:07:00Z,469,64.82,23.24,8.53,1.92,0.64,0.43,0.0,0.43
2021-12-01T13:15:00Z,470,64.89,23.19,8.51,1.91,0.64,0.43,0.0,0.43
2021-12-01T13:24:00Z,471,64.76,23.14,8.7,1.91,0.64,0.42,0.0,0.42
2021-12-01T14:30:00Z,472,64.83,23.09,8.69,1.91,0.64,0.42,0.0,0.42
2021-12-02T07:39:00Z,473,64.9,23.04,8.67,1.9,0.63,0.42,0.0,0.42
2021-12-03T04:57:00Z,474,64.77,23.21,8.65,1.9,0.63,0.42,0.0,0.42
2021-12-04T05:14:00Z,475,64.63,23.37,8.63,1.89,0.63,0.42,0.0,0.42
2021-12-04T05:20:00Z,476,64.5,23.53,8.61,1.89,0.63,0.42,0.0,0.42
2021-12-04T05:42:00Z,477,64.36,23.69,8.6,1.89,0.63,0.42,0.0,0.42
2021-12-04T05:45:00Z,478,64.23,23.85,8.58,1.88,0.63,0.42,0.0,0.42
2021-12-04T05:48:00Z,479,64.09,23.8,8.77,1.88,0.63,0.42,0.0,0.42
2021-12-04T06:01:00Z,480,63.96,23.75,8.75,1.88,0.62,0.42,0.0,0.62
2021-12-04T06:08:00Z,481,63.83,23.7,8.94,1.87,0.62,0.42,0.0,0.62
2021-12-04T06:10:00Z,482,63.69,23.65,9.13,1.87,0.62,0.41,0.0,0.62
2021-12-04T06:15:00Z,483,63.56,23.6,9.32,1.86,0.62,0.41,0.0,0.62
2021-12-04T06:19:00Z,484,63.43,23.55,9.5,1.86,0.62,0.41,0.0,0.62
2021-12-04T19:34:00Z,485,63.51,23.51,9.48,1.86,0.62,0.41,0.0,0.62
2021-12-04T19:48:00Z,486,63.58,23.46,9.47,1.85,0.62,0.41,0.0,0.62
2021-12-04T19:57:00Z,487,63.45,23.61,9.45,1.85,0.62,0.41,0.0,0.62
2021-12-04T20:09:00Z,488,63.32,23.77,9.43,1.84,0.61,0.41,0.0,0.61
2021-12-05T01:45:00Z,489,63.39,23.72,9.41,1.84,0.61,0.41,0.0,0.61
2021-12-05T19:33:00Z,490,63.27,23.88,9.39,1.84,0.61,0.41,0.0,0.61
2021-12-08T12:58:00Z,491,63.14,23.83,9.57,1.83,0.61,0.41,0.0,0.61
2021-12-08T13:06:00Z,492,63.01,23.98,9.55,1.83,0.61,0.41,0.0,0.61
2021-12-08T13:25:00Z,493,62.88,23.94,9.74,1.83,0.61,0.41,0.0,0.61
2021-12-08T13:32:00Z,494,62.75,23.89,9.92,1.82,0.61,0.4,0.0,0.61
2021-12-08T13:35:00Z,495,62.63,23.84,10.1,1.82,0.61,0.4,0.0,0.61
2021-12-08T13:38:00Z,496,62.5,23.79,10.28,1.81,0.6,0.4,0.0,0.6
2021-12-08T13:40:00Z,497,62.37,23.74,10.46,1.81,0.6,0.4,0.0,0.6
2021-12-08T13:44:00Z,498,62.25,23.69,10.64,1.81,0.6,0.4,0.0,0.6
2021-12-08T13:52:00Z,499,62.12,23.65,10.82,1.8,0.6,0.4,0.0,0.6
2021-12-08T13:57:00Z,500,62.0,23.8,10.8,1.8,0.6,0.4,0.0,0.6
2021-12-08T14:01:00Z,501,61.88,23.75,10.98,1.8,0.6,0.4,0.0,0.6
2021-12-08T14:02:00Z,502,61.75,23.71,11.16,1.79,0.6,0.4,0.0,0.6
2021-12-08T14:04:00Z,503,61.63,23.66,11.33,1.79,0.6,0.4,0.0,0.6
2021-12-08T14:07:00Z,504,61.51,23.61,11.51,1.79,0.6,0.4,0.0,0.6
2021-12-08T14:11:00Z,505,61.39,23.56,11.68,1.78,0.59,0.4,0.0,0.59
2021-12-08T14:14:00Z,506,61.46,23.52,11.66,1.78,0.59,0.4,0.0,0.59
2021-12-09T02:37:00Z,507,61.54,23.47,11.64,1.78,0.59,0.39,0.0,0.59
2021-12-09T02:54:00Z,508,61.42,23.62,11.61,1.77,0.59,0.39,0.0,0.59
2021-12-09T03:00:00Z,509,61.49,23.58,11.59,1.77,0.59,0.39,0.0,0.59
2021-12-09T03:03:00Z,510,61.57,23.53,11.57,1.76,0.59,0.39,0.0,0.59
2021-12-09T03:16:00Z,511,61.45,23.48,11.74,1.76,0.59,0.39,0.0,0.59
2021-12-09T03:24:00Z,512,61.33,23.63,11.72,1.76,0.59,0.39,0.0,0.59
2021-12-09T04:03:00Z,513,61.4,23.59,11.7,1.75,0.58,0.39,0.0,0.58
2021-12-09T04:12:00Z,514,61.28,23.54,11.87,1.75,0.58,0.39,0.0,0.58
2021-12-09T04:16:00Z,515,61.36,23.5,11.84,1.75,0.58,0.39,0.0,0.58
2021-12-09T04:30:00Z,516,61.24,23.45,12.02,1.74,0.58,0.39,0.0,0.58
2021-12-09T04:37:00Z,517,61.12,23.6,11.99,1.74,0.58,0.39,0.0,0.58
2021-12-09T04:41:00Z,518,61.0,23.75,11.97,1.74,0.58,0.39,0.0,0.58
2021-12-09T05:04:00Z,519,60.89,23.89,11.95,1.73,0.58,0.39,0.0,0.58
2021-12-10T10:26:00Z,520,60.77,24.04,11.92,1.73,0.58,0.38,0.0,0.58
2021-12-10T18:30:00Z,521,60.84,23.99,11.9,1.73,0.58,0.38,0.0,0.58
2021-12-10T22:12:00Z,522,60.73,24.14,11.88,1.72,0.57,0.38,0.0,0.57
2021-12-11T02:01:00Z,523,60.61,24.28,11.85,1.72,0.57,0.38,0.0,0.57
2021-12-11T10:07:00Z,524,60.69,24.24,11.83,1.72,0.57,0.38,0.0,0.57
2021-12-15T05:33:00Z,525,60.76,24.19,11.81,1.71,0.57,0.38,0.0,0.57
2021-12-16T16:57:00Z,526,60.65,24.33,11.79,1.71,0.57,0.38,0.0,0.57
2021-12-16T17:02:00Z,527,60.53,24.48,11.76,1.71,0.57,0.38,0.0,0.57
2021-12-16T17:19:00Z,528,60.42,24.62,11.74,1.7,0.57,0.38,0.0,0.57
2021-12-16T17:24:00Z,529,60.3,24.76,11.72,1.7,0.57,0.38,0.0,0.57
2021-12-17T02:36:00Z,530,60.19,24.91,11.7,1.7,0.57,0.38,0.0,0.57
2021-12-17T02:46:00Z,531,60.08,25.05,11.68,1.69,0.56,0.38,0.0,0.56
2021-12-17T02:49:00Z,532,59.96,25.19,11.65,1.69,0.56,0.38,0.0,0.56
2021-12-17T03:08:00Z,533,59.85,25.33,11.63,1.69,0.56,0.38,0.0,0.56
2021-12-17T03:29:00Z,534,59.74,25.47,11.61,1.69,0.56,0.37,0.0,0.56
2021-12-17T03:37:00Z,535,59.63,25.61,11.59,1.68,0.56,0.37,0.0,0.56
2021-12-17T03:39:00Z,536,59.51,25.75,11.57,1.68,0.56,0.37,0.0,0.56
2021-12-17T03:45:00Z,537,59.4,25.88,11.55,1.68,0.56,0.37,0.0,0.56
2021-12-17T04:02:00Z,538,59.29,26.02,11.52,1.67,0.56,0.37,0.0,0.56
2021-12-17T04:11:00Z,539,59.18,26.16,11.5,1.67,0.56,0.37,0.0,0.56
2021-12-19T02:34:00Z,540,59.07,26.3,11.48,1.67,0.56,0.37,0.0,0.56
2021-12-20T03:09:00Z,541,58.96,26.43,11.46,1.66,0.55,0.37,0.0,0.55
2021-12-23T23:01:00Z,542,59.04,26.38,11.44,1.66,0.55,0.37,0.0,0.55
2021-12-27T06:12:00Z,543,59.12,26.34,11.42,1.66,0.55,0.37,0.0,0.55
2021-12-28T03:50:00Z,544,59.01,26.47,11.4,1.65,0.55,0.37,0.0,0.55
2021-12-28T21:26:00Z,545,58.9,26.61,11.38,1.65,0.55,0.37,0.0,0.55
2021-12-29T23:50:00Z,546,58.79,26.74,11.36,1.65,0.55,0.37,0.0,0.55
2022-01-01T11:01:00Z,547,58.68,26.87,11.33,1.65,0.55,0.37,0.0,0.55
2022-01-03T13:51:00Z,548,58.58,26.82,11.31,1.82,0.55,0.36,0.0,0.55
2022-01-04T06:19:00Z,549,58.47,26.96,11.29,1.82,0.55,0.36,0.0,0.55
2022-01-14T17:29:00Z,550,58.36,27.09,11.27,1.82,0.55,0.36,0.0,0.55
2022-01-14T20:03:00Z,551,58.26,27.22,11.25,1.81,0.54,0.36,0.0,0.54
2022-01-15T03:38:00Z,552,58.15,27.17,11.23,1.99,0.54,0.36,0.0,0.54
2022-01-16T05:07:00Z,553,58.23,27.12,11.21,1.99,0.54,0.36,0.0,0.54
2022-01-16T05:50:00Z,554,58.12,27.26,11.19,1.99,0.54,0.36,0.0,0.54
2022-01-19T23:03:00Z,555,58.02,27.39,11.17,1.98,0.54,0.36,0.0,0.54
2022-01-19T23:15:00Z,556,58.09,27.34,11.15,1.98,0.54,0.36,0.0,0.54
2022-01-23T04:49:00Z,557,57.99,27.29,11.13,2.15,0.54,0.36,0.0,0.54
2022-01-23T04:53:00Z,558,57.89,27.24,11.11,2.33,0.54,0.36,0.0,0.54
2022-01-23T04:57:00Z,559,57.78,27.19,11.09,2.5,0.54,0.36,0.0,0.54
2022-01-23T05:05:00Z,560,57.68,27.14,11.25,2.5,0.54,0.36,0.0,0.54
2022-01-23T05:07:00Z,561,57.58,27.27,11.23,2.5,0.53,0.36,0.0,0.53
2022-01-23T05:11:00Z,562,57.47,27.22,11.21,2.67,0.53,0.36,0.0,0.53
2022-01-24T01:57:00Z,563,57.37,27.18,11.37,2.66,0.53,0.36,0.0,0.53
2022-01-24T13:02:00Z,564,57.27,27.3,11.35,2.66,0.53,0.35,0.0,0.53
2022-01-27T02:20:00Z,565,57.17,27.26,11.5,2.65,0.53,0.35,0.0,0.53
2022-02-02T13:06:00Z,566,57.24,27.21,11.48,2.65,0.53,0.35,0.0,0.53
2022-02-03T04:09:00Z,567,57.14,27.34,11.46,2.65,0.53,0.35,0.0,0.53
2022-02-08T04:10:00Z,568,57.04,27.46,11.44,2.64,0.53,0.35,0.0,0.53
2022-02-10T03:48:00Z,569,56.94,27.59,11.42,2.64,0.53,0.35,0.0,0.53
2022-02-15T03:12:00Z,570,56.84,27.72,11.4,2.63,0.53,0.35,0.0,0.53
2022-02-24T16:59:00Z,571,56.92,27.67,11.38,2.63,0.53,0.35,0.0,0.53
2022-02-24T17:02:00Z,572,56.99,27.62,11.36,2.62,0.52,0.35,0.0,0.52
2022-02-27T14:17:00Z,573,56.89,27.75,11.34,2.62,0.52,0.35,0.0,0.52
2022-03-06T00:57:00Z,574,56.97,27.7,11.32,2.61,0.52,0.35,0.0,0.52
2022-03-06T01:09:00Z,575,56.87,27.83,11.3,2.61,0.52,0.35,0.0,0.52
2022-03-06T01:19:00Z,576,56.77,27.95,11.28,2.6,0.52,0.35,0.0,0.52
2022-03-06T01:26:00Z,577,56.67,28.08,11.27,2.6,0.52,0.35,0.0,0.52
2022-03-06T01:33:00Z,578,56.57,28.2,11.25,2.6,0.52,0.35,0.0,0.52
2022-03-06T01:37:00Z,579,56.48,28.32,11.23,2.59,0.52,0.35,0.0,0.52
2022-03-06T01:42:00Z,580,56.38,28.45,11.21,2.59,0.52,0.34,0.0,0.52
2022-03-06T01:51:00Z,581,56.28,28.57,11.19,2.58,0.52,0.34,0.0,0.52
2022-03-06T01:58:00Z,582,56.19,28.69,11.17,2.58,0.52,0.34,0.0,0.52
2022-03-06T04:47:00Z,583,56.09,28.82,11.15,2.57,0.51,0.34,0.0,0.51
2022-03-06T05:01:00Z,584,55.99,28.94,11.13,2.57,0.51,0.34,0.0,0.51
2022-03-06T05:06:00Z,585,55.9,29.06,11.11,2.56,0.51,0.34,0.0,0.51
2022-03-06T05:27:00Z,586,55.8,29.18,11.09,2.56,0.51,0.34,0.0,0.51
2022-03-06T05:34:00Z,587,55.71,29.3,11.07,2.56,0.51,0.34,0.0,0.51
2022-03-06T05:40:00Z,588,55.61,29.42,11.05,2.55,0.51,0.34,0.0,0.51
2022-03-06T05:44:00Z,589,55.52,29.54,11.04,2.55,0.51,0.34,0.0,0.51
2022-03-06T05:49:00Z,590,55.42,29.66,11.02,2.54,0.51,0.34,0.0,0.51
2022-03-06T05:53:00Z,591,55.33,29.78,11.0,2.54,0.51,0.34,0.0,0.51
2022-03-06T05:56:00Z,592,55.24,29.9,10.98,2.53,0.51,0.34,0.0,0.51
2022-03-06T06:03:00Z,593,55.14,30.02,10.96,2.53,0.51,0.34,0.0,0.51
2022-03-06T06:31:00Z,594,55.22,29.97,10.94,2.53,0.51,0.34,0.0,0.51
2022-03-08T07:22:00Z,595,55.29,29.92,10.92,2.52,0.5,0.34,0.0,0.5
2022-03-10T11:57:00Z,596,55.2,30.03,10.91,2.52,0.5,0.34,0.0,0.5
2022-03-10T12:01:00Z,597,55.11,30.15,10.89,2.51,0.5,0.34,0.0,0.5
2022-03-10T12:04:00Z,598,55.02,30.27,10.87,2.51,0.5,0.33,0.0,0.5
2022-03-10T12:05:00Z,599,54.92,30.38,10.85,2.5,0.5,0.33,0.0,0.5
2022-03-10T12:07:00Z,600,54.83,30.5,10.83,2.5,0.5,0.33,0.0,0.5
2022-03-10T12:09:00Z,601,54.74,30.62,10.82,2.5,0.5,0.33,0.0,0.5
2022-03-10T12:13:00Z,602,54.65,30.73,10.8,2.49,0.5,0.33,0.0,0.5
2022-03-11T11:33:00Z,603,54.73,30.68,10.78,2.49,0.5,0.33,0.0,0.5
2022-04-01T01:06:00Z,604,54.8,30.63,10.76,2.48,0.5,0.33,0.0,0.5
2022-04-23T04:30:00Z,605,54.71,30.74,10.74,2.48,0.5,0.33,0.0,0.5
2022-04-28T11:34:00Z,606,54.62,30.86,10.73,2.48,0.5,0.33,0.0,0.5
2022-05-04T23:25:00Z,607,54.53,30.97,10.71,2.47,0.49,0.33,0.0,0.49
2022-05-05T06:56:00Z,608,54.44,31.09,10.69,2.47,0.49,0.33,0.0,0.49
2022-05-06T00:30:00Z,609,54.52,31.03,10.67,2.46,0.49,0.33,0.0,0.49
2022-05-13T16:30:00Z,610,54.43,30.98,10.66,2.62,0.49,0.33,0.0,0.49
2022-06-06T06:32:00Z,611,54.34,30.93,10.64,2.62,0.49,0.33,0.16,0.49
2022-06-07T07:49:00Z,612,54.25,30.88,10.78,2.61,0.49,0.33,0.16,0.49
2022-06-07T07:57:00Z,613,54.16,30.83,10.93,2.61,0.49,0.33,0.16,0.49
2022-06-07T08:01:00Z,614,54.07,30.78,11.07,2.61,0.49,0.33,0.16,0.49
2022-06-27T17:31:00Z,615,53.98,30.73,11.06,2.76,0.49,0.33,0.16,0.49
2022-07-01T02:21:00Z,616,53.9,30.68,11.04,2.76,0.49,0.49,0.16,0.49
2022-07-03T01:54:00Z,617,53.97,30.63,11.02,2.76,0.49,0.49,0.16,0.49
2022-07-06T12:42:00Z,618,53.88,30.58,11.0,2.91,0.49,0.49,0.16,0.49
2022-07-06T12:49:00Z,619,53.8,30.53,10.99,3.07,0.48,0.48,0.16,0.48
2022-07-08T04:30:00Z,620,53.71,30.48,11.13,3.06,0.48,0.48,0.16,0.48
2022-07-13T03:57:00Z,621,53.78,30.43,11.11,3.06,0.48,0.48,0.16,0.48
2022-07-29T13:47:00Z,622,53.7,30.55,11.09,3.05,0.48,0.48,0.16,0.48
2022-08-05T19:18:00Z,623,53.61,30.5,11.08,3.21,0.48,0.48,0.16,0.48
2022-08-05T19:24:00Z,624,53.69,30.45,11.06,3.21,0.48,0.48,0.16,0.48
2022-08-14T12:07:00Z,625,53.76,30.4,11.04,3.2,0.48,0.48,0.16,0.48
2022-09-02T08:16:00Z,626,53.67,30.51,11.02,3.19,0.48,0.48,0.16,0.48
2022-09-02T08:24:00Z,627,53.75,30.46,11.0,3.19,0.48,0.48,0.16,0.48
2022-09-02T08:30:00Z,628,53.82,30.41,10.99,3.18,0.48,0.48,0.16,0.48
2022-09-02T08:35:00Z,629,53.74,30.52,10.97,3.18,0.48,0.48,0.16,0.48
2022-09-02T08:40:00Z,630,53.81,30.48,10.95,3.17,0.48,0.48,0.16,0.48
2022-09-04T12:12:00Z,631,53.88,30.43,10.94,3.17,0.48,0.48,0.16,0.48
2022-09-07T06:20:00Z,632,53.8,30.54,10.92,3.16,0.47,0.47,0.16,0.47
2022-09-07T06:33:00Z,633,53.71,30.65,10.9,3.16,0.47,0.47,0.16,0.47
2022-09-07T06:45:00Z,634,53.63,30.76,10.88,3.15,0.47,0.47,0.16,0.47
2022-09-07T06:50:00Z,635,53.54,30.87,10.87,3.15,0.47,0.47,0.16,0.47
2022-09-07T06:56:00Z,636,53.46,30.97,10.85,3.14,0.47,0.47,0.16,0.47
2022-09-07T07:03:00Z,637,53.38,31.08,10.83,3.14,0.47,0.47,0.16,0.47
2022-09-07T07:10:00Z,638,53.29,31.19,10.82,3.13,0.47,0.47,0.16,0.47
2022-09-07T07:13:00Z,639,53.21,31.3,10.8,3.13,0.47,0.47,0.16,0.47
2022-09-07T07:17:00Z,640,53.28,31.25,10.78,3.12,0.47,0.47,0.16,0.47
2022-09-07T07:20:00Z,641,53.2,31.36,10.76,3.12,0.47,0.47,0.16,0.47
2022-09-07T07:23:00Z,642,53.12,31.46,10.75,3.12,0.47,0.47,0.16,0.47
2022-09-07T07:26:00Z,643,53.03,31.57,10.73,3.11,0.47,0.47,0.16,0.47
2022-09-07T07:29:00Z,644,52.95,31.68,10.71,3.11,0.47,0.47,0.16,0.47
2022-09-07T07:33:00Z,645,52.87,31.78,10.7,3.1,0.47,0.47,0.16,0.47
2022-09-07T07:54:00Z,646,52.94,31.73,10.68,3.1,0.46,0.46,0.15,0.46
2022-09-07T08:13:00Z,647,53.01,31.68,10.66,3.09,0.46,0.46,0.15,0.46
2022-09-07T08:15:00Z,648,53.09,31.64,10.65,3.09,0.46,0.46,0.15,0.46
2022-09-07T08:18:00Z,649,53.16,31.59,10.63,3.08,0.46,0.46,0.15,0.46
2022-09-07T12:06:00Z,650,53.23,31.54,10.62,3.08,0.46,0.46,0.15,0.46
2022-09-07T12:10:00Z,651,53.3,31.49,10.6,3.07,0.46,0.46,0.15,0.46
2022-09-07T12:13:00Z,652,53.37,31.44,10.58,3.07,0.46,0.46,0.15,0.46
2022-09-07T12:16:00Z,653,53.45,31.39,10.57,3.06,0.46,0.46,0.15,0.46
2022-09-15T10:46:00Z,654,53.52,31.35,10.55,3.06,0.46,0.46,0.15,0.46
2022-09-27T05:19:00Z,655,53.59,31.3,10.53,3.05,0.46,0.46,0.15,0.46
2022-09-28T00:25:00Z,656,53.66,31.25,10.52,3.05,0.46,0.46,0.15,0.46
2022-09-28T21:32:00Z,657,53.58,31.35,10.5,3.04,0.46,0.46,0.15,0.46
2022-10-13T02:38:00Z,658,53.5,31.31,10.64,3.04,0.46,0.46,0.15,0.46
2022-11-02T04:45:00Z,659,53.57,31.26,10.62,3.03,0.46,0.46,0.15,0.46
2022-11-16T04:19:00Z,660,53.48,31.36,10.61,3.03,0.45,0.45,0.15,0.45
2022-11-16T05:51:00Z,661,53.4,31.47,10.59,3.03,0.45,0.45,0.15,0.45
2022-11-21T03:56:00Z,662,53.32,31.42,10.73,3.02,0.45,0.45,0.15,0.45
2022-11-21T03:59:00Z,663,53.24,31.37,10.86,3.02,0.45,0.45,0.15,0.45
2022-11-21T04:01:00Z,664,53.16,31.33,10.99,3.01,0.45,0.45,0.15,0.45
2022-11-21T04:04:00Z,665,53.08,31.28,11.13,3.01,0.45,0.45,0.15,0.45
2022-12-01T06:26:00Z,666,53.15,31.23,11.11,3.0,0.45,0.45,0.15,0.45
2022-12-01T06:34:00Z,667,53.07,31.33,11.09,3.0,0.45,0.45,0.15,0.45
2022-12-01T08:36:00Z,668,53.14,31.29,11.08,2.99,0.45,0.45,0.15,0.45
2022-12-01T09:21:00Z,669,53.06,31.39,11.06,2.99,0.45,0.45,0.15,0.45
2022-12-02T00:25:00Z,670,52.99,31.34,11.19,2.99,0.45,0.45,0.15,0.45
2022-12-08T09:03:00Z,671,53.06,31.3,11.18,2.98,0.45,0.45,0.15,0.45
2022-12-10T07:50:00Z,672,52.98,31.4,11.16,2.98,0.45,0.45,0.15,0.45
2022-12-17T21:55:00Z,673,52.9,31.5,11.14,2.97,0.45,0.45,0.15,0.45
2022-12-17T23:06:00Z,674,52.82,31.6,11.13,2.97,0.45,0.45,0.15,0.45
2022-12-17T23:16:00Z,675,52.74,31.56,11.11,3.11,0.44,0.44,0.15,0.44
2022-12-17T23:20:00Z,676,52.66,31.66,11.09,3.11,0.44,0.44,0.15,0.44
2022-12-17T23:25:00Z,677,52.58,31.61,11.08,3.25,0.44,0.44,0.15,0.44
2022-12-17T23:28:00Z,678,52.51,31.71,11.06,3.24,0.44,0.44,0.15,0.44
2022-12-17T23:31:00Z,679,52.43,31.81,11.05,3.24,0.44,0.44,0.15,0.44
2022-12-17T23:36:00Z,680,52.35,31.91,11.03,3.24,0.44,0.44,0.15,0.44
2022-12-17T23:43:00Z,681,52.28,32.01,11.01,3.23,0.44,0.44,0.15,0.44
2022-12-17T23:52:00Z,682,52.2,32.11,11.0,3.23,0.44,0.44,0.15,0.44
2022-12-17T23:57:00Z,683,52.12,32.06,11.13,3.22,0.44,0.44,0.15,0.44
2022-12-18T00:04:00Z,684,52.05,32.16,11.11,3.22,0.44,0.44,0.15,0.44
2022-12-18T00:10:00Z,685,51.97,32.26,11.09,3.21,0.44,0.44,0.15,0.44
2022-12-18T00:26:00Z,686,51.9,32.22,11.08,3.21,0.44,0.44,0.15,0.58
2022-12-18T00:38:00Z,687,51.82,32.31,11.06,3.2,0.44,0.44,0.15,0.58
2022-12-18T00:43:00Z,688,51.74,32.41,11.05,3.2,0.44,0.44,0.15,0.58
2022-12-18T00:47:00Z,689,51.67,32.51,11.03,3.19,0.44,0.44,0.15,0.58
2022-12-18T00:54:00Z,690,51.59,32.61,11.01,3.19,0.43,0.43,0.14,0.58
2022-12-18T01:31:00Z,691,51.52,32.56,11.0,3.33,0.43,0.43,0.14,0.58
2022-12-18T01:39:00Z,692,51.45,32.51,11.13,3.32,0.43,0.43,0.14,0.58
2022-12-18T01:43:00Z,693,51.37,32.47,11.11,3.46,0.43,0.43,0.14,0.58
2022-12-18T01:52:00Z,694,51.3,32.42,11.24,3.46,0.43,0.43,0.14,0.58
2022-12-18T01:57:00Z,695,51.22,32.52,11.22,3.45,0.43,0.43,0.14,0.58
2022-12-18T02:02:00Z,696,51.29,32.47,11.21,3.45,0.43,0.43,0.14,0.57
2022-12-18T02:06:00Z,697,51.36,32.42,11.19,3.44,0.43,0.43,0.14,0.57
2022-12-18T02:10:00Z,698,51.43,32.38,11.17,3.44,0.43,0.43,0.14,0.57
2022-12-18T02:13:00Z,699,51.36,32.47,11.16,3.43,0.43,0.43,0.14,0.57
2022-12-18T02:16:00Z,700,51.43,32.43,11.14,3.43,0.43,0.43,0.14,0.57
2022-12-18T02:20:00Z,701,51.5,32.38,11.13,3.42,0.43,0.43,0.14,0.57
2022-12-18T02:27:00Z,702,51.57,32.34,11.11,3.42,0.43,0.43,0.14,0.57
2022-12-18T02:31:00Z,703,51.64,32.29,11.1,3.41,0.43,0.43,0.14,0.57
2022-12-18T02:35:00Z,704,51.7,32.24,11.08,3.41,0.43,0.43,0.14,0.57
2022-12-18T02:42:00Z,705,51.63,32.2,11.21,3.4,0.43,0.43,0.14,0.57
2022-12-18T02:55:00Z,706,51.56,32.29,11.19,3.4,0.42,0.42,0.14,0.57
2022-12-19T04:17:00Z,707,51.49,32.25,11.32,3.39,0.42,0.42,0.14,0.57
2022-12-19T04:18:00Z,708,51.41,32.2,11.44,3.39,0.42,0.42,0.14,0.56
2022-12-19T04:19:00Z,709,51.34,32.16,11.57,3.39,0.42,0.42,0.14,0.56
2022-12-19T22:27:00Z,710,51.27,32.25,11.55,3.38,0.42,0.42,0.14,0.56
2022-12-19T22:31:00Z,711,51.34,32.21,11.53,3.38,0.42,0.42,0.14,0.56
2022-12-19T22:37:00Z,712,51.26,32.3,11.52,3.37,0.42,0.42,0.14,0.56
2022-12-21T01:53:00Z,713,51.19,32.26,11.64,3.37,0.42,0.42,0.14,0.56
2022-12-21T06:03:00Z,714,51.12,32.35,11.62,3.36,0.42,0.42,0.14,0.56
2022-12-21T06:20:00Z,715,51.19,32.31,11.61,3.36,0.42,0.42,0.14,0.56
2022-12-21T06:39:00Z,716,51.12,32.26,11.73,3.35,0.42,0.42,0.14,0.56
2022-12-21T06:48:00Z,717,51.05,32.36,11.72,3.35,0.42,0.42,0.14,0.56
2022-12-21T06:54:00Z,718,50.97,32.45,11.7,3.34,0.42,0.42,0.14,0.56
2022-12-21T06:57:00Z,719,50.9,32.41,11.68,3.48,0.42,0.42,0.14,0.56
2022-12-21T07:04:00Z,720,50.83,32.5,11.67,3.47,0.42,0.42,0.14,0.56
2022-12-21T07:07:00Z,721,50.76,32.59,11.65,3.47,0.42,0.42,0.14,0.55
2022-12-21T07:09:00Z,722,50.69,32.69,11.63,3.46,0.42,0.42,0.14,0.55
2022-12-22T06:06:00Z,723,50.62,32.78,11.62,3.46,0.41,0.41,0.14,0.55
2022-12-22T22:01:00Z,724,50.55,32.87,11.6,3.45,0.41,0.41,0.14,0.55
2022-12-22T22:04:00Z,725,50.48,32.97,11.59,3.45,0.41,0.41,0.14,0.55
2022-12-22T22:09:00Z,726,50.41,33.06,11.57,3.44,0.41,0.41,0.14,0.55
2022-12-22T22:12:00Z,727,50.34,33.15,11.55,3.44,0.41,0.41,0.14,0.55
2022-12-22T22:17:00Z,728,50.27,33.24,11.54,3.43,0.41,0.41,0.14,0.55
2022-12-22T22:21:00Z,729,50.21,33.33,11.52,3.43,0.41,0.41,0.14,0.55
2022-12-22T22:28:00Z,730,50.14,33.42,11.51,3.42,0.41,0.41,0.14,0.55
2022-12-22T22:39:00Z,731,50.07,33.52,11.49,3.42,0.41,0.41,0.14,0.55
2022-12-22T22:55:00Z,732,50.0,33.47,11.48,3.55,0.41,0.41,0.14,0.55
2022-12-22T23:05:00Z,733,49.93,33.56,11.46,3.55,0.41,0.41,0.14,0.55
2022-12-22T23:11:00Z,734,49.86,33.65,11.44,3.54,0.41,0.41,0.14,0.54
2022-12-22T23:15:00Z,735,49.8,33.74,11.43,3.54,0.41,0.41,0.14,0.54
2022-12-22T23:23:00Z,736,49.73,33.7,11.41,3.67,0.41,0.41,0.14,0.54
2022-12-22T23:26:00Z,737,49.66,33.79,11.4,3.66,0.41,0.41,0.14,0.54
2022-12-22T23:46:00Z,738,49.59,33.88,11.38,3.66,0.41,0.41,0.14,0.54
2022-12-23T01:32:00Z,739,49.66,33.83,11.37,3.65,0.41,0.41,0.14,0.54
2022-12-23T01:42:00Z,740,49.73,33.78,11.35,3.65,0.41,0.41,0.14,0.54
2022-12-23T20:28:00Z,741,49.66,33.74,11.34,3.78,0.4,0.4,0.13,0.54
2022-12-23T20:32:00Z,742,49.6,33.69,11.32,3.91,0.4,0.4,0.13,0.54
2022-12-23T20:39:00Z,743,49.53,33.65,11.31,4.04,0.4,0.4,0.13,0.54
2022-12-23T20:42:00Z,744,49.46,33.74,11.29,4.03,0.4,0.4,0.13,0.54
2022-12-23T20:52:00Z,745,49.4,33.83,11.28,4.03,0.4,0.4,0.13,0.54
2022-12-23T21:05:00Z,746,49.46,33.78,11.26,4.02,0.4,0.4,0.13,0.54
2022-12-23T21:20:00Z,747,49.4,33.87,11.24,4.02,0.4,0.4,0.13,0.54
2022-12-23T21:23:00Z,748,49.33,33.96,11.23,4.01,0.4,0.4,0.13,0.53
2022-12-24T01:20:00Z,749,49.4,33.91,11.21,4.01,0.4,0.4,0.13,0.53
2022-12-24T21:04:00Z,750,49.33,34.0,11.2,4.0,0.4,0.4,0.13,0.53
2022-12-24T21:13:00Z,751,49.27,33.95,11.19,4.13,0.4,0.4,0.13,0.53
2022-12-29T09:23:00Z,752,49.2,34.04,11.17,4.12,0.4,0.4,0.13,0.53
2023-01-22T03:35:00Z,753,49.27,34.0,11.16,4.12,0.4,0.4,0.13,0.53
2023-02-03T23:23:00Z,754,49.2,33.95,11.27,4.11,0.4,0.4,0.13,0.53
2023-02-04T03:39:00Z,755,49.27,33.91,11.26,4.11,0.4,0.4,0.13,0.53
2023-02-05T01:00:00Z,756,49.34,33.86,11.24,4.1,0.4,0.4,0.13,0.53
2023-02-08T15:46:00Z,757,49.41,33.82,11.23,4.1,0.4,0.4,0.13,0.53
2023-02-14T01:48:00Z,758,49.47,33.77,11.21,4.09,0.4,0.4,0.13,0.53
2023-02-18T08:33:00Z,759,49.41,33.86,11.2,4.08,0.4,0.4,0.13,0.53
2023-02-20T16:07:00Z,760,49.34,33.95,11.18,4.08,0.39,0.39,0.13,0.53
2023-02-20T16:14:00Z,761,49.41,33.9,11.17,4.07,0.39,0.39,0.13,0.53
2023-02-20T16:38:00Z,762,49.34,33.99,11.15,4.07,0.39,0.39,0.13,0.52
2023-02-20T17:04:00Z,763,49.28,34.08,11.14,4.06,0.39,0.39,0.13,0.52
2023-02-20T17:20:00Z,764,49.21,34.03,11.13,4.19,0.39,0.39,0.13,0.52
2023-03-01T23:46:00Z,765,49.15,33.99,11.11,4.31,0.39,0.39,0.13,0.52
2023-03-01T23:49:00Z,766,49.09,34.07,11.1,4.31,0.39,0.39,0.13,0.52
2023-03-01T23:52:00Z,767,49.02,34.16,11.08,4.3,0.39,0.39,0.13,0.52
2023-03-05T04:56:00Z,768,48.96,34.24,11.07,4.3,0.39,0.39,0.13,0.52
2023-03-18T14:30:00Z,769,48.89,34.33,11.05,4.29,0.39,0.39,0.13,0.52
2023-03-22T23:26:00Z,770,48.83,34.42,11.04,4.29,0.39,0.39,0.13,0.52
2023-03-23T02:53:00Z,771,48.77,34.5,11.02,4.28,0.39,0.39,0.13,0.52
2023-04-05T20:30:00Z,772,48.7,34.59,11.01,4.27,0.39,0.39,0.13,0.52
2023-04-08T05:30:00Z,773,48.77,34.54,11.0,4.27,0.39,0.39,0.13,0.52
2023-04-08T05:37:00Z,774,48.71,34.63,10.98,4.26,0.39,0.39,0.13,0.52
2023-04-08T05:43:00Z,775,48.65,34.58,10.97,4.39,0.39,0.39,0.13,0.52
2023-04-10T12:04:00Z,776,48.58,34.66,10.95,4.38,0.39,0.39,0.13,0.52
2023-04-12T01:24:00Z,777,48.65,34.62,10.94,4.38,0.39,0.39,0.13,0.51
2023-04-14T01:06:00Z,778,48.59,34.7,10.93,4.37,0.39,0.39,0.13,0.51
2023-04-18T04:06:00Z,779,48.65,34.66,10.91,4.36,0.39,0.39,0.13,0.51
2023-04-18T08:08:00Z,780,48.72,34.62,10.9,4.36,0.38,0.38,0.13,0.51
2023-04-22T23:12:00Z,781,48.66,34.7,10.88,4.35,0.38,0.38,0.13,0.51
2023-04-24T08:39:00Z,782,48.72,34.65,10.87,4.35,0.38,0.38,0.13,0.51
2023-04-26T10:34:00Z,783,48.79,34.61,10.86,4.34,0.38,0.38,0.13,0.51
2023-04-29T20:43:00Z,784,48.72,34.69,10.84,4.34,0.38,0.38,0.13,0.51
2023-05-05T23:35:00Z,785,48.66,34.78,10.83,4.33,0.38,0.38,0.13,0.51
2023-05-09T08:45:00Z,786,48.6,34.73,10.81,4.45,0.38,0.38,0.13,0.51
2023-05-16T23:59:00Z,787,48.67,34.69,10.8,4.45,0.38,0.38,0.13,0.51
2023-05-26T13:09:00Z,788,48.6,34.77,10.79,4.44,0.38,0.38,0.13,0.51
2023-05-30T11:51:00Z,789,48.54,34.85,10.77,4.44,0.38,0.38,0.13,0.51
2023-06-01T08:07:00Z,790,48.48,34.81,10.76,4.56,0.38,0.38,0.13,0.51
2023-06-04T14:58:00Z,791,48.42,34.89,10.75,4.55,0.38,0.38,0.13,0.51
2023-06-05T10:18:00Z,792,48.36,34.97,10.73,4.55,0.38,0.38,0.13,0.51
2023-06-05T10:52:00Z,793,48.3,35.06,10.72,4.54,0.38,0.38,0.13,0.5
2023-06-05T11:00:00Z,794,48.36,35.01,10.71,4.53,0.38,0.38,0.13,0.5
2023-06-06T11:16:00Z,795,48.43,34.97,10.69,4.53,0.38,0.38,0.13,0.5
2023-06-06T11:34:00Z,796,48.37,34.92,10.68,4.65,0.38,0.38,0.13,0.5
2023-06-07T14:13:00Z,797,48.31,35.01,10.66,4.64,0.38,0.38,0.13,0.5
2023-06-08T12:43:00Z,798,48.37,34.96,10.65,4.64,0.38,0.38,0.13,0.5
2023-06-14T11:33:00Z,799,48.31,35.04,10.64,4.63,0.38,0.38,0.13,0.5
2023-06-18T08:34:00Z,800,48.38,35.0,10.62,4.62,0.38,0.38,0.12,0.5
2023-06-21T07:01:00Z,801,48.31,35.08,10.61,4.62,0.37,0.37,0.12,0.5
2023-06-21T07:32:00Z,802,48.25,35.16,10.6,4.61,0.37,0.37,0.12,0.5
2023-06-26T03:16:00Z,803,48.19,35.24,10.59,4.61,0.37,0.37,0.12,0.5
2023-06-26T10:52:00Z,804,48.26,35.2,10.57,4.6,0.37,0.37,0.12,0.5
2023-06-27T05:48:00Z,805,48.2,35.16,10.68,4.6,0.37,0.37,0.12,0.5
2023-06-27T22:27:00Z,806,48.26,35.11,10.67,4.59,0.37,0.37,0.12,0.5
2023-06-29T06:26:00Z,807,48.2,35.19,10.66,4.58,0.37,0.37,0.12,0.5
2023-06-30T17:31:00Z,808,48.27,35.15,10.64,4.58,0.37,0.37,0.12,0.5
2023-07-05T12:19:00Z,809,48.21,35.23,10.63,4.57,0.37,0.37,0.12,0.49
2023-07-06T13:42:00Z,810,48.15,35.31,10.62,4.57,0.37,0.37,0.12,0.49
2023-07-06T13:53:00Z,811,48.09,35.39,10.6,4.56,0.37,0.37,0.12,0.49
2023-07-06T13:56:00Z,812,48.03,35.47,10.59,4.56,0.37,0.37,0.12,0.49
2023-07-06T13:59:00Z,813,47.97,35.55,10.58,4.55,0.37,0.37,0.12,0.49
2023-07-06T23:14:00Z,814,47.91,35.63,10.57,4.55,0.37,0.37,0.12,0.49
2023-07-06T23:21:00Z,815,47.85,35.71,10.55,4.54,0.37,0.37,0.12,0.49
2023-07-06T23:26:00Z,816,47.79,35.78,10.54,4.53,0.37,0.37,0.12,0.49
2023-07-07T06:57:00Z,817,47.74,35.86,10.53,4.53,0.37,0.37,0.12,0.49
2023-07-07T07:01:00Z,818,47.8,35.82,10.51,4.52,0.37,0.37,0.12,0.49
2023-07-07T07:06:00Z,819,47.74,35.9,10.5,4.52,0.37,0.37,0.12,0.49
2023-07-07T07:11:00Z,820,47.68,35.98,10.49,4.51,0.37,0.37,0.12,0.49
2023-07-07T12:03:00Z,821,47.75,35.93,10.48,4.51,0.37,0.37,0.12,0.49
2023-07-07T13:00:00Z,822,47.69,36.01,10.46,4.5,0.36,0.36,0.12,0.49
2023-07-07T13:07:00Z,823,47.63,35.97,10.57,4.5,0.36,0.36,0.12,0.49
2023-07-08T09:48:00Z,824,47.57,35.92,10.56,4.61,0.36,0.36,0.12,0.49
2023-07-08T10:07:00Z,825,47.52,35.88,10.55,4.73,0.36,0.36,0.12,0.48
2023-07-08T10:32:00Z,826,47.46,35.96,10.53,4.72,0.36,0.36,0.12,0.48
2023-07-08T10:40:00Z,827,47.4,36.03,10.52,4.72,0.36,0.36,0.12,0.48
2023-07-08T10:45:00Z,828,47.34,35.99,10.51,4.83,0.36,0.36,0.12,0.48
2023-07-08T10:47:00Z,829,47.29,36.07,10.49,4.83,0.36,0.36,0.12,0.48
2023-07-08T10:49:00Z,830,47.23,36.14,10.48,4.82,0.36,0.36,0.12,0.48
2023-07-08T10:53:00Z,831,47.17,36.22,10.47,4.81,0.36,0.36,0.12,0.48
2023-07-08T10:56:00Z,832,47.12,36.3,10.46,4.81,0.36,0.36,0.12,0.48
2023-07-08T11:12:00Z,833,47.06,36.37,10.44,4.8,0.36,0.36,0.12,0.48
2023-07-08T11:14:00Z,834,47.0,36.45,10.43,4.8,0.36,0.36,0.12,0.48
2023-07-08T12:41:00Z,835,46.95,36.53,10.42,4.79,0.36,0.36,0.12,0.48
2023-07-08T15:04:00Z,836,46.89,36.6,10.41,4.78,0.36,0.36,0.12,0.48
2023-07-08T15:07:00Z,837,46.83,36.68,10.39,4.78,0.36,0.36,0.12,0.48
2023-07-08T15:10:00Z,838,46.78,36.75,10.38,4.77,0.36,0.36,0.12,0.48
2023-07-08T15:13:00Z,839,46.72,36.83,10.37,4.77,0.36,0.36,0.12,0.48
2023-07-08T15:15:00Z,840,46.67,36.9,10.36,4.76,0.36,0.36,0.12,0.48
2023-07-08T15:17:00Z,841,46.61,36.98,10.34,4.76,0.36,0.36,0.12,0.48
2023-07-12T14:18:00Z,842,46.56,37.05,10.33,4.75,0.36,0.36,0.12,0.48
2023-07-12T21:47:00Z,843,46.5,37.01,10.32,4.86,0.36,0.36,0.12,0.47
2023-07-12T21:55:00Z,844,46.45,36.97,10.31,4.98,0.36,0.36,0.12,0.47
2023-07-12T22:33:00Z,845,46.39,37.04,10.3,4.97,0.36,0.36,0.12,0.47
2023-07-12T23:06:00Z,846,46.34,37.0,10.4,4.96,0.35,0.35,0.12,0.47
2023-07-12T23:09:00Z,847,46.28,37.07,10.39,4.96,0.35,0.35,0.12,0.47
2023-07-12T23:13:00Z,848,46.23,37.15,10.38,4.95,0.35,0.35,0.12,0.47
2023-07-13T07:30:00Z,849,46.17,37.22,10.37,4.95,0.35,0.35,0.12,0.47
2023-07-13T07:35:00Z,850,46.12,37.29,10.35,4.94,0.35,0.35,0.12,0.47
2023-07-13T07:39:00Z,851,46.06,37.37,10.34,4.94,0.35,0.35,0.12,0.47
2023-07-13T07:43:00Z,852,46.13,37.32,10.33,4.93,0.35,0.35,0.12,0.47
2023-07-13T07:50:00Z,853,46.07,37.4,10.32,4.92,0.35,0.35,0.12,0.47
2023-07-13T07:59:00Z,854,46.14,37.35,10.3,4.92,0.35,0.35,0.12,0.47
2023-07-13T11:30:00Z,855,46.2,37.31,10.29,4.91,0.35,0.35,0.12,0.47
2023-07-14T05:53:00Z,856,46.14,37.38,10.28,4.91,0.35,0.35,0.12,0.47
2023-07-14T05:55:00Z,857,46.21,37.34,10.27,4.9,0.35,0.35,0.12,0.47
2023-07-14T05:57:00Z,858,46.27,37.3,10.26,4.9,0.35,0.35,0.12,0.47
2023-07-14T05:59:00Z,859,46.22,37.37,10.24,4.89,0.35,0.35,0.12,0.47
2023-07-14T06:03:00Z,860,46.28,37.33,10.23,4.88,0.35,0.35,0.12,0.47
2023-07-14T06:05:00Z,861,46.34,37.28,10.22,4.88,0.35,0.35,0.12,0.46
2023-07-14T06:08:00Z,862,46.29,37.24,10.32,4.87,0.35,0.35,0.12,0.46
2023-07-14T07:25:00Z,863,46.23,37.31,10.31,4.87,0.35,0.35,0.12,0.46
2023-07-14T07:26:00Z,864,46.3,37.27,10.3,4.86,0.35,0.35,0.12,0.46
2023-07-14T07:37:00Z,865,46.24,37.34,10.29,4.86,0.35,0.35,0.12,0.46
2023-07-14T13:41:00Z,866,46.19,37.41,10.28,4.85,0.35,0.35,0.12,0.46
2023-07-14T13:46:00Z,867,46.14,37.37,10.27,4.84,0.35,0.35,0.12,0.58
2023-07-14T13:49:00Z,868,46.08,37.44,10.25,4.84,0.35,0.35,0.12,0.58
2023-07-14T13:52:00Z,869,46.03,37.4,10.36,4.83,0.35,0.35,0.12,0.58
2023-07-14T13:54:00Z,870,46.09,37.36,10.34,4.83,0.34,0.34,0.11,0.57
2023-07-14T13:57:00Z,871,46.04,37.43,10.33,4.82,0.34,0.34,0.11,0.57
2023-07-14T13:59:00Z,872,45.99,37.5,10.32,4.82,0.34,0.34,0.11,0.57
2023-07-14T14:12:00Z,873,45.93,37.46,10.31,4.81,0.34,0.46,0.11,0.57
2023-07-14T14:14:00Z,874,46.0,37.41,10.3,4.81,0.34,0.46,0.11,0.57
2023-07-14T14:16:00Z,875,46.06,37.37,10.29,4.8,0.34,0.46,0.11,0.57
2023-07-14T14:20:00Z,876,46.0,37.33,10.27,4.91,0.34,0.46,0.11,0.57
2023-07-14T14:24:00Z,877,45.95,37.29,10.38,4.9,0.34,0.46,0.11,0.57
2023-07-14T14:26:00Z,878,45.9,37.24,10.36,5.01,0.34,0.46,0.11,0.57
2023-07-14T14:34:00Z,879,45.85,37.2,10.47,5.01,0.34,0.46,0.11,0.57
2023-07-15T02:19:00Z,880,45.8,37.27,10.45,5.0,0.34,0.45,0.11,0.57
2023-07-15T06:22:00Z,881,45.74,37.34,10.44,4.99,0.34,0.45,0.11,0.57
2023-07-15T06:46:00Z,882,45.8,37.3,10.43,4.99,0.34,0.45,0.11,0.57
2023-07-15T06:49:00Z,883,45.75,37.26,10.53,4.98,0.34,0.45,0.11,0.57
2023-07-15T06:53:00Z,884,45.81,37.22,10.52,4.98,0.34,0.45,0.11,0.57
2023-07-15T06:54:00Z,885,45.88,37.18,10.51,4.97,0.34,0.45,0.11,0.56
2023-07-15T06:56:00Z,886,45.94,37.13,10.5,4.97,0.34,0.45,0.11,0.56
2023-07-15T06:59:00Z,887,45.89,37.09,10.6,4.96,0.34,0.45,0.11,0.56
2023-07-15T07:03:00Z,888,45.83,37.05,10.7,4.95,0.34,0.45,0.11,0.56
2023-07-15T07:05:00Z,889,45.78,37.12,10.69,4.95,0.34,0.45,0.11,0.56
2023-07-15T07:12:00Z,890,45.73,37.08,10.79,4.94,0.34,0.45,0.11,0.56
2023-07-15T07:15:00Z,891,45.68,37.04,10.89,4.94,0.34,0.45,0.11,0.56
2023-07-15T07:25:00Z,892,45.63,37.0,10.99,4.93,0.34,0.45,0.11,0.56
2023-07-15T07:29:00Z,893,45.58,37.07,10.97,4.93,0.34,0.45,0.11,0.56
2023-07-15T07:35:00Z,894,45.53,37.14,10.96,4.92,0.34,0.45,0.11,0.56
2023-07-15T07:52:00Z,895,45.47,37.21,10.95,4.92,0.34,0.45,0.11,0.56
2023-07-15T07:56:00Z,896,45.42,37.17,10.94,4.91,0.33,0.56,0.11,0.56
2023-07-15T07:59:00Z,897,45.48,37.12,10.93,4.91,0.33,0.56,0.11,0.56
2023-07-15T08:58:00Z,898,45.43,37.08,11.02,4.9,0.33,0.56,0.11,0.56
2023-07-15T09:01:00Z,899,45.49,37.04,11.01,4.89,0.33,0.56,0.11,0.56
2023-07-15T09:04:00Z,900,45.56,37.0,11.0,4.89,0.33,0.56,0.11,0.56
2023-07-15T09:08:00Z,901,45.5,36.96,10.99,4.88,0.33,0.55,0.11,0.67
2023-07-15T09:11:00Z,902,45.57,36.92,10.98,4.88,0.33,0.55,0.11,0.67
2023-07-15T09:21:00Z,903,45.63,36.88,10.96,4.87,0.33,0.55,0.11,0.66
2023-07-15T09:24:00Z,904,45.69,36.84,10.95,4.87,0.33,0.55,0.11,0.66
2023-07-15T11:52:00Z,905,45.64,36.8,10.94,4.97,0.33,0.55,0.11,0.66
2023-07-15T11:57:00Z,906,45.58,36.75,10.93,5.08,0.33,0.55,0.11,0.66
2023-07-15T12:00:00Z,907,45.53,36.82,10.92,5.07,0.33,0.55,0.11,0.66
2023-07-15T12:06:00Z,908,45.48,36.78,10.9,5.18,0.33,0.55,0.11,0.66
2023-07-15T12:09:00Z,909,45.43,36.74,10.89,5.28,0.33,0.55,0.11,0.66
2023-07-15T12:12:00Z,910,45.38,36.7,10.88,5.38,0.33,0.55,0.11,0.66
2023-07-15T12:14:00Z,911,45.33,36.66,10.87,5.49,0.33,0.55,0.11,0.66
2023-07-15T12:17:00Z,912,45.29,36.62,10.86,5.59,0.33,0.55,0.11,0.66
2023-07-15T12:20:00Z,913,45.24,36.58,10.84,5.7,0.33,0.55,0.11,0.66
2023-07-15T12:24:00Z,914,45.19,36.54,10.83,5.8,0.33,0.55,0.11,0.66
2023-07-15T12:27:00Z,915,45.14,36.61,10.82,5.79,0.33,0.55,0.11,0.66
2023-07-15T13:24:00Z,916,45.09,36.57,10.81,5.9,0.33,0.55,0.11,0.66
2023-07-15T13:31:00Z,917,45.04,36.64,10.8,5.89,0.33,0.55,0.11,0.65
2023-07-15T13:39:00Z,918,44.99,36.6,10.78,5.99,0.33,0.54,0.11,0.65
2023-07-15T13:50:00Z,919,44.94,36.56,10.77,6.09,0.33,0.54,0.11,0.65
2023-07-15T13:52:00Z,920,44.89,36.52,10.76,6.2,0.33,0.54,0.11,0.65
2023-07-15T13:57:00Z,921,44.84,36.48,10.75,6.3,0.33,0.54,0.11,0.65
2023-07-15T13:59:00Z,922,44.79,36.55,10.74,6.29,0.33,0.54,0.11,0.65
2023-07-16T05:17:00Z,923,44.85,36.51,10.73,6.28,0.33,0.54,0.11,0.65
2023-07-16T06:18:00Z,924,44.91,36.47,10.71,6.28,0.32,0.54,0.11,0.65
2023-07-16T06:32:00Z,925,44.97,36.43,10.7,6.27,0.32,0.54,0.11,0.65
2023-07-16T12:33:00Z,926,44.92,36.39,10.69,6.37,0.32,0.54,0.11,0.65
2023-07-16T12:38:00Z,927,44.88,36.35,10.68,6.47,0.32,0.54,0.11,0.65
2023-07-16T12:41:00Z,928,44.83,36.31,10.67,6.57,0.32,0.54,0.11,0.65
2023-07-16T12:44:00Z,929,44.78,36.28,10.66,6.67,0.32,0.54,0.11,0.65
2023-07-16T12:49:00Z,930,44.73,36.24,10.65,6.77,0.32,0.54,0.11,0.65
2023-07-16T12:52:00Z,931,44.68,36.2,10.63,6.87,0.32,0.54,0.11,0.64
2023-07-16T12:54:00Z,932,44.64,36.16,10.62,6.97,0.32,0.54,0.11,0.64
2023-07-16T21:55:00Z,933,44.59,36.12,10.61,7.07,0.32,0.54,0.11,0.64
2023-07-16T21:58:00Z,934,44.54,36.08,10.6,7.17,0.32,0.54,0.11,0.64
2023-07-16T22:00:00Z,935,44.49,36.04,10.59,7.27,0.32,0.53,0.11,0.64
2023-07-16T22:02:00Z,936,44.44,36.0,10.58,7.37,0.32,0.53,0.11,0.64
2023-07-16T22:04:00Z,937,44.4,35.97,10.57,7.47,0.32,0.53,0.11,0.64
2023-07-16T22:06:00Z,938,44.35,36.03,10.55,7.46,0.32,0.53,0.11,0.64
2023-07-16T23:05:00Z,939,44.3,36.1,10.54,7.45,0.32,0.53,0.11,0.64
2023-07-16T23:09:00Z,940,44.26,36.06,10.53,7.55,0.32,0.53,0.11,0.64
2023-07-17T00:33:00Z,941,44.31,36.03,10.52,7.55,0.32,0.53,0.11,0.64
2023-07-17T06:46:00Z,942,44.27,35.99,10.51,7.64,0.32,0.53,0.11,0.64
2023-07-17T06:52:00Z,943,44.22,35.95,10.5,7.74,0.32,0.53,0.11,0.64
2023-07-17T06:54:00Z,944,44.17,35.91,10.49,7.84,0.32,0.53,0.11,0.64
2023-07-17T11:22:00Z,945,44.13,35.98,10.48,7.83,0.32,0.53,0.11,0.63
2023-07-17T12:19:00Z,946,44.19,35.94,10.47,7.82,0.32,0.53,0.11,0.63
2023-07-17T12:37:00Z,947,44.14,35.9,10.56,7.81,0.32,0.53,0.11,0.63
2023-07-17T12:39:00Z,948,44.09,35.97,10.55,7.81,0.32,0.53,0.11,0.63
2023-07-17T12:45:00Z,949,44.05,36.04,10.54,7.8,0.32,0.53,0.11,0.63
2023-07-17T12:51:00Z,950,44.0,36.0,10.63,7.79,0.32,0.53,0.11,0.63
2023-07-17T13:39:00Z,951,43.95,35.96,10.73,7.78,0.32,0.53,0.11,0.63
2023-07-19T13:03:00Z,952,44.01,35.92,10.71,7.77,0.32,0.53,0.11,0.63
2023-07-21T01:49:00Z,953,44.07,35.89,10.7,7.76,0.31,0.52,0.1,0.63
2023-07-25T10:37:00Z,954,44.03,35.95,10.69,7.76,0.31,0.52,0.1,0.63
2023-07-28T08:17:00Z,955,43.98,36.02,10.68,7.75,0.31,0.52,0.1,0.63
2023-07-28T08:24:00Z,956,43.93,36.09,10.67,7.74,0.31,0.52,0.1,0.63
2023-07-28T17:47:00Z,957,43.99,36.05,10.66,7.73,0.31,0.52,0.1,0.63
2023-07-29T09:44:00Z,958,43.95,36.12,10.65,7.72,0.31,0.52,0.1,0.63
2023-07-29T09:51:00Z,959,43.9,36.18,10.64,7.72,0.31,0.52,0.1,0.63
2023-07-29T09:57:00Z,960,43.96,36.15,10.62,7.71,0.31,0.52,0.1,0.62
2023-07-29T09:59:00Z,961,43.91,36.21,10.61,7.7,0.31,0.52,0.1,0.62
2023-07-29T10:02:00Z,962,43.87,36.28,10.6,7.69,0.31,0.52,0.1,0.62
2023-07-29T10:05:00Z,963,43.82,36.34,10.59,7.68,0.31,0.52,0.1,0.62
2023-07-29T10:08:00Z,964,43.78,36.41,10.58,7.68,0.31,0.52,0.1,0.62
2023-07-29T10:13:00Z,965,43.73,36.48,10.57,7.67,0.31,0.52,0.1,0.62
2023-07-29T10:22:00Z,966,43.69,36.44,10.66,7.66,0.31,0.52,0.1,0.62
2023-07-30T04:18:00Z,967,43.64,36.5,10.65,7.65,0.31,0.52,0.1,0.62
2023-07-30T05:33:00Z,968,43.6,36.57,10.64,7.64,0.31,0.52,0.1,0.62
2023-08-04T06:02:00Z,969,43.65,36.53,10.63,7.64,0.31,0.52,0.1,0.62
2023-08-04T22:53:00Z,970,43.61,36.6,10.62,7.63,0.31,0.52,0.1,0.62
2023-08-06T04:49:00Z,971,43.67,36.56,10.61,7.62,0.31,0.51,0.1,0.62
2023-08-08T00:02:00Z,972,43.62,36.52,10.7,7.61,0.31,0.51,0.1,0.62
2023-08-08T00:03:00Z,973,43.58,36.59,10.69,7.61,0.31,0.51,0.1,0.62
2023-08-09T11:24:00Z,974,43.63,36.55,10.68,7.6,0.31,0.51,0.1,0.62
2023-08-09T11:32:00Z,975,43.69,36.51,10.67,7.59,0.31,0.51,0.1,0.62
2023-08-09T11:35:00Z,976,43.75,36.48,10.66,7.58,0.31,0.51,0.1,0.61
2023-08-09T12:02:00Z,977,43.81,36.44,10.64,7.57,0.31,0.51,0.1,0.61
2023-08-09T12:08:00Z,978,43.76,36.5,10.63,7.57,0.31,0.51,0.1,0.61
2023-08-09T12:12:00Z,979,43.82,36.47,10.62,7.56,0.31,0.51,0.1,0.61
2023-08-09T12:14:00Z,980,43.88,36.43,10.61,7.55,0.31,0.51,0.1,0.61
2023-08-09T12:27:00Z,981,43.83,36.39,10.7,7.54,0.31,0.51,0.1,0.61
2023-08-09T12:33:00Z,982,43.79,36.46,10.69,7.54,0.31,0.51,0.1,0.61
2023-08-09T12:40:00Z,983,43.74,36.52,10.68,7.53,0.31,0.51,0.1,0.61
2023-08-09T12:45:00Z,984,43.7,36.59,10.67,7.52,0.3,0.51,0.1,0.61
2023-08-09T12:50:00Z,985,43.65,36.65,10.66,7.51,0.3,0.51,0.1,0.61
2023-08-09T12:52:00Z,986,43.71,36.61,10.65,7.51,0.3,0.51,0.1,0.61
2023-08-12T07:52:00Z,987,43.67,36.68,10.64,7.5,0.3,0.51,0.1,0.61
2023-08-13T07:47:00Z,988,43.62,36.74,10.63,7.49,0.3,0.51,0.1,0.61
2023-08-16T11:02:00Z,989,43.58,36.8,10.62,7.48,0.3,0.51,0.1,0.61
2023-08-16T11:04:00Z,990,43.64,36.77,10.61,7.47,0.3,0.51,0.1,0.61
2023-08-23T00:56:00Z,991,43.59,36.73,10.7,7.47,0.3,0.5,0.1,0.61
2023-08-23T12:16:00Z,992,43.65,36.69,10.69,7.46,0.3,0.5,0.1,0.6
2023-08-23T12:20:00Z,993,43.71,36.66,10.67,7.45,0.3,0.5,0.1,0.6
2023-08-23T12:21:00Z,994,43.76,36.62,10.66,7.44,0.3,0.5,0.1,0.6
2023-08-23T12:22:00Z,995,43.82,36.58,10.65,7.44,0.3,0.5,0.1,0.6
2023-08-23T23:37:00Z,996,43.88,36.55,10.64,7.43,0.3,0.5,0.1,0.6
2023-08-23T23:50:00Z,997,43.93,36.51,10.63,7.42,0.3,0.5,0.1,0.6
2023-08-23T23:59:00Z,998,43.99,36.47,10.62,7.41,0.3,0.5,0.1,0.6
2023-08-25T10:56:00Z,999,44.04,36.44,10.61,7.41,0.3,0.5,0.1,0.6
2023-08-25T11:02:00Z,1000,44.1,36.4,10.6,7.4,0.3,0.5,0.1,0.6
2023-08-27T13:25:00Z,1001,44.06,36.46,10.59,7.39,0.3,0.5,0.1,0.6
2023-08-29T23:58:00Z,1002,44.01,36.53,10.58,7.39,0.3,0.5,0.1,0.6
2023-08-31T11:09:00Z,1003,43.97,36.59,10.57,7.38,0.3,0.5,0.1,0.6
2023-08-31T11:13:00Z,1004,43.92,36.65,10.56,7.37,0.3,0.5,0.1,0.6
2023-08-31T12:04:00Z,1005,43.98,36.62,10.55,7.36,0.3,0.5,0.1,0.6
2023-08-31T12:09:00Z,1006,44.04,36.58,10.54,7.36,0.3,0.5,0.1,0.6
2023-08-31T12:10:00Z,1007,44.09,36.54,10.53,7.35,0.3,0.5,0.1,0.6
2023-08-31T12:12:00Z,1008,44.15,36.51,10.52,7.34,0.3,0.5,0.1,0.6
2023-09-01T07:29:00Z,1009,44.1,36.57,10.51,7.33,0.3,0.5,0.1,0.59
2023-09-01T11:09:00Z,1010,44.16,36.53,10.5,7.33,0.3,0.5,0.1,0.59
2023-09-02T04:01:00Z,1011,44.11,36.6,10.48,7.32,0.3,0.49,0.1,0.59
2023-09-03T06:44:00Z,1012,44.07,36.66,10.47,7.31,0.3,0.49,0.1,0.59
2023-09-04T13:12:00Z,1013,44.03,36.72,10.46,7.31,0.3,0.49,0.1,0.59
2023-09-07T05:51:00Z,1014,44.08,36.69,10.45,7.3,0.3,0.49,0.1,0.59
2023-09-07T09:30:00Z,1015,44.04,36.75,10.44,7.29,0.3,0.49,0.1,0.59
2023-09-07T09:36:00Z,1016,44.0,36.81,10.43,7.28,0.3,0.49,0.1,0.59
2023-09-08T03:19:00Z,1017,43.95,36.77,10.42,7.37,0.29,0.49,0.1,0.59
2023-09-08T03:22:00Z,1018,44.01,36.74,10.41,7.37,0.29,0.49,0.1,0.59
2023-09-09T22:23:00Z,1019,44.06,36.7,10.4,7.36,0.29,0.49,0.1,0.59
2023-09-10T10:40:00Z,1020,44.02,36.76,10.39,7.35,0.29,0.49,0.1,0.59
2023-09-11T14:18:00Z,1021,43.98,36.83,10.38,7.35,0.29,0.49,0.1,0.59
2023-09-14T06:39:00Z,1022,43.93,36.89,10.37,7.34,0.29,0.49,0.1,0.59
2023-09-15T15:41:00Z,1023,43.89,36.95,10.36,7.33,0.29,0.49,0.1,0.59
2023-09-15T23:56:00Z,1024,43.95,36.91,10.35,7.32,0.29,0.49,0.1,0.59
2023-09-18T14:17:00Z,1025,43.9,36.98,10.34,7.32,0.29,0.49,0.1,0.59
2023-09-19T06:24:00Z,1026,43.96,36.94,10.33,7.31,0.29,0.49,0.1,0.58
2023-09-24T07:47:00Z,1027,43.91,36.9,10.42,7.3,0.29,0.49,0.1,0.58
2023-09-30T02:26:00Z,1028,43.97,36.87,10.41,7.3,0.29,0.49,0.1,0.58
2023-10-01T05:34:00Z,1029,44.02,36.83,10.4,7.29,0.29,0.49,0.1,0.58
2023-10-02T13:05:00Z,1030,43.98,36.89,10.39,7.28,0.29,0.49,0.1,0.58
2023-10-05T08:51:00Z,1031,43.94,36.95,10.38,7.27,0.29,0.48,0.1,0.58
2023-10-07T11:11:00Z,1032,43.99,36.92,10.37,7.27,0.29,0.48,0.1,0.58
2023-10-09T22:14:00Z,1033,44.05,36.88,10.36,7.26,0.29,0.48,0.1,0.58
2023-10-09T22:20:00Z,1034,44.1,36.85,10.35,7.25,0.29,0.48,0.1,0.58
2023-10-14T04:02:00Z,1035,44.06,36.91,10.34,7.25,0.29,0.48,0.1,0.58
2023-10-14T04:11:00Z,1036,44.02,36.97,10.33,7.24,0.29,0.48,0.1,0.58
2023-10-15T11:10:00Z,1037,43.97,37.03,10.32,7.23,0.29,0.48,0.1,0.58
2023-10-15T11:34:00Z,1038,43.93,37.09,10.31,7.23,0.29,0.48,0.1,0.58
2023-10-18T15:32:00Z,1039,43.89,37.15,10.3,7.22,0.29,0.48,0.1,0.58
2023-10-18T16:02:00Z,1040,43.94,37.12,10.29,7.21,0.29,0.48,0.1,0.58
2023-11-17T02:47:00Z,1041,44.0,37.08,10.28,7.2,0.29,0.48,0.1,0.58
2023-11-17T02:51:00Z,1042,44.05,37.04,10.27,7.2,0.29,0.48,0.1,0.58
2023-11-17T09:35:00Z,1043,44.1,37.01,10.26,7.19,0.29,0.48,0.1,0.58
2023-11-17T09:38:00Z,1044,44.16,36.97,10.25,7.18,0.29,0.48,0.1,0.57
2023-11-21T12:54:00Z,1045,44.21,36.94,10.24,7.18,0.29,0.48,0.1,0.57
2023-11-21T14:56:00Z,1046,44.26,36.9,10.23,7.17,0.29,0.48,0.1,0.57
2023-11-22T00:46:00Z,1047,44.22,36.87,10.32,7.16,0.29,0.48,0.1,0.57
2023-11-22T15:42:00Z,1048,44.27,36.83,10.31,7.16,0.29,0.48,0.1,0.57
2023-11-25T10:22:00Z,1049,44.33,36.8,10.3,7.15,0.29,0.48,0.1,0.57
2023-11-26T08:42:00Z,1050,44.29,36.86,10.29,7.14,0.29,0.48,0.1,0.57
2023-11-29T11:16:00Z,1051,44.24,36.82,10.37,7.14,0.29,0.48,0.1,0.57
2023-12-01T12:30:00Z,1052,44.2,36.88,10.36,7.13,0.29,0.48,0.1,0.57
2023-12-01T23:46:00Z,1053,44.16,36.94,10.35,7.12,0.28,0.47,0.09,0.57
2023-12-02T03:44:00Z,1054,44.21,36.91,10.34,7.12,0.28,0.47,0.09,0.57
2023-12-17T10:01:00Z,1055,44.27,36.87,10.33,7.11,0.28,0.47,0.09,0.57
2023-12-20T09:15:00Z,1056,44.22,36.93,10.32,7.1,0.28,0.47,0.09,0.57
2023-12-26T16:03:00Z,1057,44.28,36.9,10.31,7.1,0.28,0.47,0.09,0.57
2023-12-29T04:45:00Z,1058,44.33,36.86,10.3,7.09,0.28,0.47,0.09,0.57
2023-12-30T23:34:00Z,1059,44.29,36.92,10.29,7.08,0.28,0.47,0.09,0.57
2024-01-06T02:10:00Z,1060,44.25,36.98,10.28,7.08,0.28,0.47,0.09,0.57
2024-01-06T04:44:00Z,1061,44.3,36.95,10.27,7.07,0.28,0.47,0.09,0.57
2024-01-17T07:06:00Z,1062,44.35,36.91,10.26,7.06,0.28,0.47,0.09,0.56
2024-01-17T07:11:00Z,1063,44.4,36.88,10.25,7.06,0.28,0.47,0.09,0.56
2024-01-17T07:18:00Z,1064,44.45,36.84,10.24,7.05,0.28,0.47,0.09,0.56
2024-01-17T18:48:00Z,1065,44.51,36.81,10.23,7.04,0.28,0.47,0.09,0.56
2024-02-06T12:41:00Z,1066,44.56,36.77,10.23,7.04,0.28,0.47,0.09,0.56
