lon,lat,proj_lon,proj_lat,distance_to_closest_station
112,-44,-1816415.6929507959,-1908586.0583083883,1080.9696112456022
112,-43,-1836380.7793785408,-1795706.320587892,980.2051842115508
112,-42,-1856235.3223948276,-1683451.579475214,881.9231750008616
112,-41,-1875987.5891475845,-1571775.093700626,787.0458455880247
112,-40,-1895645.5552275602,-1460631.7704169154,690.3553856884262
112,-39,-1915216.9299169148,-1349978.02244747,591.536659248487
112,-38,-1934709.179415622,-1239771.6369675223,497.8876126200903
112,-37,-1954129.548270313,-1129971.6543485434,412.92511129054475
112,-36,-1973485.0792032536,-1020538.2560480447,343.1445614624399
112,-35,-1992782.6315159865,-911432.6605580229,299.3371188747384
112,-34,-2012028.8982222164,-802617.0265380859,281.36246401592905
112,-33,-2031230.4220472863,-694054.3623566933,294.4489140284944
112,-32,-2050393.610416686,-585708.4413482939,334.6378262638442
112,-31,-2069524.7495430817,-477543.7221672732,299.05435550395333
112,-30,-2088630.017710151,-369525.273683045,284.88976142284173
112,-29,-2107715.497841723,-261618.70391595026,247.185256998607
112,-28,-2126787.189436226,-153790.09256158004,215.79178879218722
112,-27,-2145851.0199390515,-46005.92669308354,192.18612468063387
112,-26,-2164912.8556189644,61766.9607325199,153.64416706107048
112,-25,-2183978.51200911,169561.44990627666,167.47811684995875
112,-24,-2203053.7639682377,277410.1910520431,193.89958202594667
112,-23,-2222144.3554135566,385345.65945462906,181.96887462670307
112,-22,-2241256.008772926,493400.2089011409,220.16647500034455
112,-21,-2260394.4342009355,601606.1237873811,243.9926790246595
112,-20,-2279565.3386007063,709995.6701258109,308.37577359381714
112,-19,-2298774.434490916,818601.1456784459,393.89662473502875
112,-18,-2318027.4487556205,927454.9294270937,489.5930933490124
112,-17,-2337330.1313128322,1036589.5305842507,590.5326478592069
112,-16,-2356688.2637364888,1146037.6373404695,694.427774270596
112,-15,-2376107.667865449,1255832.1655384086,800.1240115241993
112,-14,-2395594.2144323927,1366006.307459381,905.9064986270646
112,-13,-2415153.83174498,1476593.5809053858,999.5747691441736
112,-12,-2434792.5144513873,1587627.8787581916,1096.3779647785286
112,-11,-2454516.3324222863,1699143.5191967876,1195.5529861613152
113,-44,-1734639.8498886863,-1894457.6309298214,1051.7946330617738
113,-43,-1753706.0992381277,-1781422.600962734,947.4161780205612
113,-42,-1772666.7818897022,-1669013.4274311853,844.7584362459319
113,-41,-1791529.7928006588,-1557183.3047619902,744.5247711048231
113,-40,-1810302.7484971,-1445887.078072277,647.8312906025728
113,-39,-1828993.0111858717,-1335081.1002211627,554.5055768076046
113,-38,-1847607.7109353004,-1224723.1003103582,452.6368332099698
113,-37,-1866153.7661393043,-1114772.062361867,356.2746261432367
113,-36,-1884637.9024536572,-1005188.1130535676,271.3269167698551
113,-35,-1903066.670371093,-895932.4175245014,211.9614633396986
113,-34,-1921446.4615828595,-786967.0823747382,189.35569180078798
113,-33,-1939783.5242578932,-678255.0650821748,206.37562014028111
113,-32,-1958083.9773565356,-569760.0891430862,246.72978706566545
113,-31,-1976353.8240833604,-461446.5643164927,205.73104431691266
113,-30,-1994598.964572964,-353279.5114159449,199.55321255472492
113,-29,-2012825.207893237,-245224.4911476391,155.7078858475436
113,-28,-2031038.283442518,-137247.53654192746,119.3192666234953
113,-27,-2049243.8518099678,-29315.088567159495,125.99981358120097
113,-26,-2067447.5151623208,78606.06544860287,53.889974251276165
113,-25,-2085654.8272148306,186548.85093073203,67.27719943387194
113,-24,-2103871.3028395358,294545.9630210344,117.84152200625772
113,-23,-2122102.427359936,402629.9216816025,80.40208006801878
113,-22,-2140353.6655776394,510833.12520967633,116.97959138262485
113,-21,-2158630.470573536,619187.9024157295,156.53494026099736
113,-20,-2176938.292323428,727726.5637016087,244.60835085309253
113,-19,-2195282.5861658575,836481.4512623779,345.9278844478225
113,-18,-2213668.821158013,945484.9886246459,451.65686843637474
113,-17,-2232102.4883540375,1054769.7297248668,559.2936416379727
113,-16,-2250589.1090388363,1164368.4077237793,663.2682996805581
113,-15,-2269134.242949491,1274313.983747408,754.353433236818
113,-14,-2287743.4965156834,1384639.6957407491,850.0674989281445
113,-13,-2306422.531150023,1495379.107617303,949.0080749365064
113,-12,-2325177.071618958,1606566.1588863602,1050.2613478012504
113,-11,-2344012.91452488,1718235.2149395167,1153.2164125899042
114,-44,-1652754.1732432696,-1880980.3563896033,1028.9530196271974
114,-43,-1670920.3782813977,-1767797.1913056215,921.5857547314874
114,-42,-1688986.000019502,-1655240.7028570408,815.2308558800686
114,-41,-1706958.5607242603,-1543264.0241308534,710.3340119979287
114,-40,-1724845.3173748674,-1431821.9410676276,607.6400839499175
114,-39,-1742653.2846366952,-1320870.7493258617,508.47279392400566
114,-38,-1760389.2559949653,-1210368.1226102328,415.35029570044037
114,-37,-1778059.8232528223,-1100272.991190329,315.8221131405266
114,-36,-1795671.3945736957,-990545.4294890811,214.67292783047805
114,-35,-1813230.211226748,-881146.5517515122,130.58999202734574
114,-34,-1830742.3631760627,-772038.4149174871,98.09498585580823
114,-33,-1848213.8036385486,-663183.9279197871,123.70500698454968
114,-32,-1865650.3627219598,-554546.7667134583,159.5445489519412
114,-31,-1883057.7602426684,-446091.2944156599,116.40676228114548
114,-30,-1900441.6178126056,-337782.4859988761,105.83490577196
114,-29,-1917807.470275906,-229585.85703578586,61.898106421247
114,-28,-1935160.7765680454,-121467.39604221177,36.17672324687982
114,-27,-1952506.9300635385,-13393.500006588272,64.2855342568335
114,-26,-1969851.2684723719,94669.08726902443,36.17237913417778
114,-25,-1987199.0833402583,202753.33435956071,35.45716426368859
114,-24,-2004555.6292033368,310891.97925459145,97.66769237008513
114,-23,-2021926.1324440767,419117.5845343999,28.553585705225487
114,-22,-2039315.7998918202,527462.5909549746,15.1660563240804
114,-21,-2056729.8272084761,635959.3696944684,104.67135093597987
114,-20,-2074173.407097448,744640.2734982776,214.93254225133165
114,-19,-2091651.7373717248,853537.6869466994,316.2412247105481
114,-18,-2109170.028915336,962684.0760581448,421.04963229021416
114,-17,-2126733.513570876,1072112.037431786,510.8303688853669
114,-16,-2144347.4519846197,1181854.3471259484,604.3257696888836
114,-15,-2162017.1414398444,1291944.0094630073,702.804181303393
114,-14,-2179747.923708244,1402414.305947081,804.4339216884117
114,-13,-2197545.1929489123,1513298.8444779834,908.1546358729411
114,-12,-2215414.403684086,1624631.6090435437,1013.3220316005306
114,-11,-2233361.078880851,1736447.010072031,1119.5265408245411
115,-44,-1570763.8478356418,-1868155.0880391428,1012.8762513497226
115,-43,-1588028.8583182755,-1754830.9543475495,903.314302356995
115,-42,-1605198.2752674415,-1642134.2778114362,794.1963851219847
115,-41,-1622279.2477829533,-1530018.1331454767,685.7249802431323
115,-40,-1639278.6728376022,-1418437.2499765384,578.2527584660235
115,-39,-1656203.217111134,-1307347.869529756,472.4483486062426
115,-38,-1673059.3370755143,-1196707.612792793,369.72886460082617
115,-37,-1689853.2975257381,-1086475.3588832566,273.5680056665807
115,-36,-1706591.188727139,-976611.1324971312,183.09277868206988
115,-35,-1723278.942330124,-867075.999447589,77.35444321541998
115,-34,-1739922.34618601,-757831.969416753,7.558709988767026
115,-33,-1756527.0581827322,-648841.9051408176,62.81015865053315
115,-32,-1773098.6192063096,-540069.4373335589,70.77464502720117
115,-31,-1789642.4653227448,-431478.8847267214,31.820300265270863
115,-30,-1806163.9392653564,-323035.17866943596,33.79648968010599
115,-29,-1822668.3013040684,-214703.79178433822,44.50456351228122
115,-28,-1839160.7395658472,-106450.67022625475,52.89463835419321
115,-27,-1855646.3798690634,1757.8308686263263,43.28477477990267
115,-26,-1872130.2951289844,109955.00911853921,70.36428048032943
115,-25,-1888617.5143867335,218173.87416047705,111.01839677173228
115,-24,-1905113.031509843,326447.20475888485,157.39817974369385
115,-23,-1921621.813608831,434807.6040504423,72.17169743836779
115,-22,-1938148.8092110856,543287.5531958049,41.10945563606332
115,-21,-1954698.9562305599,651919.4636911349,73.21374264300049
115,-20,-1971277.1897694669,760735.7285768851,183.15339957863287
115,-19,-1987888.4497861275,869768.7727680451,272.6551759329819
115,-18,-2004537.688661472,979051.1027191689,359.6518857163739
115,-17,-2021229.878695275,1088615.3556281887,456.9919230276468
115,-16,-2037970.0195620928,1198494.3483757193,559.2966006639898
115,-15,-2054763.1457559802,1308721.1263907196,664.2711806288019
115,-14,-2071614.3340524195,1419329.0126291153,770.8217652829924
115,-13,-2088528.7110154377,1530351.6568490618,878.3719216535472
115,-12,-2105511.460577696,1641823.085365137,986.5923327170203
115,-11,-2122567.8317212695,1753777.7514634822,1091.5437667062677
116,-44,-1488674.0651130266,-1855982.6379462415,1003.8914161561512
116,-43,-1505036.7878576429,-1742524.7110821477,893.0681583313265
116,-42,-1521308.9128881204,-1629694.9821644006,782.3429413364979
116,-41,-1537497.2156847427,-1517446.4705065668,671.754518809521
116,-40,-1553608.2327771964,-1405733.8522882317,561.3721286648313
116,-39,-1569648.2824374812,-1294513.3170718765,451.332584660161
116,-38,-1585623.4837154984,-1183742.4358114952,341.948167299826
116,-37,-1601539.7740014195,-1073380.0390763998,234.1115766386142
116,-36,-1617402.9252768594,-963386.1043667807,131.63398167511713
116,-35,-1633218.5591978915,-853721.6515291778,42.5105412530175
116,-34,-1648992.1611365906,-744348.6453934414,13.550668877490825
116,-33,-1664729.093293676,-635229.9048506283,13.063374820626267
116,-32,-1680434.6069825923,-526329.0176760673,3.173145942097158
116,-31,-1696113.8541747741,-417610.2604753475,20.50419437536211
116,-30,-1711771.8983866372,-309038.52319471375,56.193914164524614
116,-29,-1727413.7249808267,-200579.23769296013,23.370432421757542
116,-28,-1743044.250947297,-92198.30992013,77.28086086062439
116,-27,-1758668.334223721,16137.944709514684,139.08336554174636
116,-26,-1774290.7826094395,124462.86312617094,160.14361298949976
116,-25,-1789916.3623225598,232809.4939387959,191.7062031486265
116,-24,-1805549.8062458057,341210.65461122367,169.2249703850783
116,-23,-1821195.8219032388,449698.98677217547,71.99951471959459
116,-22,-1836859.0992069622,558307.0099303375,79.12114626332925
116,-21,-1852544.3180103153,667067.1738476595,92.47104006233205
116,-20,-1868256.155501841,776011.909808587,120.22115307334408
116,-19,-1883999.2934724062,885173.6810097365,211.62420229748255
116,-18,-1899778.4254862657,994585.0322835591,315.61402101411323
116,-17,-1915598.2639855414,1104278.63936024,423.00291685144794
116,-16,-1931463.5473565003,1214287.3578647834,531.7288620969655
116,-15,-1947379.046985205,1324644.2722403705,641.1069121895889
116,-14,-1963349.574329472,1435382.7447848038,750.8481723627641
116,-13,-1979379.988033662,1546536.464983941,860.8105907719315
116,-12,-1995475.201112623,1658139.499324645,936.1774014387588
116,-11,-2011640.1882310666,1770226.34176942,1017.6742726041298
117,-44,-1406490.0228200716,-1844463.7768436961,998.8555706190217
117,-43,-1421949.4217750244,-1730879.240713697,888.1672064944206
117,-42,-1437323.2245716155,-1617923.603544801,777.6154845333878
117,-41,-1452617.83264159,-1505549.8322241781,667.2585321663232
117,-40,-1467839.4216576514,-1393712.5523539355,557.200389298823
117,-39,-1482993.961083994,-1282367.9046078844,447.24104772929786
117,-38,-1498087.2321610095,-1171473.41259286,336.4516744300435
117,-37,-1513124.8444981037,-1060987.8609366375,225.8936313183399
117,-36,-1528112.2514277045,-950871.1824777491,116.17454040341812
117,-35,-1543054.7642555996,-841084.3535642453,24.352095015082035
117,-34,-1557957.5655273015,-731589.2965820039,23.178452337798866
117,-33,-1572825.7214167884,-622348.7889311666,11.632944786402351
117,-32,-1587664.1933324307,-513326.3777541625,13.567787519890496
117,-31,-1602477.8488248836,-404486.2997923489,21.368006629426162
117,-30,-1617271.471873048,-295793.40581218037,44.7134514850289
117,-29,-1632049.772616629,-187213.08909738137,78.78079484732068
117,-28,-1646817.3965972355,-78711.21755197873,49.436839956328086
117,-27,-1661578.9335642492,29745.930998863685,152.4535457441499
117,-26,-1676338.9258966646,138191.73068648006,254.62375417336108
117,-25,-1691101.8766877872,246659.26699922825,210.81375195088248
117,-24,-1705872.257535856,355181.394022402,112.05808506144295
117,-23,-1720654.5160804056,463790.7898099663,72.16644569043306
117,-22,-1735453.0833213,572520.0101595757,112.3750543727769
117,-21,-1750272.380754947,681401.5410443151,31.638301261004514
117,-20,-1765116.8273600698,790467.849939152,82.95636164500687
117,-19,-1779990.8464636393,899751.4362668328,192.77497883676807
117,-18,-1794898.8725160505,1009284.8811770309,303.22185362455616
117,-17,-1809845.3578033904,1119100.8968632293,411.6538508523654
117,-16,-1824834.7791236124,1229232.375614481,514.3917269087711
117,-15,-1839871.644452673,1339712.4387933537,619.8497123929976
117,-14,-1854960.4996260728,1450574.4859270975,707.2719635068052
117,-13,-1870105.9350608664,1561852.2440961332,781.0910625947699
117,-12,-1885312.592543009,1673579.8178025812,862.7745913847489
117,-11,-1900585.1721048614,1785791.7395012414,950.2942208454808
118,-44,-1324216.9246697251,-1833599.2340804734,996.0032751902564
118,-43,-1338772.020979846,-1719895.2806077886,884.9075261769447
118,-42,-1353246.5281071428,-1606820.887290462,773.8331770567814
118,-41,-1367646.4730294973,-1494328.9715672997,662.7811266842809
118,-40,-1381977.6701716003,-1382374.1113359416,551.7530257958854
118,-39,-1396245.7398118672,-1270912.4011586022,440.7522531650917
118,-38,-1410456.125015125,-1159901.31998447,329.78686135122615
118,-37,-1424614.1072548253,-1049299.6091094534,218.88147482517445
118,-36,-1438724.8208689159,-939067.1592473882,108.16232142953488
118,-35,-1452793.2664765993,-829164.9057187255,10.810242811828019
118,-34,-1466824.3234686768,-719554.7308763624,31.78607943487832
118,-33,-1480822.761671608,-610199.3729863835,39.388893467754556
118,-32,-1494793.2522745435,-501062.3408664275,38.53102477687458
118,-31,-1508740.3780991554,-392107.83365807385,58.6055203113562
118,-30,-1522668.64328392,-283300.66517355555,132.3683042445062
118,-29,-1536582.482447365,-174606.19231275402,147.71003020051032
118,-28,-1550486.2693886107,-65990.24709484355,134.9202720225141
118,-27,-1564384.3253781325,42580.9281088913,197.85349837586432
118,-26,-1578280.9270869673,151140.74251774958,290.921499938427
118,-25,-1592180.3141984898,259722.31640458546,202.26736686667678
118,-24,-1606086.6967433253,368358.53839590604,94.86356159421614
118,-23,-1620004.262194865,477082.1209018167,39.70338041029395
118,-22,-1633937.1823601741,585925.6539475822,79.6319802175234
118,-21,-1647889.6200987673,694921.6576604816,24.598284494979644
118,-20,-1661865.73589975,804102.6336502291,78.42360314086534
118,-19,-1675869.6943461203,913501.1155079091,166.34103583856526
118,-18,-1689905.6704936353,1023149.7186374535,271.45790306696256
118,-17,-1703977.8561904368,1133081.189624388,379.7405554242858
118,-16,-1718090.4663627045,1243328.4553391365,488.6466456967197
118,-15,-1732247.7452908526,1353924.6719664813,554.3800102835397
118,-14,-1746453.9729002344,1464903.2741483361,626.3173788740875
118,-13,-1760713.4710899433,1576298.024424162,708.2680247546176
118,-12,-1775030.6101231326,1688143.0631519188,797.1463599847332
118,-11,-1789409.815102219,1800472.9590921742,890.8787170647654
119,-44,-1241859.980013767,-1823389.6975755477,1000.5151995054648
119,-43,-1255509.8520823433,-1709573.526244638,890.0626547071845
119,-42,-1269084.1470463627,-1596387.5364009761,779.8127578804205
119,-41,-1282588.51704823,-1483784.599016171,669.8558223878172
119,-40,-1296028.4148964651,-1371719.247159418,560.3527044367797
119,-39,-1309409.111327842,-1260147.5320613328,451.6192607834493
119,-38,-1322735.710886979,-1149026.8907058004,344.36658719926186
119,-37,-1336013.1665769636,-1038316.0236692677,240.55674551001613
119,-36,-1349246.293416167,-927974.7820805063,147.59716784576398
119,-35,-1362439.7810205787,-817964.0627058618,75.39250552699183
119,-34,-1375598.2053173378,-708245.7102787723,9.65062757954979
119,-33,-1388726.0394833693,-598782.4262905983,51.44467843016629
119,-32,-1401827.6641928335,-489537.68354472617,51.24597315683399
119,-31,-1414907.377248247,-380475.6458497953,40.345895045899994
119,-30,-1427969.4026624686,-271561.0922917252,139.86593154477288
119,-29,-1441017.899252059,-162759.3455800794,205.26159162542135
119,-28,-1454056.9687967086,-54036.2040126209,167.33962394427954
119,-27,-1467090.6638143754,54642.123355784235,196.03401250222507
119,-26,-1480122.9949973477,163309.07871700276,270.9282607246283
119,-25,-1493157.9383506237,271997.8150312829,240.94362265188698
119,-24,-1506199.4420706432,380741.25338391063,162.0947313873947
119,-23,-1519251.4331995137,489572.1384698514,75.96108101540877
119,-22,-1532317.8240873506,598523.0924784483,52.528254278655204
119,-21,-1545402.5186931943,707626.6676320769,78.75814317251984
119,-20,-1558509.4187530973,816915.3976172699,56.51422951713328
119,-19,-1571642.4298423952,926421.8481334884,145.46320906422338
119,-18,-1584805.4673578492,1036178.6667737941,243.49631136166997
119,-17,-1598002.4624442384,1146218.6324423004,342.58137743048843
119,-16,-1611237.3678890888,1256574.704505957,403.2651409652441
119,-15,-1624514.1640085345,1367280.0718723796,471.90278179487836
119,-14,-1637836.864546785,1478368.2021811388,554.2727329590119
119,-13,-1651209.52261132,1589872.891292966,645.1318087217755
119,-12,-1664636.2366657753,1701828.313259965,741.361807380481
119,-11,-1678121.1566024362,1814269.0709596586,841.1185251347962
120,-44,-1159424.4035129447,-1813835.8137743357,1012.2923259403765
120,-43,-1172168.1870600733,-1699914.6311750512,903.4879491831819
120,-42,-1184841.4103662893,-1586624.2114931974,795.3333855057926
120,-41,-1197449.3503806372,-1473917.3822172903,688.1256126209206
120,-40,-1209997.0979502078,-1361748.6344669515,582.3765506751907
120,-39,-1222489.5739364016,-1250073.9789239361,479.039659401393
120,-38,-1234931.5440404203,-1138850.8133018177,380.07055400066105
120,-37,-1247327.6324813724,-1028037.8000725742,289.95442976865587
120,-36,-1259682.334653178,-917594.7533220531,186.4350689823822
120,-35,-1272000.028871677,-807482.5337384205,87.5664032028578
120,-34,-1284284.9873106072,-697662.9508515683,46.57068040027641
120,-33,-1296541.3862141285,-588098.6717397869,64.37451876918718
120,-32,-1308773.315464037,-478753.13550504035,81.9162055466023
120,-31,-1320984.7875715648,-369590.47289208596,29.056615195262353
120,-30,-1333179.7461564988,-260575.43049064765,139.86211853005304
120,-29,-1345362.0739701053,-151673.2990156597,138.39080951707885
120,-28,-1357535.60051293,-42849.84520905267,69.32481008746609
120,-27,-1369704.1092938157,65928.75305116375,122.56067497319987
120,-26,-1381871.344772354,174695.9688119307,223.13007939266143
120,-25,-1394041.0190234154,283484.9856217247,309.62362920900256
120,-24,-1406216.8181592633,392328.75494011125,224.2169967872927
120,-23,-1418402.4085420687,501260.05167360354,151.19099815343284
120,-22,-1430601.442817277,610311.5281100529,141.3185079557076
120,-21,-1442817.565796263,719515.7665057958,106.24430980936744
120,-20,-1455054.420214978,828905.3305642174,19.033705419694364
120,-19,-1467315.6523938018,938512.8160311771,109.44815956466944
120,-18,-1479604.9178225861,1048370.9006216847,200.37354492405314
120,-17,-1491925.8866938353,1158512.3934829582,255.49906546065716
120,-16,-1504282.24940614,1268970.2843915515,317.9405123814403
120,-15,-1516677.72205933,1379777.792876471,401.0531643782246
120,-14,-1529116.0519623286,1490968.4174558516,495.0454613378146
120,-13,-1541601.0231743683,1602575.9851718014,594.7768288085717
120,-12,-1554136.462100062,1714634.701606755,697.7870606471329
120,-11,-1566726.2431588008,1827179.2015642035,797.8094209262011
121,-44,-1076915.4148068028,-1804938.1876077605,1031.0843060824252
121,-43,-1088752.3029241152,-1690919.2069790363,924.8217350810303
121,-42,-1100523.6521318776,-1577531.5307594012,819.851605842628
121,-41,-1112234.3638516513,-1464727.9459411418,716.7329026166929
121,-40,-1123889.1666467562,-1352462.904575827,616.3849704664221
121,-39,-1135492.6311916404,-1240692.3795816563,520.4006555777646
121,-38,-1147049.1840423355,-1129373.7320993776,425.33853808981
121,-37,-1158563.1203411764,-1018465.5891139031,323.709168945284
121,-36,-1170038.6155729932,-907927.7302126372,230.86957747660745
121,-35,-1181479.7364762498,-797720.9824837811,144.25369382003498
121,-34,-1192890.4512007802,-687807.122671818,35.20279366666457
121,-33,-1204274.6387935472,-578148.785805808,79.23424021470275
121,-32,-1215636.0980850202,-468709.3796012453,76.4320558215721
121,-31,-1226978.556041084,-359453.00401017215,16.207482958530917
121,-30,-1238305.675638752,-250344.37535828512,94.5129850229486
121,-29,-1249621.063318149,-141348.75456360076,123.91983500160202
121,-28,-1260928.2760582,-32431.878979790974,31.21393235693308
121,-27,-1272230.8281190696,76440.10255044143,105.61510349443422
121,-26,-1283532.1974905622,185300.69180968008,214.21086265579962
121,-25,-1294835.832082379,294183.1008335122,324.2828227278929
121,-24,-1306145.1556892109,403120.3093693791,296.9771385434094
121,-23,-1317463.573761147,512145.1204600956,247.11099700764908
121,-22,-1328794.4790076844,621290.2144245568,241.76689126199463
121,-21,-1340141.2568617514,730588.2014900204,136.58355594015518
121,-20,-1351507.2908285481,840071.6733148667,27.287470836976695
121,-19,-1362895.9677426207,949773.2536274571,85.70694459816303
121,-18,-1374310.6829554546,1059725.648195673,103.54403062838398
121,-17,-1385754.8454748914,1169961.694332427,164.78738423872358
121,-16,-1397231.8830769178,1280514.4101350447,249.4642331390816
121,-15,-1408745.247409763,1391417.0436505345,348.9884356171637
121,-14,-1420298.4191097945,1502703.122154531,453.68506118172616
121,-13,-1431894.9129483984,1614406.5017286832,551.6190386917154
121,-12,-1443538.283028885,1726561.4173199225,649.5747611952156
121,-11,-1455232.1280524316,1839202.5334647147,751.0399070048015
122,-44,-994338.2381831914,-1796697.3824539627,1056.514634474268
122,-43,-1005267.4813849439,-1682587.8232270847,953.5308564771242
122,-42,-1016136.2111582898,-1569110.0699281509,852.5887763040504
122,-41,-1026948.9530869584,-1456216.872042636,754.499666592961
122,-40,-1037710.0731510965,-1343862.645438052,660.5259193678684
122,-39,-1048423.7915487952,-1232003.3280567478,561.6642230860423
122,-38,-1059094.195410637,-1120596.2471664385,459.46014306052035
122,-37,-1069725.250530223,-1009599.9968846173,348.50676916517455
122,-36,-1080320.8122189105,-898974.324846917,237.60353305172023
122,-35,-1090884.6353802923,-788680.0270219166,126.83259264786032
122,-34,-1101420.3838890423,-678678.8497889035,18.378944557851234
122,-33,-1111931.6393493142,-568933.398493575,91.51135356997325
122,-32,-1122421.9092997168,-459407.0517818964,30.01996127979338
122,-31,-1132894.6349248048,-350063.8810863095,57.742338739890606
122,-30,-1143353.198326886,-240868.57470256343,97.26179424152392
122,-29,-1153800.9294065917,-131786.36595136617,175.34226995446394
122,-28,-1164241.112396007,-22782.9649675646,128.48325622212383
122,-27,-1174676.992084102,86175.50629806782,163.79828330297985
122,-26,-1185111.7797706758,195122.57624249384,248.39515051983315
122,-25,-1195548.658981946,304091.48328550137,348.00657431801625
122,-24,-1205990.7909782443,413115.23337419867,383.5047170657344
122,-23,-1216441.3200819518,522226.65561069106,346.9635919185957
122,-22,-1226903.3788517984,631458.4562756704,264.4269609802367
122,-21,-1237380.0931279084,740843.2715025025,165.98231027282395
122,-20,-1247874.5869704932,850413.7188409354,98.47283561322524
122,-19,-1258389.9875138202,960202.4479361662,56.84423477782419
122,-18,-1268929.4297560211,1070242.1905380904,21.75513804562678
122,-17,-1279496.061304424,1180565.8100461403,105.21481300602008
122,-16,-1290093.0470953726,1291206.3507877649,214.62172565546265
122,-15,-1300723.574106945,1402197.0872227836,306.6514133661216
122,-14,-1311390.8560825663,1513571.5732614673,403.17936458873237
122,-13,-1322098.1382832283,1625363.6918813037,505.5113119011721
122,-12,-1332848.7022859016,1737607.7052260383,610.7323538206151
122,-11,-1343645.8708456873,1850338.3053702377,717.5693499104184
123,-44,-911698.1022474611,-1789113.920102609,1088.1149449195855
123,-43,-921719.0085179922,-1674921.0074441053,988.9699080371893
123,-42,-931684.4306728367,-1561360.3622278364,892.6374344854693
123,-41,-941598.518171343,-1448384.6994242663,798.4416161277882
123,-40,-951465.2741340401,-1335948.4016031378,688.4660770377591
123,-39,-961288.568015449,-1224007.374520856,578.9157837683757
123,-38,-971072.1472619132,-1112518.9142740539,470.0743875671323
123,-37,-980819.6480671967,-1001441.5847345326,362.5631801858728
123,-36,-990534.6053250737,-890735.1041348447,258.02556179867145
123,-35,-1000220.4618665128,-780360.2398062597,162.24714042312192
123,-34,-1009880.5770590395,-670278.7101850037,102.97126229279138
123,-33,-1019518.2348372196,-560453.0933011576,92.27672197999902
123,-32,-1029136.6512257118,-450846.741049946,70.07426971736635
123,-31,-1038738.9814098519,-341423.69861912436,148.81389992186476
123,-30,-1048328.3264030949,-232148.62851035633,168.71623857727215
123,-29,-1057907.739355737,-122986.73864838961,243.62708800554955
123,-28,-1067480.2315450725,-13903.714120404387,226.7284759808718
123,-27,-1077048.7780834248,95134.34786966948,249.0905181448463
123,-26,-1086616.3233772547,204161.0002102339,311.81342697903835
123,-25,-1096185.7863677223,313209.5056006902,396.15677780831
123,-24,-1105760.065580636,422312.8940979498,476.3526198973278
123,-23,-1115342.044011578,531504.0187847425,408.77235878094996
123,-22,-1124934.5938701637,640815.6098326622,316.8692481634475
123,-21,-1134540.5812057916,750280.3272147472,241.32628194409654
123,-20,-1144162.870435877,859930.8123068268,201.45128621277797
123,-19,-1153804.3287964044,969799.7386036448,121.93144214846258
123,-18,-1163467.8307336506,1079919.861764595,80.5414916577685
123,-17,-1173156.2622551306,1190324.069194793,72.62099728397455
123,-16,-1182872.5252571485,1301045.4293595252,157.17310387322215
123,-15,-1192619.5418458392,1412117.2410245526,261.9540005004054
123,-14,-1202400.2586681973,1523573.0826102195,370.15800479601694
123,-13,-1212217.6512693388,1635446.861844456,479.4670576054105
123,-12,-1222074.7284921112,1747772.8658984308,589.261990514367
123,-11,-1231974.5369351504,1860585.8121881655,699.310562453497
124,-44,-829000.2395914164,-1782188.2807218756,1125.3618513994309
124,-43,-838112.1744289628,-1667919.2450760303,1030.4406941430325
124,-42,-847173.6579766747,-1554282.8983529229,922.1932424636915
124,-41,-856188.4633067852,-1441231.9240019943,813.9940016482157
124,-40,-865160.2304267368,-1328720.6741836134,706.6971414763332
124,-39,-874092.4778024743,-1216705.0252601907,600.7755255465672
124,-38,-882988.6129588234,-1105142.244861195,497.09603777200465
124,-37,-891851.9422594742,-993990.8692363803,397.401257419672
124,-36,-900685.6799567963,-883210.5897657704,305.5686813661284
124,-35,-909492.9565911415,-772762.1476274539,231.14991342648727
124,-34,-918276.8268101801,-662607.2357384991,186.23671259509794
124,-33,-927040.2766709573,-552708.4071828496,80.34125532535546
124,-32,-935786.2304805504,-443028.9894254608,53.17171999073845
124,-31,-944517.557225297,-333533.00368598744,154.23977183835012
124,-30,-953237.0766334503,-224185.08890949812,256.80179398689006
124,-29,-961947.5649116525,-114950.42982773445,311.7868725119641
124,-28,-970651.7601917386,-5794.688652963169,325.062357306973
124,-27,-979352.367721009,103316.06001108744,341.76145777301514
124,-26,-988052.0648261519,212415.39141975626,390.46953165541316
124,-25,-996753.5056784503,321536.5904459414,453.0053083241989
124,-24,-1005459.3258856599,430712.7091649654,406.32248736245566
124,-23,-1014172.1469340188,539976.622559997,386.6398764750772
124,-22,-1022894.5805021671,649361.0826211345,390.56105306073493
124,-21,-1031629.2326673047,758898.7710931186,332.7441570529802
124,-20,-1040378.7080226822,868622.3511110983,258.6328447192966
124,-19,-1049145.6137244538,978564.5179505285,187.38949138531873
124,-18,-1057932.5634850392,1088758.0491063078,86.3006938873674
124,-17,-1066742.1815294034,1199235.8539068575,51.813045139677996
124,-16,-1075577.1065300698,1310031.0228614889,148.91660423509933
124,-15,-1084439.995536208,1421176.8769334983,257.0603496769806
124,-14,-1093333.5279118079,1532707.0169271908,366.69460867513135
124,-13,-1102260.4092977035,1644655.3731739807,476.78613393716233
124,-12,-1111223.3756121069,1757056.2557014572,587.0731903215192
124,-11,-1120225.1971042843,1869944.4050688853,688.1018136473837
125,-44,-746249.8864619824,-1775920.902828026,1157.2178890794298
125,-43,-754452.2729188539,-1661582.9794590613,1049.9957605894035
125,-42,-762609.2441062086,-1547878.1264328668,943.6814009660955
125,-41,-770724.1964702603,-1434758.998673839,838.6123449892589
125,-40,-778800.4066748881,-1322179.9208232933,735.3137504892171
125,-39,-786841.0419746798,-1210096.742643459,634.6404925279988
125,-38,-794849.1697571856,-1098466.7060023565,538.0562235060559
125,-37,-802827.76634667,-987248.3221530908,448.17263830416675
125,-36,-810779.7251505789,-876401.2581754072,369.91337685548024
125,-35,-818707.8642204285,-765886.2315799991,306.06811067537114
125,-34,-826614.9332906196,-655664.9121902925,197.10337545064618
125,-33,-834503.620351607,-545699.8305151524,92.92932166052405
125,-32,-842376.5578077257,-435954.29191129276,54.99127793378325
125,-31,-850236.328264657,-326392.29590835865,148.3325032859157
125,-30,-858085.4699869134,-216978.46013381248,249.0478276310375
125,-29,-865926.4820616991,-107677.94833081697,352.85773849000816
125,-28,-873761.8293020193,1543.5979890897145,423.41883955065833
125,-27,-881593.9469188589,110720.12467428851,437.1392810590278
125,-26,-889425.2449896126,219885.2272211482,450.2555457272554
125,-25,-897258.1127476287,329072.21056854224,370.8855746380097
125,-24,-905094.9227157304,438314.1467174157,311.31061864595546
125,-23,-912938.0347048246,547643.9304698044,284.2441425990142
125,-22,-920789.7996972097,657094.3335605284,298.6434356492201
125,-21,-928652.563632877,766698.0574366975,292.0002046905484
125,-20,-936528.6711159949,876487.784924611,207.31239501760754
125,-19,-944420.4690578077,986496.2310102589,106.78482286513567
125,-18,-952330.3102713828,1096756.1929486261,63.30832534474146
125,-17,-960260.5570329768,1207300.5999077137,143.7078221680106
125,-16,-968213.5846242557,1318162.562345626,205.4254757053735
125,-15,-976191.7848691863,1429375.4213133885,293.96517513934003
125,-14,-984197.5696791019,1540972.7978717359,393.5703484987386
125,-13,-992233.3746192399,1652988.6428071728,455.72990505675176
125,-12,-1000301.6625099437,1765457.2868312816,532.9461798524975
125,-11,-1008404.9270757046,1878413.491446862,620.3360702956012
126,-44,-663452.282429674,-1770312.1832576576,1180.2338112073744
126,-43,-670744.6011487854,-1655912.611791615,1075.700674180131
126,-42,-677996.5434942925,-1542146.4520037535,972.6278306564442
126,-41,-685211.1290713351,-1428966.3332912095,871.526077812657
126,-40,-692391.2709927572,-1316326.555668307,773.1606359600901
126,-39,-699539.7851012456,-1204182.9450925922,678.7127115999151
126,-38,-706659.3984528554,-1092492.7203779903,590.0318704673011
126,-37,-713752.7571439708,-981214.370407928,510.1491089449749
126,-36,-720822.43355391,-870307.5405156695,416.33280058493335
126,-35,-727870.9330669207,-759732.9270317885,306.400395238488
126,-34,-734900.7003300271,-649452.1791130557,197.6250308345849
126,-33,-741914.1250968961,-539427.8070657409,94.0432163562451
126,-32,-748913.5477024419,-429623.09646174044,10.123070852733612
126,-31,-755901.264208165,-320002.02742016397,115.44181209427427
126,-30,-762879.5312541196,-210529.19849119638,226.12225760086213
126,-29,-769850.5706498359,-101169.75463518137,336.0647941174532
126,-28,-776816.5737334213,8110.681161566655,443.36193671174374
126,-27,-783779.7055253544,117346.07305016808,496.2611338507557
126,-26,-790742.1087011347,226570.03464082582,395.189337764937
126,-25,-797705.9074048955,335815.8888295854,301.04191015060036
126,-24,-804673.2109243039,445116.72544897953,222.7547583854352
126,-23,-811646.1172455181,554505.4570370775,182.05784153804828
126,-22,-818626.7165056356,664014.8729983877,202.96021840145642
126,-21,-825617.0943588988,773677.6924118074,250.02231525731128
126,-20,-832619.3352719395,883526.6157253834,144.39443486633044
126,-19,-839635.5257624908,993594.3755641882,60.84349351157934
126,-18,-846667.7575952928,1103913.7868666626,49.798037705832584
126,-17,-853718.1309483185,1214517.7965553661,138.2582810849365
126,-16,-860788.7575619803,1325439.5329407249,245.44452986416837
126,-15,-867881.7638835963,1436712.3550504083,253.49093986376948
126,-14,-874999.2942191269,1548369.9020727703,302.327395734159
126,-13,-882143.5139039975,1660446.143099718,378.17047133517804
126,-12,-889316.6125047433,1772975.4273530762,468.0654268017257
126,-11,-896520.8070631829,1885992.5350781605,551.3282992785578
127,-44,-580612.6700568206,-1765362.4771425652,1208.9898294184027
127,-43,-586994.4593045765,-1650908.5011089097,1107.6607613200088
127,-42,-593340.9136311833,-1537088.23798261,1008.3872662525259
127,-41,-599654.6756095124,-1423854.2946329461,911.8338567272446
127,-40,-605938.2946169211,-1311160.949340872,818.9532940308352
127,-39,-612194.2349059022,-1198964.0070562572,731.1224581083383
127,-38,-618424.8830283444,-1087220.6662477364,650.3372591214779
127,-37,-624632.5546852066,-975889.3960574578,542.5983932058266
127,-36,-630819.5010648018,-864929.8226273672,436.5032390954296
127,-35,-636987.9147254741,-754302.6235965437,333.60476639312645
127,-34,-643139.9350720812,-643969.4298833944,232.94023892282385
127,-33,-649277.6534701878,-533892.7339653561,122.03418019208821
127,-32,-655403.1180371031,-424035.8039541878,11.290978736336935
127,-31,-661518.3381447648,-314362.6028391594,99.77380065687342
127,-30,-667625.2886658832,-204837.7123347262,210.62480214986374
127,-29,-673725.9139916349,-95426.26082535095,321.46579551215206
127,-28,-679822.1318464786,13906.145051196721,432.29187036346826
127,-27,-685915.836923302,123193.48559823571,469.5730367508319
127,-26,-692008.9043600401,232469.39041147,360.8100800285294
127,-25,-698103.1930771152,341767.1982341851,253.8238110252772
127,-24,-704200.5489934824,451120.01463531837,152.3692328099353
127,-23,-710302.8081377117,560560.7678050322,80.8923385814359
127,-22,-716411.7996693569,670122.2627413631,119.994077755096
127,-21,-722529.3488248525,779837.2340832979,216.2690860198225
127,-20,-728657.2798013091,889738.3978301141,141.48259452616892
127,-19,-734797.4185908355,999858.5021734087,53.520383755917486
127,-18,-740951.5957773983,1110230.377657295,74.92266050521485
127,-17,-747121.6493077086,1220886.9868727857,129.5956408511995
127,-16,-753309.4272472142,1331861.4738849984,144.05773224104746
127,-15,-759516.790531943,1443187.2135860363,152.4025832203711
127,-14,-765745.6157267087,1554897.8611619107,224.01270225873606
127,-13,-771997.7978000215,1667027.4018590804,318.76631334495653
127,-12,-778275.2529259692,1779610.201234699,420.4863758817468
127,-11,-784579.9213233197,1892681.05607439,448.23962011184415
128,-44,-497736.29456563696,-1761072.0978872643,1206.0260050648712
128,-43,-503207.1502611661,-1646570.9642602392,1128.8126598168874
128,-42,-508647.7147253315,-1532703.8046444352,1050.2601178215584
128,-41,-514060.25333141355,-1419423.2063821033,958.5961870488403
128,-40,-519446.95155986206,-1306683.4289158327,871.420784275988
128,-39,-524809.9219169448,-1194440.2589861404,780.4076318565068
128,-38,-530151.2102992723,-1082650.8774264783,675.4905241228001
128,-37,-535472.8018657538,-971273.7362673533,572.8802987916422
128,-36,-540776.6264711568,-860268.4450157791,463.7297137345464
128,-35,-546064.563709093,-749595.6651091445,353.58641311985974
128,-34,-551338.447606792,-639217.0116569386,242.94770972193356
128,-33,-556600.0710092952,-529094.9616826636,132.81584567743056
128,-32,-561851.1896866247,-419192.76816371805,29.337678248993473
128,-31,-567093.5261939265,-309474.3792413183,93.13300756220545
128,-30,-572328.7735115224,-199904.36203679725,202.6516894860999
128,-29,-577558.5984891203,-90447.83056673265,308.0236145044657
128,-28,-582784.6451161045,18929.622701939228,414.8399764664387
128,-27,-588008.5376378042,128261.9920731808,463.80921382457865
128,-26,-593231.8835358601,237582.92099883864,353.21284492481493
128,-25,-598456.2763892805,346925.761958508,242.81331834408988
128,-24,-603683.2986314293,456323.63416135736,133.0626677188908
128,-23,-608914.5242170348,565809.4793646985,31.488080559009788
128,-22,-614151.5212122888,675416.1160829597,93.84174763367844
128,-21,-619395.8543202478,785176.2924425333,202.83221148194045
128,-20,-624649.0873529975,895122.7379224125,199.53226485023328
128,-19,-629912.7856614044,1005288.214207184,92.55059627358703
128,-18,-635188.5185327526,1115705.565367881,42.71919921801342
128,-17,-640477.8615661174,1226407.7675768342,23.17771891445161
128,-16,-645782.3990349658,1337427.9785552602,53.63408450792212
128,-15,-651103.726246205,1448799.5869464604,72.554509598127
128,-14,-656443.451904683,1560556.2618031332,179.2666931526081
128,-13,-661803.2004920086,1672732.0023744204,288.9423614937849
128,-12,-667184.6146684947,1785361.1883768504,312.7528785277881
128,-11,-672589.3577070083,1898478.6309331018,347.863433814034
129,-44,-414828.4035060902,-1757441.31714914,1152.0348101912236
129,-43,-419387.97924683284,-1642900.2758889012,1069.9911873194171
129,-42,-423922.309363971,-1528993.4296019082,993.5681248187315
129,-41,-428433.2818877558,-1415673.3491054506,924.154098766052
129,-40,-432922.71826334985,-1302894.277899937,863.4337569569734
129,-39,-437392.37911703665,-1190611.9873160266,799.9755763731858
129,-38,-441843.96956060705,-1078783.6432631991,689.5156692657878
129,-37,-446279.1440852246,-967367.6832910464,579.2823930546915
129,-36,-450699.5110899166,-856323.7028290888,469.4218300081843
129,-35,-455106.6370845515,-745612.3496038566,360.25758749161855
129,-34,-459502.0506026036,-635195.2253463679,252.66908806771764
129,-33,-463887.2458550725,-525034.7940020586,147.10118283285206
129,-32,-468263.6861535213,-415094.295740712,37.45901168563487
129,-31,-472632.80712723575,-305337.66613821435,70.82109977484025
129,-30,-476996.0197569539,-195729.45996630687,181.68160465041862
129,-29,-481354.71324537304,-86234.77908258764,292.5255768398416
129,-28,-485710.25774271006,23180.796038231176,403.35310743367586
129,-27,-490064.0069438914,132551.27154831114,459.4184719227811
129,-26,-494417.30057248153,241910.30262541492,374.0335481020396
129,-25,-498771.46676517243,351291.25337363617,272.4368679212442
129,-24,-503127.8243695415,460727.2545453429,181.90057370700197
129,-23,-507487.68516681506,570251.259379197,128.40989176257813
129,-22,-511852.3560305366,679896.0978280196,156.2567840878846
129,-21,-516223.14103131153,789694.5294320681,238.45329915319715
129,-20,-520601.34349718306,899679.2950776963,241.1465493568373
129,-19,-524988.2680386606,1009883.167868085,164.36177584687346
129,-18,-529385.222546983,1120339.0033215652,136.8759844034161
129,-17,-533793.5201738249,1231079.789103813,83.31537451766064
129,-16,-538214.4813003605,1342138.6944926656,37.01934451642643
129,-15,-542649.4355033654,1453549.1197685306,90.06437363582371
129,-14,-547099.7235258612,1565344.745718945,193.0460632602483
129,-13,-551566.6992596975,1677559.5834429695,208.18574004834556
129,-12,-556051.7317474025,1790228.0246396663,206.1492606459176
129,-11,-560556.2072106269,1903384.8925645982,254.31261685579653
130,-44,-331894.24642364465,-1754470.3648212512,1101.9789761256975
130,-43,-335542.2535072847,-1639896.6684148205,1015.0188475350016
130,-42,-339170.062173577,-1525957.3477878277,933.1636888665563
130,-41,-342779.1829901977,-1412604.9602357128,857.8685240506851
130,-40,-346371.0732516918,-1299793.7362139067,791.000754813278
130,-39,-349947.14159287966,-1187479.4344436694,734.8557770440449
130,-38,-353508.75223276875,-1075619.2086226721,691.6221740110386
130,-37,-357057.22889001784,-964171.4844512318,597.5725177906717
130,-36,-360593.85840607435,-853095.8458397081,490.48589004566753
130,-35,-364119.89410787495,-742352.9292954695,382.90671024560066
130,-34,-367636.55893835524,-631904.3256023555,277.99767225528234
130,-33,-371145.0483798632,-521712.4880044408,177.74839587034202
130,-32,-374646.53319284896,-411740.6461914398,102.5155823603422
130,-31,-378142.16198983765,-301952.7254574335,98.9154024003634
130,-30,-381633.0636626426,-192313.27046888394,182.25809223846085
130,-29,-385120.34967899014,-82787.373134081,284.9937265702402
130,-28,-388605.11626317387,26659.395885116126,365.698284130178
130,-27,-392088.446474005,136061.05243587596,360.6497967961522
130,-26,-395571.4121921433,245451.26129090012,388.4958058145761
130,-25,-399055.0760278702,354863.39606624417,331.9885256006153
130,-24,-402540.49315946916,464330.59695970645,263.3668141551818
130,-23,-406028.71311160614,573885.8266047714,230.294720333911
130,-22,-409520.78148242796,683561.9243139378,247.44214356710086
130,-21,-413017.74162751756,793391.6589670611,306.4781560290044
130,-20,-416520.6363083521,903407.7807847809,314.05425408746663
130,-19,-420030.50931247906,1013643.0722137397,260.2642286630722
130,-18,-423548.4070522786,1124130.398139237,218.29856402981665
130,-17,-427075.3801488792,1234902.7556315828,189.7837902959714
130,-16,-430612.4850075591,1345993.3234250348,137.08772170013307
130,-15,-434160.78539077536,1457435.5113222667,160.35840959216395
130,-14,-437721.3539948313,1569263.0097130653,193.04601278822142
130,-13,-441295.2740360913,1681509.8393929033,108.73862042316038
130,-12,-444883.6408526142,1794210.4018657631,103.32621893821991
130,-11,-448487.5635270623,1907399.530315168,179.19990263190022
131,-44,-248939.07452687743,-1752159.4290177699,1056.4248204917276
131,-43,-251675.28196962312,-1637560.3320198192,964.5613431464952
131,-42,-254396.33948019726,-1523595.7514402205,877.1385939676888
131,-41,-257103.38006805486,-1410218.2340565268,795.6136348077458
131,-40,-259797.4967848512,-1297382.000177223,721.978189183813
131,-39,-262479.74618475145,-1185042.7987154291,658.8729800300093
131,-38,-265151.15150760044,-1073157.7738699398,609.5667043644045
131,-37,-267812.7056157372,-961685.3421241952,550.1879789492326
131,-36,-270465.3737115491,-850585.0784284446,461.111616647651
131,-35,-273110.09585968347,-739817.6105633095,383.61396421686703
131,-34,-275747.7893351032,-629344.5207974376,282.9361479632644
131,-33,-278379.3508158089,-519128.254050919,172.13354500185002
131,-32,-281005.6584370081,-409132.0318616185,61.74758121716862
131,-31,-283627.5737217374,-299319.7715259786,50.886887777189315
131,-30,-286245.9434014068,-189656.0098501362,161.0855414596329
131,-29,-288861.6011383956,-80105.83100337889,271.8064440463212
131,-28,-291475.369161664,29365.20198529988,270.05723449690737
131,-27,-294088.0598253309,138791.11250426172,262.131467969299
131,-26,-296700.47709928226,248205.57278957515,298.38735752155907
131,-25,-299313.4180001065,357641.9638561081,325.78932564245565
131,-24,-301927.67396998213,467133.43324872776,295.15934956048034
131,-23,-304544.03221056086,576712.9509086192,304.3315160764674
131,-22,-307163.27697838773,686413.3634286426,345.30991671189133
131,-21,-309786.19084796053,796267.4469534027,390.315238284411
131,-20,-312413.5559481648,906307.9589641455,401.55578732702514
131,-19,-315046.15517749556,1016567.6891752707,361.5693218949553
131,-18,-317684.77340321813,1127079.50975811,314.8432463209561
131,-17,-320330.19864939206,1237876.4250983074,276.6130858680417
131,-16,-322983.22327850945,1348991.6212857347,243.21385781840382
131,-15,-325644.6451713545,1460458.5155299003,257.43064944917273
131,-14,-328315.26890959113,1572310.8056896306,171.37579135919302
131,-13,-330995.9069655118,1684582.5201026974,62.408880768818406
131,-12,-333687.38090335147,1797308.0678997734,43.7938842227605
131,-11,-336390.52259655925,1910522.2899867794,152.71696025612596
132,-44,-165968.14035496954,-1750508.656062072,1002.2292745700478
132,-43,-167792.37490617853,-1635891.4146355847,919.369063164924
132,-42,-169606.50896965258,-1521908.790090177,826.3914447974681
132,-41,-171411.29792488605,-1408513.3216901522,738.4178551132986
132,-40,-173207.4705114345,-1295659.2224957128,657.4502718846072
132,-39,-174995.73113590956,-1183302.2344137272,586.3870112011232
132,-38,-176776.76199420396,-1071399.4948576435,529.2208633879391
132,-37,-178551.22502947124,-959909.4137270033,488.4907701994559
132,-36,-180319.76374392415,-848791.5595715742,408.6927868798876
132,-35,-182083.00488039773,-738006.5539381882,317.8197271376917
132,-34,-183841.55998780247,-627515.9730128323,244.14112933862742
132,-33,-185596.026883016,-517282.2557695127,152.43404388247347
132,-32,-187346.9910204016,-407268.6179229763,95.88359340732961
132,-31,-189095.02677895746,-297438.9710567076,116.40707685745807
132,-30,-190840.6986760772,-187757.84636196808,192.41480464372975
132,-29,-192584.56251600743,-78190.3224798361,246.4697736364543
132,-28,-194327.16648031317,31298.04301308477,177.7516515615033
132,-27,-196069.05216698456,140741.27889206656,164.32626475561165
132,-26,-197810.7555842281,250173.06272448844,216.7006234591543
132,-25,-199552.80810447407,359626.7808104221,239.072042801478
132,-24,-201295.73738368318,469135.5859429707,194.2954116358131
132,-23,-203040.06825064952,578732.4532834388,207.06107468946024
132,-22,-204786.32357065863,688450.2346252735,269.28937767567805
132,-21,-206535.02508757237,798321.7113025091,355.9060997577683
132,-20,-208286.69424816198,908379.6459828772,453.1256791322481
132,-19,-210041.85301229882,1018656.8335723572,456.6985554775085
132,-18,-211801.02465243687,1129186.151446915,416.1125265163277
132,-17,-213564.7345456709,1240000.6092177725,373.4852182071031
132,-16,-215333.5109615365,1351133.3982291315,349.9275944986958
132,-15,-217107.88584862484,1462617.9409814423,307.99108528690175
132,-14,-218888.39562301588,1574487.9406688986,212.04982177477945
132,-13,-220675.5819614863,1686777.4310169597,137.1848289470038
132,-12,-222469.99260242766,1799520.826604287,127.79406208724279
132,-11,-224272.18215740344,1912752.9738531476,195.71563954381074
133,-44,-82986.69744514252,-1749518.1504774736,949.1646790626943
133,-43,-83898.84359829199,-1634890.0219342986,866.0291021038312
133,-42,-84805.93934768373,-1520896.570552382,781.9571856731702
133,-41,-85708.3623950226,-1407490.3310878912,687.5524632663881
133,-40,-86606.47712162226,-1294625.5122518754,598.880234431512
133,-39,-87500.63574193923,-1182257.8517472693,518.8752893239807
133,-38,-88391.179364719,-1070344.482916147,452.14782364120066
133,-37,-89278.43897201694,-958843.8117075419,405.29382269464395
133,-36,-90162.73632512594,-847715.4028307706,369.91182717157517
133,-35,-91044.38480538489,-736919.8740922333,268.2543985472529
133,-34,-91923.69019692979,-626418.7980281652,173.81599038511612
133,-33,-92800.95141766289,-516174.6100447755,114.33893453845288
133,-32,-93676.46120403355,-406150.52236278955,8.375370029160427
133,-31,-94550.50675463324,-296310.4431377728,102.56641854342622
133,-30,-95423.37033709505,-186618.90019191935,213.42485465361415
133,-29,-96295.32986234066,-77040.96884924544,197.70284227374643
133,-28,-97166.65942983025,32457.79658522366,98.65175133709099
133,-27,-98037.62984713235,141911.42811903797,70.29628706860893
133,-26,-98908.50912683523,251353.606518501,157.17508513615113
133,-25,-99779.56296356558,360817.72125493846,169.59782666448297
133,-24,-100651.05519365659,470336.92827052786,95.57988417895852
133,-23,-101523.24823981326,579944.2058587795,118.49786141423539
133,-22,-102396.40354295529,689672.4089336209,208.50105438805835
133,-21,-103270.78198327286,799554.3219428814,312.12074138262193
133,-20,-104146.644292406,909622.7106663099,419.37237655137307
133,-19,-105024.25145855302,1019910.3731249676,528.0398578110177
133,-18,-105903.86512622425,1130450.1898177343,516.0897082109038
133,-17,-106785.74799228381,1241275.173491302,474.64356725670683
133,-16,-107670.16419986196,1352418.5186426176,456.05519965622204
133,-15,-108557.37973167504,1463913.65094682,365.75858810322933
133,-14,-109447.66280425443,1575794.2767994616,288.887369429902
133,-13,-110341.28426456319,1688094.4331587558,238.000135341824
133,-12,-111238.51799046775,1800848.5378722874,233.0258248250747
133,-11,-112139.6412965294,1914091.440672272,276.44416032502255
134,-44,0.0,-1749187.974980611,900.8890638569552
134,-43,0.0,-1634556.2173219437,811.9508004097
134,-42,0.0,-1520559.1569183539,729.0965072809397
134,-41,0.0,-1407149.3270232608,644.5246312069545
134,-40,0.0,-1294280.9348979683,548.1888536688474
134,-39,0.0,-1181909.71684407,458.5493763615713
134,-38,0.0,-1069992.8048464872,380.3533759015047
134,-37,0.0,-958488.6035373871,322.0275887530887
134,-36,0.0,-847356.6763459106,282.43195116789985
134,-35,0.0,-736557.6398316213,244.8297326046551
134,-34,0.0,-626053.0653141455,134.62083310674885
134,-33,0.0,-515805.3870103981,29.123889817334693
134,-32,0.0,-405777.8159764105,32.74356943582672
134,-31,0.0,-295934.25922508066,128.05677435540704
134,-30,0.0,-186239.24345555983,233.42058596568674
134,-29,0.0,-76657.84288614904,191.6201671774352
134,-28,0.0,32844.38926866955,85.68488784179199
134,-27,0.0,142301.48609390028,50.29559073465373
134,-26,0.0,251747.1294221736,149.23445078615978
134,-25,0.0,361214.709781924,144.78984445485108
134,-24,0.0,470737.38416504354,35.70558695741113
134,-23,0.0,580348.1319091291,78.23947413554453
134,-22,0.0,690079.8089682958,188.3991978910235
134,-21,0.0,799965.200828323,298.9722721149506
134,-20,0.0,910037.0743063202,409.61365358840567
134,-19,0.0,1020328.2284617322,520.2719848680181
134,-18,0.0,1130871.5448344306,611.8712426680152
134,-17,0.0,1241700.0372162915,577.8396290070593
134,-16,0.0,1352846.901155193,519.6329521443455
134,-15,0.0,1464345.5633845304,442.3242028760481
134,-14,0.0,1576229.7313669936,380.2958923543406
134,-13,0.0,1688533.443138404,343.6009082559346
134,-12,0.0,1801291.1176360142,340.52103647544817
134,-11,0.0,1914537.6056953766,371.8850564840722
135,-44,82986.6974451404,-1749518.1504774736,856.5960890376457
135,-43,83898.84359828984,-1634890.0219342986,763.543953714634
135,-42,84805.93934768157,-1520896.570552382,673.8937075498609
135,-41,85708.36239502042,-1407490.3310878912,591.5443957678061
135,-40,86606.47712162005,-1294625.5122518754,507.74798297678996
135,-39,87500.635741937,-1182257.8517472693,408.6126051192917
135,-38,88391.17936471675,-1070344.482916147,317.44984673009594
135,-37,89278.43897201466,-958843.8117075419,243.36331973628654
135,-36,90162.73632512364,-847715.4028307706,197.75266941395407
135,-35,91044.38480538256,-736919.8740922333,182.31105001313495
135,-34,91923.69019692745,-626418.7980281652,114.0631153221287
135,-33,92800.95141766053,-516174.6100447755,34.660458630188856
135,-32,93676.46120403116,-406150.52236278955,81.22918161952829
135,-31,94550.50675463083,-296310.4431377728,176.33621268637648
135,-30,95423.37033709262,-186618.90019191935,266.7471589162987
135,-29,96295.3298623382,-77040.96884924544,231.60987421037987
135,-28,97166.65942982776,32457.79658522366,156.28500365505633
135,-27,98037.62984712985,141911.42811903797,140.59697623284214
135,-26,98908.50912683271,251353.606518501,199.14831437288194
135,-25,99779.56296356303,360817.72125493846,183.7331607357676
135,-24,100651.05519365403,470336.92827052786,119.0345433703602
135,-23,101523.24823981068,579944.2058587795,138.2522482389727
135,-22,102396.40354295268,689672.4089336209,220.41288478689702
135,-21,103270.78198327022,799554.3219428814,320.2572293027943
135,-20,104146.64429240333,909622.7106663099,425.50403983868335
135,-19,105024.25145855034,1019910.3731249676,532.954713925147
135,-18,105903.86512622154,1130450.1898177343,641.4968332054855
135,-17,106785.74799228109,1241275.173491302,673.3010542285998
135,-16,107670.16419985922,1352418.5186426176,595.8785745770813
135,-15,108557.37973167228,1463913.65094682,529.1079165647191
135,-14,109447.66280425164,1575794.2767994616,478.84308659763605
135,-13,110341.28426456038,1688094.4331587558,450.63436560991585
135,-12,111238.51799046491,1800848.5378722874,448.654774462756
135,-11,112139.64129652655,1914091.440672272,473.2278360622712
136,-44,165968.14035496954,-1750508.656062072,786.163046049707
136,-43,167792.37490617853,-1635891.4146355847,719.5281359381237
136,-42,169606.50896965258,-1521908.790090177,625.616679727425
136,-41,171411.29792488605,-1408513.3216901522,535.0168606602116
136,-40,173207.4705114345,-1295659.2224957128,453.5960357975597
136,-39,174995.73113590956,-1183302.2344137272,373.2648266193676
136,-38,176776.76199420396,-1071399.4948576435,269.7399183733029
136,-37,178551.22502947124,-959909.4137270033,175.61227072560763
136,-36,180319.76374392415,-848791.5595715742,116.42234626038915
136,-35,182083.00488039773,-738006.5539381882,93.18392122104854
136,-34,183841.55998780247,-627515.9730128323,92.80296345893348
136,-33,185596.026883016,-517282.2557695127,41.705846044575765
136,-32,187346.9910204016,-407268.6179229763,126.65110106697355
136,-31,189095.02677895746,-297438.9710567076,220.12708445652484
136,-30,190840.6986760772,-187757.84636196808,321.16037211490783
136,-29,192584.56251600743,-78190.3224798361,299.7662452021475
136,-28,194327.16648031317,31298.04301308477,246.94200544689699
136,-27,196069.05216698456,140741.27889206656,238.0211420664864
136,-26,197810.7555842281,250173.06272448844,277.2549920921265
136,-25,199552.80810447407,359626.7808104221,259.12175908977804
136,-24,201295.73738368318,469135.5859429707,218.67298135500434
136,-23,203040.06825064952,578732.4532834388,230.25622223563684
136,-22,204786.32357065863,688450.2346252735,287.6366359682606
136,-21,206535.02508757237,798321.7113025091,370.08052697593723
136,-20,208286.69424816198,908379.6459828772,464.41754657499354
136,-19,210041.85301229882,1018656.8335723572,508.4843742193493
136,-18,211801.02465243687,1129186.151446915,560.2980337180459
136,-17,213564.7345456709,1240000.6092177725,627.5031659933338
136,-16,215333.5109615365,1351133.3982291315,679.9168686034683
136,-15,217107.88584862484,1462617.9409814423,622.6191296822562
136,-14,218888.39562301588,1574487.9406688986,580.9059924196915
136,-13,220675.5819614863,1686777.4310169597,558.2759645262865
136,-12,222469.99260242766,1799520.826604287,557.054273155959
136,-11,224272.18215740344,1912752.9738531476,577.372122169586
137,-44,248939.07452687537,-1752159.4290177699,707.9790617931412
137,-43,251675.281969621,-1637560.3320198192,670.2084386064855
137,-42,254396.33948019508,-1523595.7514402205,581.6323266329707
137,-41,257103.38006805268,-1410218.2340565268,487.3433478002972
137,-40,259797.496784849,-1297382.000177223,395.34430859433394
137,-39,262479.74618474924,-1185042.7987154291,315.8288326040667
137,-38,265151.1515075982,-1073157.7738699398,246.2263673066012
137,-37,267812.705615735,-961685.3421241952,136.18629333149772
137,-36,270465.3737115468,-850585.0784284446,33.21126212861952
137,-35,273110.09585968114,-739817.6105633095,27.302422678621895
137,-34,275747.78933510085,-629344.5207974376,35.51826138958484
137,-33,278379.35081580654,-519128.254050919,49.569237073006335
137,-32,281005.65843700577,-409132.0318616185,88.48429791904125
137,-31,283627.57372173504,-299319.7715259786,178.86236240073004
137,-30,286245.9434014044,-189656.0098501362,227.68908103468775
137,-29,288861.60113839316,-80105.83100337889,268.8682873404915
137,-28,291475.36916166154,29365.20198529988,342.060748010476
137,-27,294088.0598253284,138791.11250426172,336.43270984328484
137,-26,296700.47709927976,248205.57278957515,365.92277544787333
137,-25,299313.418000104,357641.9638561081,348.0244306560206
137,-24,301927.6739699796,467133.43324872776,319.71731786353854
137,-23,304544.0322105583,576712.9509086192,328.3786282490138
137,-22,307163.2769783851,686413.3634286426,371.41845901514887
137,-21,309786.1908479579,796267.4469534027,366.55488704743175
137,-20,312413.5559481621,906307.9589641455,374.5025620672062
137,-19,315046.15517749294,1016567.6891752707,413.0662904180349
137,-18,317684.77340321545,1127079.50975811,474.8360650379716
137,-17,320330.1986493893,1237876.4250983074,552.0699754266807
137,-16,322983.22327850666,1348991.6212857347,639.1812420819275
137,-15,325644.6451713518,1460458.5155299003,720.2409546033956
137,-14,328315.2689095884,1572310.8056896306,684.9134641101651
137,-13,330995.90696550906,1684582.5201026974,666.2297980381912
137,-12,333687.3809033486,1797308.0678997734,665.5885806317247
137,-11,336390.5225965564,1910522.2899867794,683.0366520536943
138,-44,331894.2464236425,-1754470.3648212512,630.5639841603081
138,-43,335542.25350728247,-1639896.668414819,608.5166328962579
138,-42,339170.0621735748,-1525957.3477878277,532.2123377194463
138,-41,342779.1829901954,-1412604.9602357114,442.9406380245742
138,-40,346371.07325168955,-1299793.7362139053,349.30173491097037
138,-39,349947.14159287733,-1187479.434443668,254.90325859244712
138,-38,353508.7522327665,-1075619.2086226707,180.5305160993321
138,-37,357057.22889001557,-964171.4844512318,136.11945784873856
138,-36,360593.85840607196,-853095.8458397081,31.352106690026147
138,-35,364119.8941078725,-742352.9292954681,27.545092136350416
138,-34,367636.5589383528,-631904.3256023541,47.502121326685526
138,-33,371145.04837986076,-521712.4880044394,19.899202158694692
138,-32,374646.5331928466,-411740.6461914384,58.268698347570385
138,-31,378142.1619898352,-301952.7254574321,149.08373112247202
138,-30,381633.06366264017,-192313.27046888252,133.275742750822
138,-29,385120.34967898764,-82787.3731340796,194.60450916599177
138,-28,388605.1162631713,26659.39588511754,287.298464892257
138,-27,392088.44647400244,136061.05243587738,389.5641237895252
138,-26,395571.41219214076,245451.26129090154,459.0686136926371
138,-25,399055.0760278676,354863.39606624556,442.3639125898622
138,-24,402540.4931594665,464330.59695970785,421.1536328590569
138,-23,406028.7131116035,573885.8266047728,363.0358346985519
138,-22,409520.7814824253,683561.9243139406,297.05734592063556
138,-21,413017.74162751494,793391.6589670639,263.06570294894505
138,-20,416520.6363083495,903407.7807847809,273.25378591997935
138,-19,420030.5093124763,1013643.0722137425,323.4607183505802
138,-18,423548.4070522757,1124130.398139237,398.83982649307876
138,-17,427075.38014887646,1234902.7556315828,487.8516683260951
138,-16,430612.4850075563,1345993.3234250348,584.2927041075866
138,-15,434160.7853907725,1457435.5113222694,685.0276297144563
138,-14,437721.3539948284,1569263.0097130681,788.4084874041635
138,-13,441295.27403608843,1681509.839392906,774.3640295405914
138,-12,444883.6408526113,1794210.401865766,774.1998319164135
138,-11,448487.56352705933,1907399.5303151708,789.6102901416367
139,-44,414828.403506088,-1757441.31714914,554.2534587892966
139,-43,419387.9792468306,-1642900.2758889012,527.6214346056929
139,-42,423922.3093639688,-1528993.4296019082,492.7224047441948
139,-41,428433.2818877536,-1415673.3491054506,393.83887719981317
139,-40,432922.71826334763,-1302894.277899937,303.5023888510562
139,-39,437392.3791170343,-1190611.9873160266,213.51766893218993
139,-38,441843.96956060466,-1078783.6432631991,113.74582914539698
139,-37,446279.1440852222,-967367.6832910464,70.20986559625554
139,-36,450699.51108991425,-856323.7028290888,58.507460878343615
139,-35,455106.6370845491,-745612.3496038566,12.561522208556022
139,-34,459502.0506026011,-635195.2253463679,39.10278210725476
139,-33,463887.2458550701,-525034.7940020586,94.78012700981834
139,-32,468263.6861535188,-415094.295740712,128.57880495640168
139,-31,472632.8071272333,-305337.66613821435,82.84446536030894
139,-30,476996.01975695137,-195729.45996630687,47.349690329079365
139,-29,481354.7132453706,-86234.77908258764,148.98307783493476
139,-28,485710.2577427075,23180.796038231176,258.29067433427906
139,-27,490064.00694388885,132551.27154831114,368.49103400170276
139,-26,494417.30057247885,241910.30262541492,478.95753675204037
139,-25,498771.46676516975,351291.25337363617,500.1989420495845
139,-24,503127.8243695388,460727.2545453429,396.5783164145386
139,-23,507487.6851668124,570251.259379197,298.14436678636554
139,-22,511852.3560305339,679896.0978280196,212.21773073593346
139,-21,516223.14103130886,789694.5294320681,160.32452751032588
139,-20,520601.3434971803,899679.2950776963,175.73829223991362
139,-19,524988.268038658,1009883.167868085,246.10548408417662
139,-18,529385.2225469801,1120339.0033215652,338.74454688719015
139,-17,533793.520173822,1231079.789103813,439.79123608852944
139,-16,538214.4813003576,1342138.6944926656,544.5790131031989
139,-15,542649.4355033626,1453549.1197685306,651.2996926048563
139,-14,547099.7235258583,1565344.745718945,734.8868910286287
139,-13,551566.6992596945,1677559.5834429695,784.1917963326391
139,-12,556051.7317473995,1790228.0246396663,845.1233335469516
139,-11,560556.207210624,1903384.8925645982,896.7678714354474
140,-44,497736.2945656348,-1761072.0978872643,479.58849855781045
140,-43,503207.150261164,-1646570.9642602392,447.1213217934748
140,-42,508647.7147253294,-1532703.8046444352,440.99542000488094
140,-41,514060.2533314114,-1419423.2063821033,358.91381492288934
140,-40,519446.9515598599,-1306683.4289158327,255.8073131389182
140,-39,524809.9219169426,-1194440.2589861404,163.46042545928228
140,-38,530151.21029927,-1082650.8774264783,94.26388535183173
140,-37,535472.8018657516,-971273.7362673533,28.683103316305182
140,-36,540776.6264711546,-860268.4450157791,33.879608077434355
140,-35,546064.5637090908,-749595.6651091445,56.600159869565196
140,-34,551338.4476067896,-639217.0116569386,64.05387615902
140,-33,556600.0710092928,-529094.9616826636,153.2008097433626
140,-32,561851.1896866224,-419192.76816371805,138.02486038117624
140,-31,567093.5261939241,-309474.3792413183,99.36068664418362
140,-30,572328.7735115201,-199904.36203679725,72.67888020116457
140,-29,577558.5984891178,-90447.83056673265,158.9542473560564
140,-28,582784.645116102,18929.622701939228,264.22380602881697
140,-27,588008.5376378017,128261.9920731808,372.71279084797663
140,-26,593231.8835358577,237582.92099883864,482.2425970775419
140,-25,598456.2763892779,346925.761958508,423.45655296185214
140,-24,603683.2986314268,456323.63416135736,358.06785073719175
140,-23,608914.5242170322,565809.4793646985,259.51868456418924
140,-22,614151.5212122861,675416.1160829597,152.7899841398934
140,-21,619395.8543202451,785176.2924425333,62.171821962277214
140,-20,624649.0873529948,895122.7379224125,94.35428403347753
140,-19,629912.7856614017,1005288.214207184,196.0829634482364
140,-18,635188.5185327498,1115705.565367881,304.12950554739575
140,-17,640477.8615661146,1226407.7675768342,413.5624767870663
140,-16,645782.399034963,1337427.9785552602,523.5064765481561
140,-15,651103.7262462022,1448799.5869464604,595.9921403967417
140,-14,656443.4519046801,1560556.2618031332,636.4657577750603
140,-13,661803.2004920057,1672732.0023744204,692.3740542505773
140,-12,667184.614668492,1785361.1883768504,760.3161615725924
140,-11,672589.3577070053,1898478.6309331018,837.3650450224125
141,-44,580612.6700568206,-1765362.4771425652,407.4882021652749
141,-43,586994.4593045765,-1650908.5011089097,367.29111184780896
141,-42,593340.9136311833,-1537088.23798261,358.35670408227696
141,-41,599654.6756095124,-1423854.2946329461,316.611597104036
141,-40,605938.2946169211,-1311160.949340872,220.0787173506346
141,-39,612194.2349059022,-1198964.0070562572,122.04423515741304
141,-38,618424.8830283444,-1087220.6662477364,25.761743315626752
141,-37,624632.5546852066,-975889.3960574578,26.722683360917692
141,-36,630819.5010648018,-864929.8226273672,47.06679662361975
141,-35,636987.9147254741,-754302.6235965437,87.17960137531841
141,-34,643139.9350720812,-643969.4298833944,48.385969458928365
141,-33,649277.6534701878,-533892.7339653561,123.18236248529251
141,-32,655403.1180371031,-424035.8039541878,43.66856927572117
141,-31,661518.3381447648,-314362.6028391594,115.02850248731686
141,-30,667625.2886658832,-204837.7123347262,163.9599622861711
141,-29,673725.9139916349,-95426.26082535095,216.98426616694076
141,-28,679822.1318464786,13906.145051196721,303.0521825169994
141,-27,685915.836923302,123193.48559823571,401.43185481816784
141,-26,692008.9043600401,232469.39041147,433.8629012497463
141,-25,698103.1930771152,341767.1982341851,355.90282025459635
141,-24,704200.5489934824,451120.01463531837,274.1478676967255
141,-23,710302.8081377117,560560.7678050322,219.49570362684267
141,-22,716411.7996693569,670122.2627413631,152.21427381785384
141,-21,722529.3488248525,779837.2340832979,60.733443552800274
141,-20,728657.2798013091,889738.3978301141,93.40659695446469
141,-19,734797.4185908355,999858.5021734087,195.62584594498696
141,-18,740951.5957773983,1110230.377657295,303.83320536957154
141,-17,747121.6493077086,1220886.9868727857,413.3433634794687
141,-16,753309.4272472142,1331861.4738849984,467.8810896207322
141,-15,759516.790531943,1443187.2135860363,493.7931147591893
141,-14,765745.6157267087,1554897.8611619107,541.470296678627
141,-13,771997.7978000215,1667027.4018590804,605.7904329988684
141,-12,778275.2529259692,1779610.201234699,682.0572364579294
141,-11,784579.9213233197,1892681.05607439,766.7106545642083
142,-44,663452.2824296717,-1770312.1832576576,339.6034834629939
142,-43,670744.6011487833,-1655912.611791615,288.7028162416733
142,-42,677996.5434942903,-1542146.4520037535,275.7525338854349
142,-41,685211.1290713327,-1428966.3332912095,292.84423305316136
142,-40,692391.2709927548,-1316326.555668307,183.6733903458197
142,-39,699539.7851012434,-1204182.9450925922,79.86223981012738
142,-38,706659.3984528531,-1092492.7203779903,49.16430226603919
142,-37,713752.7571439684,-981214.370407928,36.06903741937683
142,-36,720822.4335539076,-870307.5405156695,45.06008282013873
142,-35,727870.9330669184,-759732.9270317885,29.826447308220185
142,-34,734900.7003300248,-649452.1791130557,25.074851317038753
142,-33,741914.1250968936,-539427.8070657409,126.04559286153216
142,-32,748913.5477024395,-429623.09646174044,51.26833749647999
142,-31,755901.2642081626,-320002.02742016397,118.15586820187261
142,-30,762879.531254117,-210529.19849119638,217.74479796278246
142,-29,769850.5706498334,-101169.75463518137,296.0430491725189
142,-28,776816.5737334187,8110.681161566655,364.40594906257246
142,-27,783779.7055253518,117346.07305016808,426.964876674184
142,-26,790742.1087011321,226570.03464082582,363.3203644641063
142,-25,797705.907404893,335815.8888295854,286.1966759858422
142,-24,804673.2109243012,445116.72544897953,207.50629352725264
142,-23,811646.1172455152,554505.4570370775,125.85959899003876
142,-22,818626.716505633,664014.8729983877,114.67576012164396
142,-21,825617.0943588963,773677.6924118074,158.66193023094564
142,-20,832619.3352719368,883526.6157253834,174.21291064171183
142,-19,839635.5257624883,993594.3755641882,245.01172365941417
142,-18,846667.7575952901,1103913.7868666626,337.94593605967935
142,-17,853718.1309483157,1214517.7965553661,361.82139650129767
142,-16,860788.7575619774,1325439.5329407249,361.8517087114877
142,-15,867881.7638835935,1436712.3550504083,394.23644823987644
142,-14,874999.2942191241,1548369.9020727703,452.06788353266217
142,-13,882143.5139039946,1660446.143099718,527.0290826398351
142,-12,889316.6125047404,1772975.4273530762,612.8619478815029
142,-11,896520.8070631799,1885992.5350781605,705.6066850757936
143,-44,746249.8864619824,-1775920.902828026,279.0412491564736
143,-43,754452.2729188539,-1661582.9794590613,212.75417883578436
143,-42,762609.2441062086,-1547878.1264328668,193.24578386181003
143,-41,770724.1964702603,-1434758.998673839,217.4949058559624
143,-40,778800.4066748881,-1322179.9208232933,182.9351419219541
143,-39,786841.0419746798,-1210096.742643459,80.46240835719709
143,-38,794849.1697571856,-1098466.7060023565,28.585207914663805
143,-37,802827.76634667,-987248.3221530908,31.867624345427604
143,-36,810779.7251505789,-876401.2581754072,22.214964945120503
143,-35,818707.8642204285,-765886.2315799991,34.86908817349765
143,-34,826614.9332906196,-655664.9121902925,68.07448847634335
143,-33,834503.620351607,-545699.8305151524,152.7520937860165
143,-32,842376.5578077257,-435954.29191129276,61.186288038774414
143,-31,850236.328264657,-326392.29590835865,71.90904834461672
143,-30,858085.4699869134,-216978.46013381248,176.57792318990684
143,-29,865926.4820616991,-107677.94833081697,285.9354390137207
143,-28,873761.8293020193,1543.5979890897145,366.0023963350892
143,-27,881593.9469188589,110720.12467428851,328.96952559557417
143,-26,889425.2449896126,219885.2272211482,303.36493605093426
143,-25,897258.1127476287,329072.21056854224,214.12243731809858
143,-24,905094.9227157304,438314.1467174157,141.45128936432806
143,-23,912938.0347048246,547643.9304698044,67.95723221641718
143,-22,920789.7996972097,657094.3335605284,42.97956756945974
143,-21,928652.563632877,766698.0574366975,126.03708286771773
143,-20,936528.6711159949,876487.784924611,156.15713730080444
143,-19,944420.4690578077,986496.2310102589,239.56248759560677
143,-18,952330.3102713828,1096756.1929486261,301.53467534087474
143,-17,960260.5570329768,1207300.5999077137,257.15257398919806
143,-16,968213.5846242557,1318162.562345626,256.54565660110495
143,-15,976191.7848691863,1429375.4213133885,299.9680454758084
143,-14,984197.5696791019,1540972.7978717359,372.3122384901266
143,-13,992233.3746192399,1652988.6428071728,460.12651801410806
143,-12,1000301.6625099437,1765457.2868312816,556.1253503812084
143,-11,1008404.9270757046,1878413.491446862,656.7255694525276
144,-44,829000.2395914143,-1782188.2807218756,231.62996833264668
144,-43,838112.1744289604,-1667919.2450760303,143.71203583630316
144,-42,847173.6579766725,-1554282.8983529229,111.07764772544098
144,-41,856188.4633067831,-1441231.9240019943,137.1390372255733
144,-40,865160.2304267344,-1328720.6741836134,162.48946354051623
144,-39,874092.477802472,-1216705.0252601907,51.49790592652846
144,-38,882988.6129588212,-1105142.244861195,18.547358206364933
144,-37,891851.9422594719,-993990.8692363803,20.736661374811305
144,-36,900685.6799567939,-883210.5897657704,29.170269268778544
144,-35,909492.9565911392,-772762.1476274539,54.838745746725294
144,-34,918276.8268101776,-662607.2357384991,81.47885122225692
144,-33,927040.276670955,-552708.4071828496,170.10199999732092
144,-32,935786.230480548,-443028.9894254608,76.09823857352696
144,-31,944517.5572252945,-333533.00368598744,85.08824427192572
144,-30,953237.0766334478,-224185.08890949812,182.4016447599484
144,-29,961947.5649116499,-114950.42982773445,222.99397975672196
144,-28,970651.7601917362,-5794.688652963169,283.1258974965021
144,-27,979352.3677210064,103316.06001108744,232.2516842810514
144,-26,988052.0648261493,212415.39141975626,228.44280120558665
144,-25,996753.5056784477,321536.5904459414,161.09934557011914
144,-24,1005459.3258856572,430712.7091649654,66.78664687425568
144,-23,1014172.1469340161,539976.622559997,55.10086328638638
144,-22,1022894.5805021644,649361.0826211345,108.68224655066886
144,-21,1031629.2326673018,758898.7710931186,27.138046770962227
144,-20,1040378.7080226796,868622.3511110983,95.58793204004532
144,-19,1049145.6137244513,978564.5179505285,205.05153803961926
144,-18,1057932.5634850364,1088758.0491063078,203.9311965729505
144,-17,1066742.1815294009,1199235.8539068575,155.17608472587392
144,-16,1075577.106530067,1310031.0228614889,153.46436523139582
144,-15,1084439.9955362051,1421176.8769334983,217.96436053320596
144,-14,1093333.527911805,1532707.0169271908,309.7491942776602
144,-13,1102260.4092977007,1644655.3731739807,410.918033761933
144,-12,1111223.375612104,1757056.2557014572,515.9750145942099
144,-11,1120225.1971042815,1869944.4050688853,622.9521790416194
145,-44,911698.1022474611,-1789113.920102609,171.1559781319428
145,-43,921719.0085179922,-1674921.0074441053,97.56626082176426
145,-42,931684.4306728367,-1561360.3622278364,32.02833703725702
145,-41,941598.518171343,-1448384.6994242663,66.09362060199359
145,-40,951465.2741340401,-1335948.4016031378,139.67769477122985
145,-39,961288.568015449,-1224007.374520856,56.39527661890752
145,-38,971072.1472619132,-1112518.9142740539,4.777259893413429
145,-37,980819.6480671967,-1001441.5847345326,13.094771100425106
145,-36,990534.6053250737,-890735.1041348447,26.728234394719724
145,-35,1000220.4618665128,-780360.2398062597,56.37115241766193
145,-34,1009880.5770590395,-670278.7101850037,58.251879346779944
145,-33,1019518.2348372196,-560453.0933011576,167.9712660412985
145,-32,1029136.6512257118,-450846.741049946,96.88056979492534
145,-31,1038738.9814098519,-341423.69861912436,97.07759215296865
145,-30,1048328.3264030949,-232148.62851035633,90.71410394577666
145,-29,1057907.739355737,-122986.73864838961,150.88059482551947
145,-28,1067480.2315450725,-13903.714120404387,214.44806946447528
145,-27,1077048.7780834248,95134.34786966948,139.50640638768607
145,-26,1086616.3233772547,204161.0002102339,132.24937234201101
145,-25,1096185.7863677223,313209.5056006902,79.10001288658732
145,-24,1105760.065580636,422312.8940979498,57.411854028256045
145,-23,1115342.044011578,531504.0187847425,68.04509879274656
145,-22,1124934.5938701637,640815.6098326622,152.65108806324565
145,-21,1134540.5812057916,750280.3272147472,85.02832803749821
145,-20,1144162.870435877,859930.8123068268,125.19138920197783
145,-19,1153804.3287964044,969799.7386036448,134.91700495756967
145,-18,1163467.8307336506,1079919.861764595,98.14513528918528
145,-17,1173156.2622551306,1190324.069194793,69.08182647657618
145,-16,1182872.5252571485,1301045.4293595252,64.3784024832403
145,-15,1192619.5418458392,1412117.2410245526,167.35062644554313
145,-14,1202400.2586681973,1523573.0826102195,276.31639790732265
145,-13,1212217.6512693388,1635446.861844456,386.228112092089
145,-12,1222074.7284921112,1747772.8658984308,496.4524088321034
145,-11,1231974.5369351504,1860585.8121881655,606.814940376705
146,-44,994338.2381831894,-1796697.3824539627,100.74455985824436
146,-43,1005267.4813849418,-1682587.8232270847,58.15528062386582
146,-42,1016136.2111582876,-1569110.0699281509,24.237364899803676
146,-41,1026948.9530869563,-1456216.872042636,9.54690989784787
146,-40,1037710.0731510943,-1343862.645438052,116.85962042064195
146,-39,1048423.7915487931,-1232003.3280567478,50.30863208449879
146,-38,1059094.1954106346,-1120596.2471664385,29.213894945057735
146,-37,1069725.2505302208,-1009599.9968846173,33.35027515339214
146,-36,1080320.8122189085,-898974.324846917,1.1676029721534522
146,-35,1090884.6353802902,-788680.0270219166,46.628783245849476
146,-34,1101420.38388904,-678678.8497889035,97.05597759958299
146,-33,1111931.639349312,-568933.398493575,151.70495478724084
146,-32,1122421.9092997145,-459407.0517818964,57.66234504061976
146,-31,1132894.6349248025,-350063.8810863095,57.43087620576195
146,-30,1143353.1983268836,-240868.57470256343,11.613191777729405
146,-29,1153800.9294065894,-131786.36595136617,120.7905992285131
146,-28,1164241.1123960046,-22782.9649675646,177.32183627843617
146,-27,1174676.9920840997,86175.50629806782,69.18561246288573
146,-26,1185111.7797706735,195122.57624249384,51.83684578874393
146,-25,1195548.6589819435,304091.48328550137,83.88451193535874
146,-24,1205990.7909782417,413115.23337419867,72.05655626391419
146,-23,1216441.3200819492,522226.65561069106,95.30512966286051
146,-22,1226903.378851796,631458.4562756704,187.0195192698967
146,-21,1237380.0931279056,740843.2715025025,106.96525695489937
146,-20,1247874.5869704906,850413.7188409354,28.304650902106186
146,-19,1258389.9875138176,960202.4479361662,30.046362054522216
146,-18,1268929.4297560186,1070242.1905380904,10.799191995008563
146,-17,1279496.0613044212,1180565.8100461403,25.124836058857824
146,-16,1290093.0470953698,1291206.3507877649,81.81750198518141
146,-15,1300723.5741069422,1402197.0872227836,177.41075127511994
146,-14,1311390.8560825635,1513571.5732614673,282.55155428484517
146,-13,1322098.1382832257,1625363.6918813037,390.7331232757953
146,-12,1332848.7022858988,1737607.7052260383,499.9801059630785
146,-11,1343645.8708456845,1850338.3053702377,609.7160647877175
147,-44,1076915.4148068007,-1804938.1876077605,63.18202799463602
147,-43,1088752.3029241129,-1690919.2069790363,5.12755975789143
147,-42,1100523.6521318755,-1577531.5307594012,25.127023405725648
147,-41,1112234.3638516492,-1464727.9459411418,18.937613142489905
147,-40,1123889.166646754,-1352462.904575827,123.68498440264285
147,-39,1135492.631191638,-1240692.3795816563,56.017814080139125
147,-38,1147049.1840423332,-1129373.7320993776,4.25006152602425
147,-37,1158563.120341174,-1018465.5891139031,30.252633740429033
147,-36,1170038.6155729906,-907927.7302126372,7.202145939293171
147,-35,1181479.7364762474,-797720.9824837811,36.17434812135181
147,-34,1192890.4512007777,-687807.122671818,20.64222797122657
147,-33,1204274.638793545,-578148.785805808,104.17666971960529
147,-32,1215636.0980850179,-468709.3796012453,51.75332119263094
147,-31,1226978.5560410817,-359453.00401017215,65.35135694205228
147,-30,1238305.6756387495,-250344.37535828512,14.440532431984566
147,-29,1249621.0633181464,-141348.75456360076,107.35358390187119
147,-28,1260928.2760581975,-32431.878979790974,191.11875300692768
147,-27,1272230.828119067,76440.10255044143,99.57701857214276
147,-26,1283532.1974905597,185300.69180968008,88.65965228632402
147,-25,1294835.8320823763,294183.1008335122,168.2033160632308
147,-24,1306145.1556892083,403120.3093693791,163.14575267455427
147,-23,1317463.5737611444,512145.1204600956,185.66351338640365
147,-22,1328794.4790076816,621290.2144245568,227.4989681809867
147,-21,1340141.2568617489,730588.2014900204,128.96075947188052
147,-20,1351507.2908285453,840071.6733148667,63.493681863133034
147,-19,1362895.967742618,949773.2536274571,39.68917272284459
147,-18,1374310.682955452,1059725.648195673,107.2349805734335
147,-17,1385754.8454748886,1169961.694332427,118.60264800441743
147,-16,1397231.883076915,1280514.4101350447,165.45707965907494
147,-15,1408745.2474097603,1391417.0436505345,235.94812304513786
147,-14,1420298.4191097918,1502703.122154531,324.69496939979757
147,-13,1431894.9129483956,1614406.5017286832,423.5023240852309
147,-12,1443538.283028882,1726561.4173199225,526.0945609715224
147,-11,1455232.1280524288,1839202.5334647147,631.3931262177584
148,-44,1159424.4035129424,-1813835.8137743357,96.36848957562681
148,-43,1172168.1870600712,-1699914.6311750512,19.454621531845483
148,-42,1184841.410366287,-1586624.2114931974,15.08465874952402
148,-41,1197449.350380635,-1473917.3822172903,23.398757584932838
148,-40,1209997.0979502054,-1361748.6344669515,128.7148413218151
148,-39,1222489.5739363993,-1250073.9789239361,124.133186549743
148,-38,1234931.544040418,-1138850.8133018177,13.311214849813217
148,-37,1247327.6324813701,-1028037.8000725742,38.048555561108046
148,-36,1259682.3346531757,-917594.7533220531,69.13910015696554
148,-35,1272000.0288716743,-807482.5337384205,10.027812894075742
148,-34,1284284.9873106047,-697662.9508515683,44.01464849838662
148,-33,1296541.3862141264,-588098.6717397869,22.186950771621646
148,-32,1308773.3154640344,-478753.13550504035,63.80089674196785
148,-31,1320984.7875715622,-369590.47289208596,98.82586839677688
148,-30,1333179.7461564965,-260575.43049064765,11.41873361139428
148,-29,1345362.0739701027,-151673.2990156597,113.66879534809786
148,-28,1357535.6005129274,-42849.84520905267,176.98007842909465
148,-27,1369704.109293813,65928.75305116375,93.0927370006626
148,-26,1381871.3447723514,174695.9688119307,102.78911735384916
148,-25,1394041.0190234126,283484.9856217247,192.3789751298144
148,-24,1406216.8181592606,392328.75494011125,141.28935894539026
148,-23,1418402.408542066,501260.05167360354,153.96513995500857
148,-22,1430601.4428172742,610311.5281100529,146.05047061311157
148,-21,1442817.5657962605,719515.7665057958,89.70311718522828
148,-20,1455054.4202149755,828905.3305642174,26.112594178518382
148,-19,1467315.652393799,938512.8160311771,89.10205042796792
148,-18,1479604.9178225833,1048370.9006216847,185.1385429360885
148,-17,1491925.8866938325,1158512.3934829582,217.67525065958765
148,-16,1504282.2494061373,1268970.2843915515,258.11557697115825
148,-15,1516677.7220593272,1379777.792876471,318.890784770705
148,-14,1529116.0519623258,1490968.4174558516,390.4192544505828
148,-13,1541601.0231743655,1602575.9851718014,476.3031399758967
148,-12,1554136.462100059,1714634.701606755,570.7529572455809
148,-11,1566726.2431587977,1827179.2015642035,670.0259008981161
149,-44,1241859.980013765,-1823389.6975755477,133.06677764034464
149,-43,1255509.852082341,-1709573.526244638,94.54192540940272
149,-42,1269084.1470463604,-1596387.5364009761,59.36332314849374
149,-41,1282588.5170482278,-1483784.599016171,72.57343935558241
149,-40,1296028.4148964628,-1371719.247159418,160.07183151756055
149,-39,1309409.1113278398,-1260147.5320613328,151.33608447836156
149,-38,1322735.710886977,-1149026.8907058004,49.9897958790663
149,-37,1336013.1665769613,-1038316.0236692677,64.15074915231973
149,-36,1349246.2934161648,-927974.7820805063,27.08509367371619
149,-35,1362439.7810205764,-817964.0627058618,4.361813631992233
149,-34,1375598.2053173352,-708245.7102787723,33.72817482039064
149,-33,1388726.039483367,-598782.4262905983,32.65054372613913
149,-32,1401827.664192831,-489537.68354472617,46.0788316275644
149,-31,1414907.3772482444,-380475.6458497953,40.7874796897887
149,-30,1427969.402662466,-271561.0922917252,85.31485348595223
149,-29,1441017.8992520564,-162759.3455800794,141.91472221648905
149,-28,1454056.968796706,-54036.2040126209,159.03558198492166
149,-27,1467090.6638143728,54642.123355784235,50.81781935399685
149,-26,1480122.994997345,163309.07871700276,66.54969423160213
149,-25,1493157.938350621,271997.8150312829,153.62860684038637
149,-24,1506199.4420706406,380741.25338391063,51.743950193972644
149,-23,1519251.4331995111,489572.1384698514,79.30208009499539
149,-22,1532317.824087348,598523.0924784483,43.59746351731537
149,-21,1545402.5186931915,707626.6676320769,24.65420491455413
149,-20,1558509.4187530945,816915.3976172699,61.63998578372399
149,-19,1571642.4298423927,926421.8481334884,137.41786250416044
149,-18,1584805.4673578467,1036178.6667737941,236.8297229388159
149,-17,1598002.4624442356,1146218.6324423004,321.4219644506994
149,-16,1611237.367889086,1256574.704505957,358.71393437283626
149,-15,1624514.1640085317,1367280.0718723796,405.0328690316029
149,-14,1637836.8645467819,1478368.2021811388,471.69749558624494
149,-13,1651209.5226113172,1589872.891292966,545.2064052951412
149,-12,1664636.2366657725,1701828.313259965,629.638211424729
149,-11,1678121.1566024334,1814269.0709596586,721.1632088651329
150,-44,1324216.9246697251,-1833599.2340804734,197.93025228113285
150,-43,1338772.020979846,-1719895.2806077886,175.39759841741463
150,-42,1353246.5281071428,-1606820.887290462,141.3257685008193
150,-41,1367646.4730294973,-1494328.9715672997,151.3300549487229
150,-40,1381977.6701716003,-1382374.1113359416,208.61970558626925
150,-39,1396245.7398118672,-1270912.4011586022,175.67142432592306
150,-38,1410456.125015125,-1159901.31998447,88.93415468464728
150,-37,1424614.1072548253,-1049299.6091094534,10.44209015247439
150,-36,1438724.8208689159,-939067.1592473882,27.323342318532443
150,-35,1452793.2664765993,-829164.9057187255,31.16097940777542
150,-34,1466824.3234686768,-719554.7308763624,41.04159609198465
150,-33,1480822.761671608,-610199.3729863835,55.09343758853341
150,-32,1494793.2522745435,-501062.3408664275,76.16656227429472
150,-31,1508740.3780991554,-392107.83365807385,24.122359088384957
150,-30,1522668.64328392,-283300.66517355555,110.52593308359228
150,-29,1536582.482447365,-174606.19231275402,138.12878778508028
150,-28,1550486.2693886107,-65990.24709484355,150.72511638203375
150,-27,1564384.3253781325,42580.9281088913,43.001763673147146
150,-26,1578280.9270869673,151140.74251774958,74.40606184982701
150,-25,1592180.3141984898,259722.31640458546,164.47596813298176
150,-24,1606086.6967433253,368358.53839590604,78.4546677883454
150,-23,1620004.262194865,477082.1209018167,20.27482262266012
150,-22,1633937.1823601741,585925.6539475822,61.72836192471771
150,-21,1647889.6200987673,694921.6576604816,86.08646861193131
150,-20,1661865.73589975,804102.6336502291,152.0894898775739
150,-19,1675869.6943461203,913501.1155079091,214.17970419273908
150,-18,1689905.6704936353,1023149.7186374535,289.51945558651914
150,-17,1703977.8561904368,1133081.189624388,381.67965783428883
150,-16,1718090.4663627045,1243328.4553391365,455.9193721850841
150,-15,1732247.7452908526,1353924.6719664813,499.3277838662829
150,-14,1746453.9729002344,1464903.2741483361,556.3875545986085
150,-13,1760713.4710899433,1576298.024424162,625.1466811049804
150,-12,1775030.6101231326,1688143.0631519188,700.2867484612694
150,-11,1789409.815102219,1800472.9590921742,783.8455749479431
151,-44,1406490.0228200692,-1844463.7768436947,271.4638656282132
151,-43,1421949.421775022,-1730879.2407136955,254.5947141309787
151,-42,1437323.2245716131,-1617923.6035447996,223.99664982333988
151,-41,1452617.8326415876,-1505549.8322241767,233.7089298367613
151,-40,1467839.4216576489,-1393712.5523539342,275.1700118517253
151,-39,1482993.9610839917,-1282367.904607883,226.94586062470037
151,-38,1498087.232161007,-1171473.4125928583,140.39405741980565
151,-37,1513124.8444981014,-1060987.860936636,97.90605600777639
151,-36,1528112.251427702,-950871.1824777491,78.3982599748076
151,-35,1543054.7642555973,-841084.3535642439,36.99161086189826
151,-34,1557957.565527299,-731589.2965820024,3.8893482064682985
151,-33,1572825.7214167858,-622348.7889311652,12.269801838939774
151,-32,1587664.193332428,-513326.3777541611,13.79002399672069
151,-31,1602477.8488248808,-404486.2997923475,13.757084020905147
151,-30,1617271.4718730457,-295793.4058121789,27.322992919051043
151,-29,1632049.772616626,-187213.08909737994,86.5826884147887
151,-28,1646817.396597233,-78711.21755197732,94.68847287894617
151,-27,1661578.9335642464,29745.9309988651,33.29428477581483
151,-26,1676338.9258966623,138191.7306864815,102.92916258116794
151,-25,1691101.8766877844,246659.26699922964,93.65497883831182
151,-24,1705872.2575358534,355181.3940224034,21.062230602642746
151,-23,1720654.5160804025,463790.7898099677,65.35500225826387
151,-22,1735453.0833212973,572520.0101595772,143.12663884825045
151,-21,1750272.380754944,681401.541044318,189.24364204214515
151,-20,1765116.8273600668,790467.8499391548,227.42076656321828
151,-19,1779990.846463636,899751.4362668355,296.74048856508045
151,-18,1794898.8725160477,1009284.8811770309,365.6788939137434
151,-17,1809845.357803387,1119100.8968632293,442.5668287365549
151,-16,1824834.7791236094,1229232.375614484,531.4895263747583
151,-15,1839871.6444526697,1339712.4387933537,597.9290891959145
151,-14,1854960.4996260696,1450574.4859270975,646.7391777320785
151,-13,1870105.9350608636,1561852.2440961332,709.5333470080863
151,-12,1885312.5925430057,1673579.8178025812,779.5055800770305
151,-11,1900585.1721048586,1785791.7395012414,855.6377500289308
152,-44,1488674.0651130266,-1855982.6379462415,348.210433433289
152,-43,1505036.7878576429,-1742524.7110821477,328.74940100306526
152,-42,1521308.9128881204,-1629694.9821644006,306.79711860062173
152,-41,1537497.2156847427,-1517446.4705065668,316.89107174556614
152,-40,1553608.2327771964,-1405733.8522882317,349.5824454463323
152,-39,1569648.2824374812,-1294513.3170718765,280.99364987661767
152,-38,1585623.4837154984,-1183742.4358114952,212.17034898974012
152,-37,1601539.7740014195,-1073380.0390763998,186.70615234067677
152,-36,1617402.9252768594,-963386.1043667807,165.5242120349756
152,-35,1633218.5591978915,-853721.6515291778,113.38969542907438
152,-34,1648992.1611365906,-744348.6453934414,70.52066679870029
152,-33,1664729.093293676,-635229.9048506283,22.244983420809582
152,-32,1680434.6069825923,-526329.0176760673,37.65650333285164
152,-31,1696113.8541747741,-417610.2604753475,62.35089415218392
152,-30,1711771.8983866372,-309038.52319471375,38.594574372477986
152,-29,1727413.7249808267,-200579.23769296013,38.56800993038679
152,-28,1743044.250947297,-92198.30992013,24.29485597501211
152,-27,1758668.334223721,16137.944709514684,49.37590094919126
152,-26,1774290.7826094395,124462.86312617094,56.34066189431051
152,-25,1789916.3623225598,232809.4939387959,4.873801148529081
152,-24,1805549.8062458057,341210.65461122367,57.522334296871904
152,-23,1821195.8219032388,449698.98677217547,137.58495792848186
152,-22,1836859.0992069622,558307.0099303375,216.2272719066601
152,-21,1852544.3180103153,667067.1738476595,286.63096165487985
152,-20,1868256.155501841,776011.909808587,319.45162958048314
152,-19,1883999.2934724062,885173.6810097365,377.8565753008039
152,-18,1899778.4254862657,994585.0322835591,446.49309094760383
152,-17,1915598.2639855414,1104278.63936024,518.0188472574819
152,-16,1931463.5473565003,1214287.3578647834,596.1196883553736
152,-15,1947379.046985205,1324644.2722403705,683.2453434185372
152,-14,1963349.574329472,1435382.7447848038,741.6177747021362
152,-13,1979379.988033662,1546536.464983941,797.3450835886921
152,-12,1995475.201112623,1658139.499324645,863.6569586319479
152,-11,2011640.1882310666,1770226.34176942,934.4413028151629
153,-44,1570763.8478356397,-1868155.0880391411,426.4306761531601
153,-43,1588028.8583182734,-1754830.954347548,406.0291632203223
153,-42,1605198.2752674394,-1642134.2778114348,389.6368902000536
153,-41,1622279.2477829512,-1530018.1331454753,400.3685778687743
153,-40,1639278.6728376,-1418437.2499765384,421.122981696945
153,-39,1656203.2171111319,-1307347.8695297546,345.4250910171058
153,-38,1673059.3370755122,-1196707.6127927916,293.14432162335544
153,-37,1689853.297525736,-1086475.3588832552,270.969703941932
153,-36,1706591.188727137,-976611.1324971298,249.1733755123386
153,-35,1723278.942330122,-867075.9994475876,197.97226650036237
153,-34,1739922.3461860078,-757831.9694167516,156.52299351068297
153,-33,1756527.0581827299,-648841.9051408162,93.78115597656853
153,-32,1773098.619206307,-540069.4373335589,50.430424416332066
153,-31,1789642.4653227422,-431478.8847267214,33.05649497799214
153,-30,1806163.9392653538,-323035.1786694345,33.67942093214859
153,-29,1822668.3013040663,-214703.79178433682,15.62182497764012
153,-28,1839160.7395658446,-106450.67022625332,2.962217306202367
153,-27,1855646.3798690613,1757.8308686277426,9.082705289629766
153,-26,1872130.295128982,109955.00911854062,39.42658975175184
153,-25,1888617.5143867312,218173.87416047847,65.45352765072232
153,-24,1905113.0315098404,326447.2047588863,103.82170578184696
153,-23,1921621.8136088285,434807.6040504437,204.46357824166986
153,-22,1938148.809211083,543287.5531958063,288.35568026565437
153,-21,1954698.9562305573,651919.4636911349,367.84754418760605
153,-20,1971277.189769464,760735.7285768851,417.27297336401455
153,-19,1987888.449786125,869768.772768048,464.0036157023387
153,-18,2004537.6886614694,979051.1027191717,530.0471678180934
153,-17,2021229.8786952721,1088615.3556281915,598.4353258570683
153,-16,2037970.0195620898,1198494.348375722,671.304058069447
153,-15,2054763.1457559778,1308721.1263907196,750.0788264676562
153,-14,2071614.3340524167,1419329.012629118,836.0698218842855
153,-13,2088528.7110154354,1530351.6568490646,889.4961786843969
153,-12,2105511.460577694,1641823.0853651399,949.7460497937627
153,-11,2122567.8317212667,1753777.751463485,1018.4192188938482
